Pos,Res,B4KM86_CIT_model1_dssp_acc_SS,B4KM86_full_model_500959_1_dssp_acc_SS,B4KM86_full_model_500959_2_dssp_acc_SS,B4KM86_full_model_500959_3_dssp_acc_SS,B4KM86_full_model_500959_4_dssp_acc_SS,B4KM86_full_model_500959_5_dssp_acc_SS,B4KM86_ranked_0_dssp_acc_SS,B4KM86_ranked_1_dssp_acc_SS,B4KM86_ranked_2_dssp_acc_SS,B4KM86_ranked_3_dssp_acc_SS,B4KM86_ranked_4_dssp_acc_SS,dssp_k,dssp_N,dssp_n1,dssp_vkabat
1,M,U,U,U,U,U,U,U,U,U,U,U,1,11,11,1.0
2,V,U,U,U,U,U,U,U,U,U,U,U,1,11,11,1.0
3,K,U,U,U,U,U,U,U,U,U,U,U,1,11,11,1.0
4,P,U,U,U,U,U,U,U,U,U,U,U,1,11,11,1.0
5,I,S,S,S,S,S,S,S,S,S,S,S,1,11,11,1.0
6,L,S,S,S,S,S,S,S,S,S,S,S,1,11,11,1.0
7,Y,S,S,S,S,S,S,S,S,S,S,S,1,11,11,1.0
8,G,S,S,S,S,S,S,S,S,S,S,S,1,11,11,1.0
9,I,U,U,U,U,U,U,U,U,U,U,U,1,11,11,1.0
10,D,O,O,O,O,O,O,O,O,O,O,O,1,11,11,1.0
11,A,O,O,O,O,O,O,O,O,O,O,O,1,11,11,1.0
12,S,U,O,O,U,O,O,U,U,U,U,U,2,11,7,3.142857142857143
13,P,H,H,H,H,H,H,H,H,H,H,H,1,11,11,1.0
14,P,H,H,H,H,H,H,H,H,H,H,H,1,11,11,1.0
15,V,H,H,H,H,H,H,H,H,H,H,H,1,11,11,1.0
16,R,H,H,H,H,H,H,H,H,H,H,H,1,11,11,1.0
17,A,H,H,H,H,H,H,H,H,H,H,H,1,11,11,1.0
18,V,H,H,H,H,H,H,H,H,H,H,H,1,11,11,1.0
19,K,H,H,H,H,H,H,H,H,H,H,H,1,11,11,1.0
20,L,H,H,H,H,H,H,H,H,H,H,H,1,11,11,1.0
21,T,H,H,H,H,H,H,H,H,H,H,H,1,11,11,1.0
22,L,H,H,H,H,H,H,H,H,H,H,H,1,11,11,1.0
23,A,H,H,H,H,H,H,H,H,H,H,H,1,11,11,1.0
24,A,H,H,H,H,H,H,H,H,H,H,H,1,11,11,1.0
25,L,H,O,O,O,O,O,O,O,O,O,O,2,11,10,2.2
26,Q,O,O,O,O,O,O,O,O,O,O,O,1,11,11,1.0
27,L,U,U,U,U,U,U,U,U,U,U,U,1,11,11,1.0
28,P,U,U,U,U,U,U,U,U,U,U,U,1,11,11,1.0
29,Y,U,U,U,U,U,U,U,U,U,U,U,1,11,11,1.0
30,D,S,S,S,S,S,S,S,S,S,S,S,1,11,11,1.0
31,Y,S,S,S,S,S,S,S,S,S,S,S,1,11,11,1.0
32,K,S,S,S,S,S,S,S,S,S,S,S,1,11,11,1.0
33,I,S,S,S,S,S,S,S,S,S,S,S,1,11,11,1.0
34,V,U,U,U,U,U,U,U,U,U,U,U,1,11,11,1.0
35,N,U,U,U,U,U,U,U,U,U,U,U,1,11,11,1.0
36,L,O,O,O,H,H,H,O,O,O,O,O,2,11,8,2.75
37,M,O,O,O,H,H,H,O,O,O,O,O,2,11,8,2.75
38,N,O,O,O,H,H,H,O,O,O,O,O,2,11,8,2.75
39,K,O,O,O,O,O,O,O,O,O,O,O,1,11,11,1.0
40,E,H,H,H,H,H,H,H,H,H,H,H,1,11,11,1.0
41,Q,H,H,H,H,H,H,H,H,H,H,H,1,11,11,1.0
42,H,H,H,H,H,H,H,H,H,H,H,H,1,11,11,1.0
43,S,H,O,O,O,O,O,O,O,O,O,O,2,11,10,2.2
44,E,H,H,H,H,H,H,H,H,H,H,H,1,11,11,1.0
45,E,H,H,H,H,H,H,H,H,H,H,H,1,11,11,1.0
46,Y,H,H,H,H,H,H,H,H,H,H,H,1,11,11,1.0
47,L,H,H,H,H,H,H,H,H,H,H,H,1,11,11,1.0
48,K,H,H,H,H,H,H,H,H,H,H,H,1,11,11,1.0
49,K,H,H,H,H,H,H,H,H,H,H,H,1,11,11,1.0
50,N,U,U,U,U,U,U,U,U,U,U,U,1,11,11,1.0
51,P,O,O,O,O,O,O,O,O,O,O,O,1,11,11,1.0
52,Q,O,O,O,O,O,O,O,O,O,O,O,1,11,11,1.0
53,H,U,U,U,U,U,U,U,U,U,U,U,1,11,11,1.0
54,T,U,U,U,U,U,U,U,U,U,U,U,1,11,11,1.0
55,V,O,O,O,O,O,O,O,O,O,O,O,1,11,11,1.0
56,P,U,U,U,U,U,U,U,U,U,U,U,1,11,11,1.0
57,L,S,S,S,S,S,S,S,S,S,S,S,1,11,11,1.0
58,L,S,S,S,S,S,S,S,S,S,S,S,1,11,11,1.0
59,E,S,S,S,S,S,S,S,S,S,S,S,1,11,11,1.0
60,D,O,S,S,S,S,S,S,S,S,S,S,2,11,10,2.2
61,G,O,O,O,O,O,O,O,O,O,O,O,1,11,11,1.0
62,D,O,O,O,O,O,O,O,O,O,O,O,1,11,11,1.0
63,A,U,S,S,S,S,S,S,S,S,S,S,2,11,10,2.2
64,N,S,S,S,S,S,S,S,S,S,S,S,1,11,11,1.0
65,I,S,S,S,S,S,S,S,S,S,S,S,1,11,11,1.0
66,A,S,U,S,S,U,U,S,S,S,S,S,2,11,8,2.75
67,D,U,U,O,O,U,U,O,O,O,O,O,2,11,7,3.142857142857143
68,S,O,H,H,H,H,H,H,H,H,H,H,2,11,10,2.2
69,H,H,H,H,H,H,H,H,H,H,H,H,1,11,11,1.0
70,A,H,H,H,H,H,H,H,H,H,H,H,1,11,11,1.0
71,I,H,H,H,H,H,H,H,H,H,H,H,1,11,11,1.0
72,M,H,H,H,H,H,H,H,H,H,H,H,1,11,11,1.0
73,A,H,H,H,H,H,H,H,H,H,H,H,1,11,11,1.0
74,Y,H,H,H,H,H,H,H,H,H,H,H,1,11,11,1.0
75,L,H,H,H,H,H,H,H,H,H,H,H,1,11,11,1.0
76,V,H,H,H,H,H,H,H,H,H,H,H,1,11,11,1.0
77,S,H,H,H,H,H,H,H,H,H,H,H,1,11,11,1.0
78,K,H,H,H,H,H,H,H,H,H,H,H,1,11,11,1.0
79,Y,H,H,H,H,H,H,H,H,H,H,H,1,11,11,1.0
80,G,U,U,U,U,U,U,U,U,U,U,U,1,11,11,1.0
81,K,O,O,O,O,O,O,O,O,O,O,O,1,11,11,1.0
82,D,O,O,O,O,O,O,O,O,O,O,O,1,11,11,1.0
83,D,U,U,O,O,U,U,O,O,O,O,O,2,11,7,3.142857142857143
84,S,O,O,O,O,O,O,O,O,O,O,O,1,11,11,1.0
85,L,O,O,O,O,O,O,O,O,O,O,O,1,11,11,1.0
86,Y,O,O,O,O,O,O,O,O,O,O,O,1,11,11,1.0
87,P,U,U,U,U,U,U,U,U,U,U,U,1,11,11,1.0
88,K,O,O,O,O,O,O,U,U,O,U,O,2,11,8,2.75
89,D,O,O,O,O,O,O,O,O,O,O,O,1,11,11,1.0
90,L,H,H,H,H,H,H,H,H,H,H,H,1,11,11,1.0
91,V,H,H,H,H,H,H,H,H,H,H,H,1,11,11,1.0
92,K,H,H,H,H,H,H,H,H,H,H,H,1,11,11,1.0
93,R,H,H,H,H,H,H,H,H,H,H,H,1,11,11,1.0
94,A,H,H,H,H,H,H,H,H,H,H,H,1,11,11,1.0
95,L,H,H,H,H,H,H,H,H,H,H,H,1,11,11,1.0
96,V,H,H,H,H,H,H,H,H,H,H,H,1,11,11,1.0
97,D,H,H,H,H,H,H,H,H,H,H,H,1,11,11,1.0
98,N,H,H,H,H,H,H,H,H,H,H,H,1,11,11,1.0
99,R,H,H,H,H,H,H,H,H,H,H,H,1,11,11,1.0
100,M,H,H,H,H,H,H,H,H,H,H,H,1,11,11,1.0
101,Y,H,H,H,H,H,H,H,H,H,H,H,1,11,11,1.0
102,F,H,H,H,H,H,H,H,H,H,H,H,1,11,11,1.0
103,E,H,H,H,H,H,H,H,H,H,H,H,1,11,11,1.0
104,S,H,H,H,H,H,H,H,H,H,H,H,1,11,11,1.0
105,G,O,H,H,H,H,H,H,H,H,H,H,2,11,10,2.2
106,V,O,H,H,H,H,H,H,H,H,H,H,2,11,10,2.2
107,V,H,H,H,H,H,H,H,H,H,H,H,1,11,11,1.0
108,F,H,H,H,H,H,H,H,H,H,H,H,1,11,11,1.0
109,A,H,H,H,H,H,H,H,H,H,H,H,1,11,11,1.0
110,N,H,H,H,H,H,H,H,H,H,H,H,1,11,11,1.0
111,A,H,H,H,H,H,H,H,H,H,H,H,1,11,11,1.0
112,L,H,H,H,H,H,H,H,H,H,H,H,1,11,11,1.0
113,R,H,H,H,H,H,H,H,H,H,H,H,1,11,11,1.0
114,S,H,H,H,H,H,H,H,H,H,H,H,1,11,11,1.0
115,L,H,H,H,H,H,H,H,H,H,H,H,1,11,11,1.0
116,A,H,H,H,H,H,H,H,H,H,H,H,1,11,11,1.0
117,K,H,H,H,H,H,H,H,H,H,H,H,1,11,11,1.0
118,M,H,H,H,H,H,H,H,H,H,H,H,1,11,11,1.0
119,I,H,H,H,H,H,H,H,H,H,H,H,1,11,11,1.0
120,L,O,H,H,H,H,H,H,H,H,H,H,2,11,10,2.2
121,F,U,H,H,H,H,O,H,H,H,H,H,3,11,9,3.6666666666666665
122,L,U,O,O,H,O,O,O,O,O,O,O,3,11,9,3.6666666666666665
123,G,O,U,U,U,U,U,U,U,U,U,U,2,11,10,2.2
124,K,O,U,U,U,U,U,U,U,U,U,U,2,11,10,2.2
125,T,U,O,O,U,U,U,U,U,U,O,U,2,11,8,2.75
126,E,U,S,S,S,S,S,S,S,S,S,S,2,11,10,2.2
127,V,U,S,S,S,U,S,S,S,S,S,S,2,11,9,2.4444444444444446
128,P,O,S,S,S,U,U,S,S,S,S,S,3,11,8,4.125
129,Q,O,H,H,H,H,H,H,H,H,H,H,2,11,10,2.2
130,E,O,H,H,H,H,H,H,H,H,H,H,2,11,10,2.2
131,R,H,H,H,H,H,H,H,H,H,H,H,1,11,11,1.0
132,I,H,H,H,H,H,H,H,H,H,H,H,1,11,11,1.0
133,D,H,H,H,H,H,H,H,H,H,H,H,1,11,11,1.0
134,A,H,H,H,H,H,H,H,H,H,H,H,1,11,11,1.0
135,I,H,H,H,H,H,H,H,H,H,H,H,1,11,11,1.0
136,T,H,H,H,H,H,H,H,H,H,H,H,1,11,11,1.0
137,E,H,H,H,H,H,H,H,H,H,H,H,1,11,11,1.0
138,A,H,H,H,H,H,H,H,H,H,H,H,1,11,11,1.0
139,Y,H,H,H,H,H,H,H,H,H,H,H,1,11,11,1.0
140,D,H,H,H,H,H,H,H,H,H,H,H,1,11,11,1.0
141,F,H,H,H,H,H,H,H,H,H,H,H,1,11,11,1.0
142,V,H,H,H,H,H,H,H,H,H,H,H,1,11,11,1.0
143,E,H,H,H,H,H,H,H,H,H,H,H,1,11,11,1.0
144,A,H,H,H,H,H,H,H,H,H,H,H,1,11,11,1.0
145,F,H,H,H,H,H,H,H,H,H,H,H,1,11,11,1.0
146,F,H,O,H,O,O,O,H,H,H,H,H,2,11,7,3.142857142857143
147,K,H,O,H,O,O,O,O,O,O,O,O,2,11,9,2.4444444444444446
148,D,H,O,H,O,O,O,O,O,O,O,O,2,11,9,2.4444444444444446
149,Q,U,U,U,U,U,U,U,U,U,U,U,1,11,11,1.0
150,T,O,O,O,O,O,O,O,O,O,O,O,1,11,11,1.0
151,Y,O,S,S,S,S,S,S,S,S,S,S,2,11,10,2.2
152,V,O,O,O,O,O,O,O,O,O,O,O,1,11,11,1.0
153,A,O,O,O,O,O,O,O,O,O,O,O,1,11,11,1.0
154,G,O,S,S,S,S,S,S,S,S,S,S,2,11,10,2.2
155,N,O,O,O,O,O,O,O,O,O,O,O,1,11,11,1.0
156,Q,O,O,O,O,O,O,O,O,O,O,O,1,11,11,1.0
157,L,U,U,U,U,U,U,U,U,U,U,U,1,11,11,1.0
158,T,U,U,U,U,U,U,U,U,U,U,U,1,11,11,1.0
159,I,O,H,H,H,H,H,H,H,H,H,H,2,11,10,2.2
160,A,H,H,H,H,H,H,H,H,H,H,H,1,11,11,1.0
161,D,H,H,H,H,H,H,H,H,H,H,H,1,11,11,1.0
162,F,H,H,H,H,H,H,H,H,H,H,H,1,11,11,1.0
163,S,H,H,H,H,H,H,H,H,H,H,H,1,11,11,1.0
164,L,H,H,H,H,H,H,H,H,H,H,H,1,11,11,1.0
165,I,H,H,H,H,H,H,H,H,H,H,H,1,11,11,1.0
166,S,H,H,H,H,H,H,H,H,H,H,H,1,11,11,1.0
167,S,H,H,H,H,H,H,H,H,H,H,H,1,11,11,1.0
168,I,H,H,H,H,H,H,H,H,H,H,H,1,11,11,1.0
169,S,H,H,H,H,H,H,H,H,H,H,H,1,11,11,1.0
170,S,H,H,H,H,H,H,H,H,H,H,H,1,11,11,1.0
171,L,H,H,H,H,H,H,H,H,H,H,H,1,11,11,1.0
172,V,H,H,H,O,O,O,O,O,O,O,O,2,11,8,2.75
173,A,H,H,H,O,O,O,O,O,O,O,O,2,11,8,2.75
174,F,H,O,O,O,O,O,O,O,O,O,O,2,11,10,2.2
175,V,U,O,O,O,O,O,O,O,O,O,O,2,11,10,2.2
176,P,U,U,U,U,U,U,U,U,U,U,U,1,11,11,1.0
177,V,U,U,U,U,U,U,U,U,U,U,U,1,11,11,1.0
178,D,O,U,U,O,U,U,U,U,U,U,U,2,11,9,2.4444444444444446
179,A,U,O,O,O,O,O,O,O,O,O,O,2,11,10,2.2
180,A,O,O,O,O,O,O,O,O,O,O,O,1,11,11,1.0
181,K,O,O,O,O,O,O,O,O,O,O,O,1,11,11,1.0
182,Y,U,U,U,O,U,U,U,U,U,U,U,2,11,10,2.2
183,P,H,H,H,H,H,H,H,H,H,H,H,1,11,11,1.0
184,K,H,H,H,H,H,H,H,H,H,H,H,1,11,11,1.0
185,L,H,H,H,H,H,H,H,H,H,H,H,1,11,11,1.0
186,S,H,H,H,H,H,H,H,H,H,H,H,1,11,11,1.0
187,A,H,H,H,H,H,H,H,H,H,H,H,1,11,11,1.0
188,W,H,H,H,H,H,H,H,H,H,H,H,1,11,11,1.0
189,I,H,H,H,H,H,H,H,H,H,H,H,1,11,11,1.0
190,K,H,H,H,H,H,H,H,H,H,H,H,1,11,11,1.0
191,R,H,H,H,H,H,H,H,H,H,H,H,1,11,11,1.0
192,L,H,H,H,H,H,H,H,H,H,H,H,1,11,11,1.0
193,E,H,H,O,O,O,O,O,O,H,H,H,2,11,6,3.6666666666666665
194,Q,O,O,O,O,O,O,O,O,O,O,O,1,11,11,1.0
195,L,O,O,O,O,O,O,O,O,O,O,O,1,11,11,1.0
196,P,H,O,O,O,O,O,O,O,O,O,O,2,11,10,2.2
197,Y,H,O,O,O,O,O,O,O,O,O,O,2,11,10,2.2
198,Y,H,H,H,H,H,H,O,O,O,O,O,2,11,6,3.6666666666666665
199,A,H,H,H,H,H,H,H,H,H,H,H,1,11,11,1.0
200,E,O,H,H,H,H,H,H,H,H,H,H,2,11,10,2.2
201,N,H,H,H,H,H,H,H,H,H,H,H,1,11,11,1.0
202,S,H,H,H,H,H,H,H,H,H,H,H,1,11,11,1.0
203,T,H,H,H,H,H,H,H,H,H,H,H,1,11,11,1.0
204,G,H,H,H,H,H,H,H,H,H,H,H,1,11,11,1.0
205,A,H,H,H,H,H,H,H,H,H,H,H,1,11,11,1.0
206,Q,H,H,H,H,H,H,H,H,H,H,H,1,11,11,1.0
207,Q,H,H,H,H,H,H,H,H,H,H,H,1,11,11,1.0
208,F,H,H,H,H,H,H,H,H,H,H,H,1,11,11,1.0
209,V,H,H,H,H,H,H,H,H,H,H,H,1,11,11,1.0
210,A,H,H,H,H,H,H,H,H,H,H,H,1,11,11,1.0
211,A,H,H,H,H,H,H,H,H,H,H,H,1,11,11,1.0
212,V,H,H,H,H,H,H,H,H,H,H,H,1,11,11,1.0
213,K,H,H,H,H,H,H,H,H,H,H,H,1,11,11,1.0
214,S,H,O,O,O,O,O,O,O,O,O,O,2,11,10,2.2
215,K,O,O,O,O,O,O,O,O,O,O,O,1,11,11,1.0
216,P,O,U,U,U,U,U,U,U,U,U,U,2,11,10,2.2
217,F,U,U,U,U,U,U,U,U,U,U,U,1,11,11,1.0
218,T,U,S,S,S,S,S,S,S,S,S,S,2,11,10,2.2
219,V,O,S,S,S,U,S,S,S,S,S,S,3,11,9,3.6666666666666665
220,V,U,S,S,S,U,U,S,S,S,S,S,2,11,8,2.75
221,G,U,U,U,U,U,U,U,U,U,U,U,1,11,11,1.0
