Pos,Res,K7QP12_CIT_model1_dssp_acc_SS,K7QP12_CIT_model2_dssp_acc_SS,K7QP12_CIT_model3_dssp_acc_SS,K7QP12_CIT_model4_dssp_acc_SS,K7QP12_CIT_model5_dssp_acc_SS,K7QP12_full_model_501155_1_dssp_acc_SS,K7QP12_full_model_501155_2_dssp_acc_SS,K7QP12_full_model_501155_3_dssp_acc_SS,K7QP12_full_model_501155_4_dssp_acc_SS,K7QP12_full_model_501155_5_dssp_acc_SS,K7QP12_IT_model1_dssp_acc_SS,K7QP12_IT_model2_dssp_acc_SS,K7QP12_IT_model3_dssp_acc_SS,K7QP12_IT_model4_dssp_acc_SS,K7QP12_IT_model5_dssp_acc_SS,K7QP12_ranked_0_dssp_acc_SS,K7QP12_ranked_1_dssp_acc_SS,K7QP12_ranked_2_dssp_acc_SS,K7QP12_ranked_3_dssp_acc_SS,K7QP12_ranked_4_dssp_acc_SS,dssp_k,dssp_N,dssp_n1,dssp_vkabat
1,M,U,U,U,U,U,U,U,U,U,U,U,U,U,U,U,U,U,U,U,U,1,20,20,1.0
2,G,O,H,H,H,H,H,H,U,U,H,U,H,H,H,H,U,U,U,U,U,3,20,11,5.454545454545454
3,K,H,H,H,H,H,H,H,H,O,H,H,H,H,H,H,U,S,S,U,S,4,20,14,5.714285714285714
4,V,H,H,H,H,H,H,H,H,O,H,H,H,H,H,H,S,S,S,S,S,3,20,14,4.285714285714286
5,I,H,H,H,H,H,H,H,H,H,H,H,H,H,H,H,S,S,S,S,S,2,20,15,2.6666666666666665
6,R,H,H,H,H,H,H,H,H,H,U,H,H,H,H,H,S,S,S,S,S,3,20,14,4.285714285714286
7,S,H,H,H,H,H,H,H,H,H,O,H,H,H,H,H,S,S,S,S,S,3,20,14,4.285714285714286
8,L,H,H,H,H,H,H,H,H,H,O,H,H,H,H,H,U,U,U,U,U,3,20,14,4.285714285714286
9,N,H,H,H,H,H,H,H,H,H,U,H,H,H,H,H,U,U,U,U,U,2,20,14,2.857142857142857
10,R,H,H,H,H,H,H,H,H,H,H,H,H,H,H,H,U,U,U,U,U,2,20,15,2.6666666666666665
11,F,H,H,H,H,H,H,H,O,H,H,H,H,H,H,H,O,O,O,O,O,2,20,14,2.857142857142857
12,G,H,H,H,H,U,H,H,U,H,H,H,H,H,H,U,O,O,O,O,O,3,20,12,5.0
13,K,H,H,H,H,O,H,H,H,H,H,H,H,H,H,O,H,H,H,H,H,2,20,18,2.2222222222222223
14,K,H,H,H,H,O,H,H,H,H,H,H,H,H,H,O,H,H,H,H,H,2,20,18,2.2222222222222223
15,V,H,H,H,O,H,H,H,H,H,H,H,H,H,O,H,H,H,H,H,H,2,20,18,2.2222222222222223
16,G,O,H,H,H,H,H,U,H,H,H,H,H,H,H,H,H,H,H,H,H,3,20,18,3.3333333333333335
17,N,O,H,H,H,H,H,H,H,H,H,H,H,H,H,H,H,H,H,H,H,2,20,19,2.1052631578947367
18,A,O,H,H,H,H,H,H,H,H,H,H,H,H,H,H,H,H,H,H,H,2,20,19,2.1052631578947367
19,L,O,H,U,O,H,H,H,H,O,H,O,H,U,O,H,H,O,H,H,H,3,20,12,5.0
20,T,U,H,U,O,O,H,H,H,U,H,U,H,U,O,O,O,O,H,O,H,3,20,8,7.5
21,S,H,H,H,O,O,O,O,O,H,H,H,H,H,O,O,O,O,O,O,O,2,20,12,3.3333333333333335
22,N,H,H,H,O,O,H,H,H,H,H,H,H,H,O,O,H,H,H,H,H,2,20,16,2.5
23,T,H,H,H,H,O,H,H,H,H,H,H,H,H,H,O,H,H,H,H,H,2,20,18,2.2222222222222223
24,A,H,H,H,H,O,H,H,H,H,H,H,H,H,H,O,H,H,H,H,H,2,20,18,2.2222222222222223
25,K,H,H,O,H,O,H,H,H,H,H,H,H,H,H,O,H,H,H,H,H,2,20,17,2.3529411764705883
26,K,H,O,O,H,O,H,H,H,H,H,H,O,O,H,O,H,H,H,H,H,2,20,14,2.857142857142857
27,I,H,U,O,H,O,H,H,H,H,H,H,U,O,H,O,H,H,H,H,H,3,20,14,4.285714285714286
28,Y,H,U,U,H,O,H,H,O,H,H,H,U,U,H,O,H,H,H,H,H,3,20,13,4.615384615384615
29,S,H,U,O,H,O,H,H,O,H,H,H,U,O,H,O,O,O,H,O,O,3,20,9,6.666666666666667
30,T,H,O,O,H,H,H,H,O,H,H,H,O,O,H,H,O,O,H,O,O,2,20,11,3.6363636363636362
31,I,H,O,H,H,H,H,H,O,H,H,H,O,H,H,H,O,O,H,O,O,2,20,13,3.076923076923077
32,G,H,U,H,H,H,H,H,U,H,H,H,U,H,H,H,U,U,O,U,U,3,20,12,5.0
33,K,H,O,H,H,H,H,H,U,H,H,H,O,H,H,H,O,O,O,O,O,3,20,12,5.0
34,A,H,H,H,H,H,H,H,H,H,H,H,H,H,H,H,O,O,O,H,O,2,20,16,2.5
35,A,H,H,H,H,H,H,H,H,H,H,H,H,H,H,H,O,O,H,H,O,2,20,17,2.3529411764705883
36,E,H,H,H,H,H,H,H,H,H,H,H,H,H,H,H,H,O,H,H,H,2,20,19,2.1052631578947367
37,R,H,H,H,H,H,H,H,H,H,H,H,H,H,H,H,H,O,H,H,H,2,20,19,2.1052631578947367
38,F,H,H,H,H,H,H,H,O,H,H,H,H,H,H,H,H,O,O,H,H,2,20,17,2.3529411764705883
39,A,H,H,H,H,H,H,H,O,H,H,H,H,H,H,O,H,O,O,H,H,2,20,16,2.5
40,E,H,H,H,H,H,H,H,O,H,H,H,H,H,H,O,O,O,O,O,O,2,20,13,3.076923076923077
41,S,H,H,H,H,O,O,O,H,O,O,H,H,H,H,O,U,U,U,O,O,3,20,9,6.666666666666667
42,E,H,H,H,U,O,H,H,H,O,O,H,H,H,U,O,H,O,O,H,H,3,20,12,5.0
43,I,H,H,H,O,O,H,H,H,O,H,H,H,H,O,O,H,O,O,H,H,2,20,13,3.076923076923077
44,G,H,H,H,O,U,H,H,H,H,H,H,H,H,U,U,H,O,O,H,H,3,20,14,4.285714285714286
45,S,H,H,H,H,H,H,H,H,H,H,H,H,H,H,H,H,H,O,H,H,2,20,19,2.1052631578947367
46,A,H,H,H,H,H,H,H,H,H,H,H,H,H,H,H,H,H,O,H,H,2,20,19,2.1052631578947367
47,A,H,H,O,H,H,H,H,H,H,H,H,H,H,H,H,H,H,O,H,H,2,20,18,2.2222222222222223
48,I,H,H,O,H,H,H,H,H,H,H,H,H,H,H,H,H,H,O,H,H,2,20,18,2.2222222222222223
49,D,H,H,O,H,H,H,H,H,H,H,H,H,O,H,H,H,H,H,H,H,2,20,18,2.2222222222222223
50,G,O,H,O,H,H,H,H,H,H,H,O,H,O,H,H,H,H,H,H,H,2,20,16,2.5
51,L,U,H,O,H,H,H,H,H,H,H,U,H,O,H,H,H,H,H,H,H,3,20,16,3.75
52,V,O,H,O,H,H,H,H,H,H,H,O,H,O,H,H,H,H,U,H,H,3,20,15,4.0
53,Q,O,H,U,H,H,H,H,H,H,H,O,H,U,H,H,H,H,O,H,H,3,20,15,4.0
54,G,O,H,U,H,H,H,H,H,H,H,H,H,U,H,H,H,H,O,H,H,3,20,16,3.75
55,S,O,H,O,O,H,H,H,H,H,H,H,H,O,O,H,H,H,O,H,H,2,20,14,2.857142857142857
56,V,O,H,O,O,H,H,H,H,H,H,H,H,O,O,H,H,H,O,H,H,2,20,14,2.857142857142857
57,H,O,H,O,O,H,H,H,H,H,H,H,H,O,O,H,H,H,H,H,H,2,20,15,2.6666666666666665
58,S,O,H,U,O,O,H,H,H,H,H,O,H,U,O,O,H,H,H,H,H,3,20,12,5.0
59,I,O,H,O,O,O,H,H,H,H,H,O,H,O,O,O,H,H,H,H,H,2,20,12,3.3333333333333335
60,I,S,H,O,O,O,H,H,H,H,H,S,H,O,O,O,H,H,H,H,H,3,20,12,5.0
61,T,O,H,O,O,U,H,O,H,H,H,O,H,O,O,U,H,H,H,H,O,3,20,10,6.0
62,G,O,H,O,U,O,O,U,O,O,O,O,H,O,U,O,U,U,U,U,U,3,20,10,6.0
63,E,O,H,O,O,O,U,O,U,O,U,O,H,O,O,O,U,U,O,O,O,3,20,13,4.615384615384615
64,S,S,H,O,H,U,U,H,U,U,U,S,H,O,H,O,U,U,U,U,U,4,20,10,8.0
65,Y,S,O,O,H,O,O,H,H,H,H,S,H,O,H,O,O,O,O,O,O,3,20,11,5.454545454545454
66,G,O,O,H,H,H,H,H,H,H,H,O,O,H,H,H,O,O,O,O,O,2,20,11,3.6363636363636362
67,E,O,U,H,H,H,H,H,H,H,H,O,U,H,H,H,O,O,O,O,O,3,20,11,5.454545454545454
68,S,H,O,H,H,H,H,H,H,H,H,H,O,H,H,H,U,O,O,O,O,3,20,13,4.615384615384615
69,V,H,H,H,H,H,H,H,H,H,H,H,H,H,H,H,U,U,U,U,U,2,20,15,2.6666666666666665
70,K,H,H,H,O,H,H,H,H,H,H,H,H,H,O,H,U,U,U,U,U,3,20,13,4.615384615384615
71,Q,H,H,H,O,H,H,H,H,H,H,H,H,H,O,H,S,S,U,S,U,4,20,13,6.153846153846154
72,A,H,H,H,O,H,H,H,H,H,H,H,H,H,O,H,S,S,S,S,S,3,20,13,4.615384615384615
73,V,H,H,H,O,H,H,H,H,H,H,H,H,H,O,H,S,S,S,S,S,3,20,13,4.615384615384615
74,L,H,H,H,H,H,H,H,H,H,H,H,H,H,H,H,S,S,S,S,S,2,20,15,2.6666666666666665
75,L,H,H,H,H,H,H,H,H,H,H,H,H,H,H,H,S,S,S,S,U,3,20,15,4.0
76,N,H,H,H,H,H,H,H,H,H,H,H,H,H,H,H,S,S,S,S,U,3,20,15,4.0
77,V,H,H,H,H,H,H,H,H,H,H,H,H,H,H,H,S,S,S,S,U,3,20,15,4.0
78,L,H,H,O,H,O,O,H,H,O,O,H,H,O,H,O,S,S,S,S,U,4,20,8,10.0
79,G,H,H,O,O,O,O,U,O,O,O,H,H,O,O,O,S,S,S,S,S,4,20,10,8.0
80,S,U,H,U,O,O,U,U,U,U,U,U,H,U,O,O,O,O,O,O,O,3,20,9,6.666666666666667
81,G,U,H,O,O,O,O,U,U,U,U,U,H,O,O,O,O,O,O,O,O,3,20,12,5.0
82,E,O,H,O,O,O,U,U,S,U,U,O,H,O,O,O,U,U,U,U,U,4,20,9,8.88888888888889
83,E,U,H,O,O,O,U,U,U,U,U,U,H,O,O,O,U,U,U,U,U,3,20,12,5.0
84,I,O,O,O,O,U,U,U,U,U,U,O,O,O,O,U,U,U,U,U,U,2,20,12,3.3333333333333335
85,P,H,H,O,O,H,U,U,U,U,U,H,H,O,O,H,U,U,U,U,U,3,20,10,6.0
86,D,H,H,O,O,H,U,U,U,U,U,H,H,O,O,H,U,U,U,U,U,3,20,10,6.0
87,P,H,H,O,O,H,O,U,O,O,O,H,H,O,O,H,O,O,O,O,O,3,20,13,4.615384615384615
88,L,H,H,U,O,H,O,O,O,O,O,H,H,U,O,H,O,O,O,O,O,3,20,12,5.0
89,S,O,H,H,O,H,U,O,U,U,U,H,H,H,O,H,U,U,U,U,U,3,20,9,6.666666666666667
90,P,O,H,H,O,H,H,H,H,H,H,H,H,H,O,H,H,H,H,H,H,2,20,17,2.3529411764705883
91,G,O,H,H,O,H,H,H,H,H,H,H,H,H,O,H,H,H,H,H,H,2,20,17,2.3529411764705883
92,E,H,H,H,O,H,H,H,H,H,H,H,H,H,O,H,H,H,H,H,H,2,20,18,2.2222222222222223
93,R,H,H,H,H,H,H,H,H,H,H,H,H,H,H,H,H,H,H,H,H,1,20,20,1.0
94,G,H,H,H,H,H,H,H,H,H,H,H,H,H,H,H,H,H,H,H,H,1,20,20,1.0
95,I,H,H,H,H,H,H,H,H,H,H,H,H,H,H,H,H,H,H,H,H,1,20,20,1.0
96,Q,H,H,H,H,H,H,H,H,H,H,H,H,H,H,H,H,H,H,H,H,1,20,20,1.0
97,A,H,H,H,H,H,H,H,H,H,H,H,H,H,H,H,H,H,H,H,H,1,20,20,1.0
98,K,H,H,H,H,H,H,H,H,H,H,H,H,H,H,H,H,H,H,H,H,1,20,20,1.0
99,L,H,H,H,H,H,H,H,H,H,H,H,H,H,H,H,H,H,H,H,H,1,20,20,1.0
100,K,H,H,H,H,O,H,H,H,H,H,H,H,H,H,O,H,H,H,H,H,2,20,18,2.2222222222222223
101,E,H,H,H,H,O,H,H,H,O,H,H,H,H,H,O,H,H,H,H,H,2,20,17,2.3529411764705883
102,L,H,H,H,H,O,H,H,H,O,H,H,H,H,H,O,H,H,H,H,H,2,20,17,2.3529411764705883
103,E,H,H,H,H,O,H,H,H,O,H,H,H,H,H,O,H,H,H,H,H,2,20,17,2.3529411764705883
104,D,H,H,H,H,O,H,H,H,H,H,H,H,H,H,O,H,H,H,H,H,2,20,18,2.2222222222222223
105,E,H,H,H,H,O,H,H,H,H,H,H,H,H,H,O,H,H,H,H,H,2,20,18,2.2222222222222223
106,Q,H,H,H,H,H,H,H,H,H,H,H,H,H,H,H,H,H,H,H,H,1,20,20,1.0
107,R,H,H,H,H,H,H,H,H,H,H,H,H,H,H,H,H,H,H,H,H,1,20,20,1.0
108,N,H,H,H,H,H,H,H,H,H,H,H,H,H,H,H,H,H,H,H,H,1,20,20,1.0
109,E,O,H,H,H,H,H,H,H,H,H,H,H,H,H,H,H,H,H,H,H,2,20,19,2.1052631578947367
110,L,O,H,H,H,O,H,H,H,H,H,U,H,H,O,O,H,H,H,H,H,3,20,15,4.0
111,V,U,H,H,U,O,H,H,H,H,H,U,H,H,U,O,H,H,H,H,H,3,20,14,4.285714285714286
112,R,H,H,O,O,H,H,H,H,H,H,H,H,O,U,H,H,H,H,H,H,3,20,16,3.75
113,L,H,H,O,O,H,H,H,H,H,H,H,H,O,H,H,H,H,H,H,H,2,20,17,2.3529411764705883
114,K,H,H,U,H,H,H,H,H,H,H,H,H,U,H,H,H,H,H,H,H,2,20,18,2.2222222222222223
115,Y,H,H,U,H,H,O,O,O,O,O,H,H,U,H,H,H,H,H,H,H,3,20,13,4.615384615384615
116,N,H,H,H,H,H,H,H,H,H,H,H,H,H,H,H,H,H,H,H,H,1,20,20,1.0
117,D,H,H,H,H,H,H,H,H,H,H,H,H,H,H,H,H,H,H,H,H,1,20,20,1.0
118,K,H,H,H,H,H,H,H,H,H,H,H,H,H,H,H,H,H,H,H,H,1,20,20,1.0
119,I,H,H,H,H,H,H,H,H,H,H,H,O,H,H,H,H,H,H,H,H,2,20,19,2.1052631578947367
120,K,H,H,H,H,H,H,H,H,H,H,H,O,H,H,H,H,H,H,H,H,2,20,19,2.1052631578947367
121,E,O,H,H,H,H,H,H,H,H,H,O,H,H,H,H,H,H,H,H,H,2,20,18,2.2222222222222223
122,K,H,H,H,H,H,H,H,H,H,H,O,H,H,H,H,H,H,H,H,H,2,20,19,2.1052631578947367
123,F,H,H,H,H,H,H,H,H,H,H,O,H,H,H,H,H,H,H,H,H,2,20,19,2.1052631578947367
124,G,H,H,O,H,H,U,U,U,U,U,H,H,H,H,H,U,U,U,U,U,3,20,10,6.0
125,K,H,H,O,H,H,O,O,O,O,H,H,H,O,H,H,O,O,O,O,O,2,20,11,3.6363636363636362
126,E,H,H,O,H,H,H,H,H,H,H,H,H,O,H,H,H,H,H,H,H,2,20,18,2.2222222222222223
127,L,H,O,O,H,H,H,H,H,H,H,H,O,O,H,H,H,H,H,H,H,2,20,16,2.5
128,E,H,U,O,O,H,H,H,H,H,H,H,U,O,H,H,H,H,H,H,H,3,20,15,4.0
129,E,H,U,O,H,H,H,H,H,H,H,H,U,H,H,H,H,H,H,H,H,3,20,17,3.5294117647058822
130,V,H,H,H,H,H,H,H,H,H,H,H,H,H,H,H,H,H,H,H,H,1,20,20,1.0
131,Y,H,H,H,H,H,H,H,H,H,H,H,H,H,H,H,H,H,H,H,H,1,20,20,1.0
132,N,H,H,H,H,H,H,H,H,H,H,H,H,H,H,H,H,H,H,H,H,1,20,20,1.0
133,F,O,H,H,H,H,H,H,H,H,H,O,H,H,H,H,H,H,H,H,H,2,20,18,2.2222222222222223
134,M,O,H,H,H,H,H,H,H,H,H,O,H,H,H,H,H,H,H,H,H,2,20,18,2.2222222222222223
135,N,O,H,H,H,H,O,H,H,H,H,O,H,H,H,H,H,H,H,H,H,2,20,17,2.3529411764705883
136,G,O,H,H,O,H,O,H,H,H,H,O,H,H,O,H,O,O,O,O,O,2,20,10,4.0
137,E,U,H,U,H,H,O,H,H,H,H,U,H,U,H,H,U,U,U,U,U,3,20,10,6.0
138,A,H,H,H,H,H,O,H,H,H,H,H,H,H,H,H,U,U,U,U,U,3,20,14,4.285714285714286
139,N,H,H,H,H,H,O,O,O,H,H,H,H,H,H,H,U,U,U,U,U,3,20,12,5.0
140,A,H,H,H,H,H,O,O,O,O,H,H,H,H,H,H,O,O,H,H,O,2,20,13,3.076923076923077
141,E,H,H,H,U,O,O,O,U,U,U,H,H,H,U,O,O,O,H,H,O,3,20,8,7.5
142,I,H,H,H,O,O,U,U,U,U,U,H,H,H,O,O,H,H,H,H,O,3,20,10,6.0
143,E,H,H,H,O,O,U,U,U,U,O,H,H,H,O,O,H,H,H,H,O,3,20,10,6.0
144,D,H,O,H,H,O,U,O,O,O,O,H,O,H,H,O,H,H,O,H,O,3,20,10,6.0
145,E,H,O,H,H,H,U,O,O,O,O,H,O,H,H,H,O,O,O,O,O,3,20,11,5.454545454545454
146,K,H,O,H,H,H,U,U,U,U,U,H,O,H,H,H,U,U,U,U,U,3,20,10,6.0
147,Q,H,O,H,H,H,H,H,H,H,H,H,O,H,H,H,H,H,H,H,H,2,20,18,2.2222222222222223
148,F,H,O,H,H,H,H,H,H,H,H,H,O,H,H,H,H,H,H,H,H,2,20,18,2.2222222222222223
149,D,H,O,H,H,H,H,H,H,H,H,H,O,H,H,H,H,H,H,H,H,2,20,18,2.2222222222222223
150,I,H,U,H,H,H,H,H,H,H,H,H,U,H,H,H,H,H,H,H,H,2,20,18,2.2222222222222223
151,L,H,U,H,H,H,H,H,H,H,H,H,U,H,H,H,H,H,H,H,H,2,20,18,2.2222222222222223
152,N,H,H,H,H,H,H,H,H,H,H,H,H,H,H,H,H,H,H,H,H,1,20,20,1.0
153,K,H,H,H,H,H,H,H,H,H,H,H,H,H,H,H,H,H,H,H,H,1,20,20,1.0
154,A,H,H,H,H,H,H,H,H,H,H,H,H,H,H,H,H,H,H,H,H,1,20,20,1.0
155,V,H,H,H,H,H,H,H,H,H,H,H,H,H,H,H,H,H,H,H,H,1,20,20,1.0
156,T,H,H,H,H,H,H,H,H,H,H,H,H,H,H,H,H,H,H,H,H,1,20,20,1.0
157,S,H,H,O,H,H,H,H,H,H,H,H,H,O,H,H,H,H,H,H,H,2,20,18,2.2222222222222223
158,Y,H,H,O,H,H,H,H,H,H,H,H,H,H,H,H,H,H,H,H,H,2,20,19,2.1052631578947367
159,N,H,H,H,H,H,H,H,H,H,H,H,H,H,H,H,H,H,H,H,H,1,20,20,1.0
160,K,H,H,H,H,H,H,H,H,H,H,H,H,H,H,H,H,H,H,H,H,1,20,20,1.0
161,I,H,H,H,H,H,H,H,H,H,H,H,H,H,H,H,H,H,H,H,H,1,20,20,1.0
162,L,H,H,H,H,H,H,H,H,H,H,H,H,H,H,H,H,H,H,H,H,1,20,20,1.0
163,T,S,H,H,H,H,H,H,H,H,H,S,H,H,H,H,H,H,H,H,H,2,20,18,2.2222222222222223
164,E,O,H,H,H,H,H,H,H,H,H,O,H,H,H,O,H,H,H,H,H,2,20,17,2.3529411764705883
165,E,O,H,O,O,O,H,H,H,H,H,O,H,O,O,O,H,H,H,H,H,2,20,12,3.3333333333333335
166,D,S,H,O,O,O,H,H,H,H,H,S,H,O,O,O,H,H,H,H,H,3,20,12,5.0
167,L,U,H,O,H,O,H,H,H,H,H,U,H,O,H,O,H,H,H,H,H,3,20,14,4.285714285714286
168,Q,O,H,U,H,O,H,H,H,H,H,O,H,U,H,O,H,H,H,H,H,3,20,14,4.285714285714286
169,M,O,H,O,H,O,H,H,H,H,H,O,H,O,H,O,H,H,H,H,H,2,20,14,2.857142857142857
170,R,O,H,H,H,U,H,H,H,H,H,H,H,H,H,U,H,H,H,H,H,3,20,17,3.5294117647058822
171,R,O,H,H,H,H,H,H,H,H,H,H,H,H,H,H,H,H,H,H,H,2,20,19,2.1052631578947367
172,L,O,H,H,H,H,H,H,H,H,H,H,H,H,H,H,H,H,H,H,H,2,20,19,2.1052631578947367
173,A,O,H,H,H,H,H,H,H,H,H,H,H,H,H,H,H,H,H,H,H,2,20,19,2.1052631578947367
174,T,H,H,H,H,H,H,H,H,H,H,H,H,H,H,H,H,H,H,H,H,1,20,20,1.0
175,A,H,H,H,H,H,H,H,H,H,H,H,H,H,H,H,H,H,H,H,H,1,20,20,1.0
176,L,H,H,H,H,H,H,H,H,H,H,H,H,H,H,H,H,H,H,H,H,1,20,20,1.0
177,Q,H,H,H,H,H,H,H,H,H,H,H,H,H,H,H,H,H,H,H,H,1,20,20,1.0
178,K,H,U,H,H,H,H,H,H,H,H,H,U,H,H,H,O,O,O,O,O,3,20,13,4.615384615384615
179,E,H,O,H,H,O,H,H,H,H,H,H,O,H,H,O,U,U,U,U,U,3,20,11,5.454545454545454
180,I,H,H,H,H,O,H,H,H,O,H,H,H,H,H,O,H,H,H,H,H,2,20,17,2.3529411764705883
181,G,H,H,H,O,O,H,H,H,O,H,H,H,H,O,O,H,H,H,H,H,2,20,15,2.6666666666666665
182,E,H,H,H,O,O,H,O,H,O,H,H,H,H,O,O,H,H,H,H,H,2,20,14,2.857142857142857
183,R,O,H,H,O,H,U,U,U,U,U,H,H,H,O,H,U,U,U,U,U,3,20,10,6.0
184,T,O,H,H,U,H,U,U,U,U,U,H,H,H,U,H,U,U,U,U,U,3,20,12,5.0
185,H,H,H,H,O,H,H,H,H,H,O,H,H,H,O,H,H,H,H,H,H,2,20,17,2.3529411764705883
186,A,H,H,H,H,H,H,H,H,H,H,H,H,H,O,H,H,H,H,H,H,2,20,19,2.1052631578947367
187,E,H,H,H,H,H,H,H,H,H,H,H,H,H,O,H,H,H,H,H,H,2,20,19,2.1052631578947367
188,T,H,H,H,H,H,H,H,H,H,H,H,H,H,H,H,H,H,H,H,H,1,20,20,1.0
189,V,H,H,H,H,H,H,H,H,H,H,H,H,H,H,H,H,H,H,H,H,1,20,20,1.0
190,M,O,H,H,H,U,H,H,H,H,H,O,H,H,H,U,H,H,H,H,H,3,20,16,3.75
191,V,O,H,H,H,O,H,H,H,H,H,O,H,H,H,O,H,H,H,H,H,2,20,16,2.5
192,K,O,H,H,H,O,H,H,H,H,H,O,H,H,O,O,H,H,H,H,H,2,20,15,2.6666666666666665
193,E,O,H,U,H,H,H,H,H,H,H,O,O,U,O,H,H,H,H,H,H,3,20,14,4.285714285714286
194,Y,U,O,U,O,H,H,H,H,H,H,U,O,U,O,H,H,H,H,H,H,3,20,12,5.0
195,R,O,O,O,O,H,H,H,H,H,H,H,O,O,O,H,H,H,H,H,H,2,20,13,3.076923076923077
196,D,H,O,O,O,H,H,H,H,H,H,H,O,O,O,H,H,H,H,H,H,2,20,14,2.857142857142857
197,K,H,O,O,O,H,H,H,H,H,H,H,O,O,O,H,H,H,H,H,H,2,20,14,2.857142857142857
198,I,H,U,H,H,H,H,H,H,H,H,H,U,H,H,H,H,H,H,H,H,2,20,18,2.2222222222222223
199,D,H,U,H,H,H,H,H,H,H,H,H,U,H,H,H,H,H,H,H,H,2,20,18,2.2222222222222223
200,A,H,U,H,H,H,H,H,H,H,H,H,U,H,H,H,H,H,H,H,H,2,20,18,2.2222222222222223
201,L,H,U,H,H,H,H,H,H,H,H,H,U,H,H,H,H,H,H,H,H,2,20,18,2.2222222222222223
202,K,H,U,H,H,H,H,H,H,H,H,H,U,H,H,H,H,H,H,H,H,2,20,18,2.2222222222222223
203,N,H,H,H,H,O,H,H,H,H,H,H,H,H,H,O,H,H,H,H,H,2,20,18,2.2222222222222223
204,A,H,H,H,H,H,H,H,H,H,H,H,H,H,H,H,H,H,H,H,H,1,20,20,1.0
205,I,H,H,H,H,H,H,H,H,H,H,H,H,H,H,H,H,H,H,H,H,1,20,20,1.0
206,E,H,H,H,O,H,H,H,H,H,H,H,H,H,O,H,H,H,H,H,H,2,20,18,2.2222222222222223
207,V,H,H,H,O,H,H,H,H,H,H,H,H,H,O,H,H,H,H,H,H,2,20,18,2.2222222222222223
208,E,H,H,H,O,H,H,H,H,H,H,H,H,H,O,H,H,H,H,H,H,2,20,18,2.2222222222222223
209,R,H,H,H,U,H,H,H,H,H,H,H,H,H,U,H,H,H,H,H,H,2,20,18,2.2222222222222223
210,D,H,H,H,H,H,H,H,H,H,H,H,H,H,H,H,H,H,H,H,H,1,20,20,1.0
211,G,H,O,H,H,H,O,H,H,H,H,H,H,H,H,H,O,H,H,H,H,2,20,17,2.3529411764705883
212,M,H,O,H,H,H,O,H,H,O,U,H,O,H,H,H,U,U,U,U,U,3,20,10,6.0
213,Q,H,O,H,H,H,O,H,H,U,O,H,O,H,H,H,U,U,U,U,U,3,20,10,6.0
214,E,H,H,H,H,H,O,H,H,O,H,H,H,H,H,H,O,O,U,U,O,3,20,13,4.615384615384615
215,E,H,H,H,H,U,O,U,H,O,H,H,H,H,H,U,U,U,U,U,U,3,20,10,6.0
216,A,H,H,H,H,O,O,O,H,H,H,H,H,H,H,O,O,O,O,O,O,2,20,11,3.6363636363636362
217,I,H,H,H,H,H,O,O,H,H,H,H,H,H,H,O,S,S,S,O,S,3,20,12,5.0
218,Q,H,H,H,H,H,U,U,H,H,O,H,H,H,H,H,S,S,S,S,S,4,20,12,6.666666666666667
219,E,H,H,H,H,H,U,U,H,H,O,H,H,H,H,H,S,S,S,S,S,4,20,12,6.666666666666667
220,I,H,O,H,H,H,H,U,H,H,O,H,O,H,H,H,S,S,S,S,U,4,20,11,7.2727272727272725
221,A,H,U,H,H,H,H,U,H,H,H,H,U,H,H,H,S,S,S,S,U,3,20,12,5.0
222,G,H,U,H,H,H,H,U,H,H,H,H,U,H,H,H,S,S,S,S,U,3,20,12,5.0
223,M,O,U,U,H,H,H,O,U,H,H,O,U,U,H,H,S,S,S,S,S,4,20,7,11.428571428571429
224,T,U,U,U,H,H,H,O,U,H,H,U,U,U,H,H,U,U,U,U,U,3,20,12,5.0
225,A,H,H,H,H,H,H,O,U,H,H,H,H,H,H,H,H,H,H,H,H,3,20,18,3.3333333333333335
226,D,H,H,H,H,H,H,O,S,H,H,H,H,H,H,H,H,H,H,H,H,3,20,18,3.3333333333333335
227,V,H,H,H,H,H,H,O,U,H,H,H,H,H,H,H,H,H,H,H,H,3,20,18,3.3333333333333335
228,L,H,H,H,H,H,H,O,H,H,H,H,H,H,H,H,H,H,H,H,H,2,20,19,2.1052631578947367
229,E,H,H,H,H,H,H,O,H,H,H,H,H,H,H,H,H,H,H,H,H,2,20,19,2.1052631578947367
230,A,H,H,H,H,H,H,U,H,H,H,H,H,H,H,H,H,H,H,H,H,2,20,19,2.1052631578947367
231,A,H,H,H,H,H,H,O,H,H,H,H,H,H,H,H,H,H,H,H,H,2,20,19,2.1052631578947367
232,S,H,H,H,H,H,H,O,H,O,H,H,H,H,H,H,O,H,O,O,O,2,20,14,2.857142857142857
233,E,H,H,H,H,H,H,O,H,O,H,H,H,H,H,H,U,U,U,U,U,3,20,13,4.615384615384615
234,E,O,H,H,H,H,H,U,H,O,H,H,H,H,H,H,O,O,O,O,O,3,20,12,5.0
235,V,H,O,H,U,U,O,U,O,O,O,H,O,H,U,U,O,O,O,O,O,3,20,11,5.454545454545454
236,P,H,H,H,H,O,U,H,O,O,O,H,H,H,H,O,U,U,U,U,U,3,20,9,6.666666666666667
237,L,H,H,H,H,O,U,H,U,H,O,H,H,H,H,O,O,O,O,O,O,3,20,10,6.0
238,I,H,H,H,H,H,O,H,O,H,O,H,H,H,H,H,S,S,S,S,S,3,20,12,5.0
239,G,H,H,H,H,H,O,U,O,H,H,H,H,H,H,H,U,O,O,O,O,3,20,12,5.0
240,A,H,H,H,H,H,O,U,H,O,H,H,H,H,H,H,O,U,U,U,U,3,20,12,5.0
241,G,H,H,H,H,H,O,O,H,O,H,H,H,H,O,H,O,O,O,O,O,2,20,11,3.6363636363636362
242,M,H,H,H,H,H,H,O,H,O,O,H,H,H,O,H,U,O,O,O,O,3,20,11,5.454545454545454
243,A,H,H,H,O,H,H,U,H,O,O,H,H,H,O,H,O,O,O,O,O,3,20,10,6.0
244,T,H,H,H,O,H,H,U,O,O,O,H,H,H,O,H,O,O,O,O,O,3,20,10,6.0
245,A,H,H,H,O,H,H,O,O,O,O,O,H,H,O,H,U,U,U,U,O,3,20,8,7.5
246,V,H,H,H,O,O,H,O,H,O,O,O,H,H,O,O,U,U,U,U,U,3,20,8,7.5
247,A,O,H,O,O,O,O,O,H,O,U,O,H,O,O,O,S,S,S,S,S,4,20,11,7.2727272727272725
248,T,O,H,O,O,U,O,O,H,H,O,O,H,O,O,U,U,U,U,U,U,3,20,9,6.666666666666667
249,G,O,H,O,O,H,U,U,H,H,O,U,H,O,O,H,H,H,H,H,H,3,20,11,5.454545454545454
250,R,O,H,O,O,H,H,H,H,H,O,O,H,O,O,H,H,H,H,H,H,2,20,13,3.076923076923077
251,A,U,H,U,O,H,H,H,H,H,H,U,H,H,O,H,H,H,H,H,H,3,20,15,4.0
252,I,H,H,H,U,H,H,H,H,H,H,H,H,H,U,H,H,H,H,H,H,2,20,18,2.2222222222222223
253,E,H,H,H,O,O,H,H,H,H,H,H,H,H,O,O,H,H,H,H,H,2,20,16,2.5
254,G,H,O,H,O,O,H,H,O,H,H,H,O,H,O,O,H,H,H,H,H,2,20,13,3.076923076923077
255,A,H,O,H,O,U,H,H,O,H,H,H,O,H,O,U,H,H,H,H,H,3,20,13,4.615384615384615
256,Y,H,O,H,U,S,H,H,O,H,H,H,O,H,O,O,O,O,O,O,O,4,20,10,8.0
257,K,H,O,H,O,H,H,H,O,H,H,H,O,H,O,H,O,O,O,O,O,2,20,10,4.0
258,L,H,H,H,O,H,H,H,H,H,H,H,H,H,O,H,H,H,H,H,H,2,20,18,2.2222222222222223
259,K,H,H,H,O,H,H,H,H,H,H,H,H,H,O,H,H,H,H,H,H,2,20,18,2.2222222222222223
260,K,H,H,H,O,H,H,H,H,H,H,H,H,H,O,H,H,H,H,H,H,2,20,18,2.2222222222222223
261,V,H,H,H,O,O,H,H,H,H,H,H,H,H,O,O,H,H,H,H,H,2,20,16,2.5
262,I,H,H,H,O,O,H,H,H,H,H,H,H,H,O,H,H,H,H,H,H,2,20,17,2.3529411764705883
263,N,H,H,H,O,O,H,H,H,H,H,H,H,H,O,H,H,H,H,H,H,2,20,17,2.3529411764705883
264,A,H,H,H,O,O,H,H,H,H,H,H,H,H,O,H,H,H,H,H,H,2,20,17,2.3529411764705883
265,L,H,H,O,O,O,H,H,H,H,H,H,H,O,O,H,H,H,H,H,H,2,20,15,2.6666666666666665
266,S,H,H,U,U,U,H,O,H,H,H,H,H,U,U,U,H,H,H,H,H,3,20,13,4.615384615384615
267,G,H,O,U,O,U,U,O,U,U,U,H,H,U,O,U,U,U,U,U,U,3,20,13,4.615384615384615
268,I,H,O,O,O,O,U,U,U,U,U,H,O,O,O,O,U,U,U,U,U,3,20,10,6.0
269,D,H,O,O,U,O,U,U,U,U,U,H,O,O,U,O,U,U,U,U,U,3,20,12,5.0
270,L,H,O,O,U,H,H,H,H,H,H,H,O,O,U,H,U,U,U,U,U,3,20,9,6.666666666666667
271,T,H,H,U,U,H,H,H,H,H,H,H,H,U,U,H,O,O,O,O,O,3,20,11,5.454545454545454
272,H,O,H,O,O,H,H,H,H,H,H,O,H,O,O,H,O,O,O,O,O,2,20,11,3.6363636363636362
273,L,O,H,U,O,O,O,U,O,U,H,O,H,U,O,O,U,U,U,U,U,3,20,9,6.666666666666667
274,R,O,H,U,O,O,U,U,U,U,U,O,H,U,O,O,U,U,U,U,U,3,20,12,5.0
275,T,U,H,O,U,U,U,U,U,U,U,U,H,O,U,U,U,U,U,U,U,3,20,16,3.75
276,P,O,H,O,O,O,U,U,U,U,U,O,H,O,O,O,U,U,U,U,U,3,20,10,6.0
277,K,O,H,U,O,O,U,U,U,U,U,O,H,U,O,O,O,O,O,O,O,3,20,11,5.454545454545454
278,I,H,H,U,U,O,O,U,O,O,U,H,H,U,U,O,O,O,O,O,O,3,20,10,6.0
279,E,H,H,U,U,U,U,U,U,U,U,H,O,U,U,U,U,U,U,U,U,3,20,16,3.75
280,P,H,H,H,O,H,H,H,H,H,H,H,H,H,O,H,H,H,H,H,H,2,20,18,2.2222222222222223
281,S,H,H,H,U,H,H,H,H,H,H,H,H,H,U,H,H,H,H,H,H,2,20,18,2.2222222222222223
282,V,H,H,H,H,H,H,H,H,H,H,H,H,H,H,H,H,H,H,H,H,1,20,20,1.0
283,V,H,H,H,H,H,H,H,H,H,H,H,H,H,H,H,H,H,H,H,H,1,20,20,1.0
284,S,H,U,H,H,H,H,H,H,H,H,H,U,H,H,H,H,H,H,H,H,2,20,18,2.2222222222222223
285,T,H,O,H,H,O,H,H,H,H,H,H,O,H,H,O,H,H,H,H,H,2,20,16,2.5
286,I,H,O,H,H,O,H,H,H,H,H,H,O,H,H,O,H,H,H,H,H,2,20,16,2.5
287,L,H,O,H,O,O,H,H,H,H,H,H,O,H,O,O,H,H,H,H,H,2,20,14,2.857142857142857
288,E,H,U,H,O,O,H,O,H,H,H,H,U,H,O,O,H,H,H,H,H,3,20,13,4.615384615384615
289,Y,H,H,U,H,U,O,O,O,O,O,H,H,U,H,U,O,O,O,O,O,3,20,10,6.0
290,R,H,H,O,H,O,O,O,O,O,O,H,H,O,H,O,O,O,O,O,O,2,20,14,2.857142857142857
291,A,O,H,O,H,O,O,O,O,O,O,O,H,O,H,O,O,O,O,O,O,2,20,16,2.5
292,K,O,H,O,U,O,O,O,O,O,O,O,H,O,U,O,O,O,O,O,O,3,20,16,3.75
293,E,O,H,U,O,U,U,U,U,U,U,O,H,U,O,U,U,U,U,U,U,3,20,14,4.285714285714286
294,I,O,O,O,U,U,U,U,U,U,U,O,H,U,U,U,U,U,U,U,U,3,20,15,4.0
295,P,U,O,U,U,U,U,U,U,U,U,U,H,U,U,U,U,U,U,U,U,3,20,18,3.3333333333333335
296,D,U,O,O,H,O,H,H,H,H,H,U,H,O,O,O,H,H,H,H,H,3,20,12,5.0
297,N,U,O,O,H,O,H,H,H,H,H,U,H,O,H,O,H,H,H,H,H,3,20,13,4.615384615384615
298,A,H,O,O,H,H,H,H,H,H,H,H,H,O,H,H,H,H,H,H,H,2,20,17,2.3529411764705883
299,L,H,H,U,H,H,H,H,H,H,H,H,H,U,H,H,H,H,H,H,H,2,20,18,2.2222222222222223
300,A,H,H,H,H,H,H,H,H,H,H,H,H,H,H,H,H,H,H,H,H,1,20,20,1.0
301,V,H,H,H,H,H,H,H,H,H,H,H,H,H,H,H,H,H,H,H,H,1,20,20,1.0
302,S,H,H,H,H,H,H,H,H,H,H,H,H,H,H,H,H,H,H,H,H,1,20,20,1.0
303,V,H,H,H,H,H,H,H,H,H,H,H,H,H,H,H,H,H,H,H,H,1,20,20,1.0
304,L,H,H,H,H,H,H,H,H,H,H,H,H,H,H,H,H,H,H,H,H,1,20,20,1.0
305,S,H,H,H,O,H,H,H,H,H,H,H,H,H,O,H,H,H,H,H,H,2,20,18,2.2222222222222223
306,K,H,H,H,O,H,H,H,H,H,H,H,H,H,O,H,H,H,H,H,H,2,20,18,2.2222222222222223
307,N,H,H,H,O,H,H,H,H,H,H,H,H,H,O,H,H,H,H,H,H,2,20,18,2.2222222222222223
308,R,H,H,H,U,H,H,H,H,H,H,H,H,H,U,H,H,H,H,H,H,2,20,18,2.2222222222222223
309,A,H,H,H,U,H,H,H,H,H,H,H,H,H,U,H,H,H,H,H,H,2,20,18,2.2222222222222223
310,I,H,H,H,U,H,H,H,H,H,H,H,H,H,O,H,H,H,H,H,H,3,20,18,3.3333333333333335
311,Q,H,H,O,O,H,H,H,H,H,H,H,H,O,O,H,H,H,H,H,H,2,20,16,2.5
312,E,H,H,O,H,H,H,H,H,H,H,H,H,O,H,H,H,H,H,H,H,2,20,18,2.2222222222222223
313,N,H,H,O,H,H,H,H,H,H,H,H,H,O,H,H,H,H,H,H,H,2,20,18,2.2222222222222223
314,H,H,H,U,H,H,H,H,H,H,H,H,H,U,H,H,H,H,H,H,H,2,20,18,2.2222222222222223
315,K,H,H,O,H,H,H,H,H,H,H,H,H,O,H,H,H,H,H,H,H,2,20,18,2.2222222222222223
316,E,H,H,H,H,H,H,H,H,H,H,H,H,H,H,H,H,H,H,H,H,1,20,20,1.0
317,L,H,H,H,H,H,H,H,H,H,H,H,H,H,H,H,H,H,H,H,H,1,20,20,1.0
318,M,H,O,H,H,H,H,H,H,H,H,H,O,H,H,H,H,H,H,H,H,2,20,18,2.2222222222222223
319,H,H,O,H,H,H,H,H,H,H,H,H,O,H,H,H,H,H,H,H,H,2,20,18,2.2222222222222223
320,I,H,U,H,H,H,H,H,H,H,H,H,U,H,H,H,H,H,H,H,H,2,20,18,2.2222222222222223
321,K,U,U,H,H,H,H,H,H,H,H,U,U,H,H,O,H,H,H,H,H,3,20,15,4.0
322,N,O,U,H,H,H,H,H,H,H,H,O,O,H,H,O,H,H,H,H,H,3,20,15,4.0
323,E,U,O,H,H,H,H,H,H,H,H,U,O,H,H,O,H,H,H,H,H,3,20,15,4.0
324,I,O,U,H,O,H,H,H,H,H,H,O,U,H,O,H,H,H,H,H,H,3,20,14,4.285714285714286
325,L,H,H,H,O,H,H,H,H,H,H,H,H,H,O,H,H,H,H,H,H,2,20,18,2.2222222222222223
326,P,H,H,H,H,H,H,H,H,H,H,H,H,H,H,H,H,H,H,H,H,1,20,20,1.0
327,R,H,H,H,H,H,H,H,H,H,H,H,H,H,H,H,H,H,H,H,H,1,20,20,1.0
328,F,H,H,H,H,U,H,H,H,H,H,H,H,H,H,O,H,H,H,H,H,3,20,18,3.3333333333333335
329,K,H,H,H,H,H,H,H,H,H,H,H,H,H,H,H,H,H,H,H,H,1,20,20,1.0
330,K,H,H,H,H,H,H,H,H,H,H,H,H,H,H,H,H,H,H,H,H,1,20,20,1.0
331,A,H,H,H,H,H,H,H,H,H,H,H,H,H,H,H,H,H,H,H,H,1,20,20,1.0
332,M,H,H,H,H,H,H,H,H,H,H,H,H,H,H,H,H,H,H,H,H,1,20,20,1.0
333,D,H,H,H,H,H,H,H,H,H,H,H,H,H,H,H,H,H,H,H,H,1,20,20,1.0
334,E,H,H,H,H,H,H,H,H,H,H,H,H,H,H,H,H,H,H,H,H,1,20,20,1.0
335,E,H,H,H,H,H,H,H,H,H,H,H,H,H,H,H,H,H,H,H,H,1,20,20,1.0
336,K,H,H,H,H,H,H,H,H,H,H,H,H,H,H,H,H,H,H,H,H,1,20,20,1.0
337,E,H,H,H,H,O,H,H,H,H,H,H,H,H,H,O,H,H,H,H,H,2,20,18,2.2222222222222223
338,I,H,H,H,H,H,H,H,H,H,H,H,H,H,H,H,H,H,H,H,H,1,20,20,1.0
339,C,H,H,O,H,H,H,H,H,O,H,H,H,O,H,H,H,H,H,H,H,2,20,17,2.3529411764705883
340,G,H,H,U,U,H,O,O,O,O,O,H,H,U,U,H,O,O,O,O,U,3,20,9,6.666666666666667
341,I,H,H,O,O,O,U,U,U,U,U,H,H,O,O,O,U,U,U,U,U,3,20,10,6.0
342,E,H,H,O,U,O,U,U,U,U,U,H,H,O,U,O,U,U,U,U,U,3,20,12,5.0
343,D,H,H,O,O,O,O,O,O,O,O,H,H,O,O,O,O,O,O,O,O,2,20,16,2.5
344,K,H,H,O,O,O,O,U,O,O,O,H,H,O,O,O,O,O,O,O,O,3,20,15,4.0
345,V,O,H,O,O,O,U,U,U,U,U,O,H,O,O,O,U,O,O,O,U,3,20,11,5.454545454545454
346,I,O,H,H,H,U,U,U,U,U,U,O,H,H,H,U,U,U,U,U,U,3,20,12,5.0
347,H,U,O,H,H,U,U,U,U,U,U,U,O,H,H,U,U,U,U,U,U,3,20,14,4.285714285714286
348,P,O,H,H,H,H,H,H,H,H,H,O,H,H,H,H,H,H,H,H,H,2,20,18,2.2222222222222223
349,K,O,H,H,H,H,H,H,H,H,H,O,H,H,H,H,H,H,H,H,H,2,20,18,2.2222222222222223
350,V,O,H,H,H,H,H,H,H,H,H,O,H,H,H,H,H,H,H,H,H,2,20,18,2.2222222222222223
351,M,O,H,H,H,H,H,H,H,H,H,O,H,H,H,H,H,H,H,H,H,2,20,18,2.2222222222222223
352,M,O,H,H,H,H,H,H,H,H,H,O,H,H,H,H,H,H,H,H,H,2,20,18,2.2222222222222223
353,K,O,H,O,H,H,H,H,H,H,H,O,H,O,H,H,H,H,H,H,H,2,20,16,2.5
354,F,O,H,O,H,U,O,O,O,O,O,O,H,O,H,U,H,H,H,H,H,3,20,9,6.666666666666667
355,K,O,H,U,O,O,U,U,U,U,U,O,H,U,O,O,U,U,U,U,U,3,20,12,5.0
356,I,U,O,O,O,O,U,U,U,U,U,U,H,O,O,O,U,U,U,U,U,3,20,12,5.0
357,P,O,O,O,O,U,U,U,U,U,U,O,H,O,O,U,U,U,U,U,U,3,20,12,5.0
358,R,O,O,O,O,O,O,O,O,H,H,O,H,O,O,O,H,H,H,H,H,2,20,12,3.3333333333333335
359,A,O,O,O,O,O,O,O,O,H,H,O,O,O,O,O,H,H,H,H,H,2,20,13,3.076923076923077
360,Q,U,O,O,O,O,O,O,O,H,H,U,O,O,O,O,H,H,H,H,H,3,20,11,5.454545454545454
361,Q,U,O,O,O,U,O,O,O,O,O,U,O,O,O,U,O,O,O,O,O,2,20,16,2.5
362,P,O,O,O,O,O,O,O,O,O,O,O,O,O,O,U,O,O,O,O,O,2,20,19,2.1052631578947367
363,Q,O,O,O,S,U,S,S,S,S,S,O,O,O,S,U,O,O,O,O,O,3,20,11,5.454545454545454
364,I,U,O,O,U,U,S,S,S,S,S,U,O,O,S,U,S,S,S,S,S,3,20,11,5.454545454545454
365,H,O,U,U,O,U,S,S,S,S,S,O,U,U,U,U,S,S,S,S,S,3,20,10,6.0
366,V,U,U,U,U,U,S,S,S,S,S,U,U,U,U,U,S,S,S,S,S,2,20,10,4.0
367,Y,O,O,U,U,U,S,S,S,S,S,O,O,U,O,U,S,S,S,S,S,3,20,10,6.0
368,S,O,O,S,U,U,S,S,S,S,S,O,O,S,U,U,S,S,S,S,S,3,20,12,5.0
369,A,O,S,U,U,U,U,U,U,U,U,O,U,U,U,U,U,U,U,U,U,3,20,17,3.5294117647058822
370,P,O,O,O,O,O,O,O,O,O,O,O,O,O,O,O,O,O,O,O,O,1,20,20,1.0
371,W,O,O,O,O,O,O,O,O,O,O,O,O,O,O,O,O,O,O,O,O,1,20,20,1.0
372,D,O,O,O,O,O,O,O,U,U,U,O,O,O,O,O,O,O,O,O,O,2,20,17,2.3529411764705883
373,S,O,S,O,U,O,U,U,U,U,U,O,O,O,U,O,O,O,O,O,O,3,20,12,5.0
374,D,O,O,O,O,O,O,O,O,O,O,O,O,O,O,O,O,O,O,O,O,1,20,20,1.0
375,D,U,O,U,O,O,O,O,O,O,O,U,O,U,O,O,O,O,O,O,O,2,20,16,2.5
376,V,U,O,S,U,S,S,S,S,S,S,U,O,S,U,S,S,S,S,S,S,3,20,14,4.285714285714286
377,F,O,O,U,U,U,S,S,S,S,S,O,U,U,U,U,S,S,S,S,S,3,20,10,6.0
378,F,O,O,U,U,U,S,S,S,S,S,O,O,U,U,U,S,S,S,S,S,3,20,10,6.0
379,F,U,O,U,U,S,S,S,S,S,S,U,O,U,U,U,S,S,S,S,S,3,20,11,5.454545454545454
380,H,S,O,U,U,U,S,S,S,S,S,U,O,U,S,S,S,S,S,S,S,3,20,13,4.615384615384615
381,C,U,O,S,S,U,S,S,S,S,S,U,O,S,S,S,S,S,S,S,S,3,20,15,4.0
382,I,O,U,U,U,O,S,S,S,S,S,O,U,U,U,O,S,S,S,S,S,3,20,10,6.0
383,S,O,U,O,U,O,U,U,U,U,U,O,U,O,U,O,U,U,U,U,U,2,20,14,2.857142857142857
384,H,O,U,O,U,U,U,U,U,U,U,O,S,O,U,U,U,U,U,U,U,3,20,15,4.0
385,H,O,U,U,O,O,O,O,O,O,O,O,U,U,O,O,O,O,O,O,O,2,20,16,2.5
386,H,U,O,U,O,O,O,O,O,O,O,U,O,U,O,O,O,O,O,O,O,2,20,16,2.5
387,A,O,O,O,O,O,O,O,O,O,O,O,O,O,O,O,O,O,O,O,O,1,20,20,1.0
388,N,S,O,O,O,O,U,U,U,U,U,O,O,O,O,O,U,U,U,U,U,3,20,10,6.0
389,E,O,O,O,U,U,U,U,U,U,U,O,O,O,U,U,U,S,U,U,S,3,20,12,5.0
390,S,O,U,O,U,U,S,S,S,S,S,O,S,O,U,U,S,S,S,S,S,3,20,11,5.454545454545454
391,F,O,U,S,U,U,S,S,S,S,S,O,U,S,U,S,S,S,S,S,S,3,20,13,4.615384615384615
392,F,U,O,U,U,U,S,S,S,S,S,U,O,U,U,S,S,S,S,S,S,3,20,11,5.454545454545454
393,L,U,U,U,U,S,S,S,S,S,S,U,U,U,U,U,S,S,S,S,S,2,20,11,3.6363636363636362
394,G,U,S,U,U,U,S,S,S,S,S,U,U,U,U,U,S,S,S,S,S,2,20,11,3.6363636363636362
395,F,U,U,S,U,U,S,S,S,S,S,U,O,U,U,U,S,S,S,S,S,3,20,11,5.454545454545454
396,D,U,O,U,U,S,S,S,S,S,S,U,O,U,U,S,S,S,S,S,S,3,20,12,5.0
397,L,U,O,O,O,O,O,O,O,O,O,U,O,O,O,O,O,O,O,O,O,2,20,18,2.2222222222222223
398,S,U,U,O,O,O,O,O,O,O,O,U,O,O,O,O,O,O,O,O,O,2,20,17,2.3529411764705883
399,I,U,O,U,O,O,O,O,O,O,O,U,O,U,O,U,O,O,O,O,O,2,20,15,2.6666666666666665
400,D,U,O,O,U,O,O,O,O,O,O,U,O,O,U,O,O,O,O,O,O,2,20,16,2.5
401,L,U,O,O,U,U,S,S,S,S,S,U,O,O,U,U,S,S,S,S,S,3,20,10,6.0
402,V,U,S,U,U,U,S,S,S,S,S,U,U,U,U,U,S,S,S,S,S,2,20,11,3.6363636363636362
403,H,O,U,S,U,U,S,S,S,S,S,O,U,U,U,U,S,S,S,S,S,3,20,11,5.454545454545454
404,Y,U,U,U,U,U,S,S,S,S,U,U,U,U,U,U,S,S,S,S,S,2,20,11,3.6363636363636362
405,E,U,U,U,U,U,S,S,S,S,U,U,U,U,U,U,S,S,S,S,S,2,20,11,3.6363636363636362
406,D,U,U,U,U,U,S,S,S,S,S,U,U,U,U,U,S,S,S,S,S,2,20,10,4.0
407,L,O,H,U,O,U,S,U,U,U,S,O,O,U,O,U,S,S,S,S,S,4,20,7,11.428571428571429
408,T,H,H,U,U,U,S,U,U,U,U,H,H,U,U,U,U,S,U,U,S,3,20,13,4.615384615384615
409,A,H,H,U,O,U,U,S,U,U,U,H,H,U,O,U,U,U,U,U,U,4,20,13,6.153846153846154
410,H,H,H,U,U,O,U,U,U,U,U,H,H,U,U,O,U,U,U,U,U,3,20,14,4.285714285714286
411,W,H,H,O,O,O,U,U,U,U,U,H,H,O,O,O,U,U,U,U,U,3,20,10,6.0
412,H,H,H,O,O,O,U,U,U,U,U,H,H,O,O,O,U,U,U,U,U,3,20,10,6.0
413,A,H,H,O,O,O,O,O,O,O,O,H,H,O,O,O,O,O,O,O,O,2,20,16,2.5
414,L,H,H,O,O,O,O,O,O,O,O,H,H,O,O,O,O,O,O,O,O,2,20,16,2.5
415,G,H,H,U,O,O,O,O,O,U,O,H,H,U,O,O,U,U,O,O,U,3,20,10,6.0
416,A,H,H,O,O,O,U,O,U,O,O,H,H,O,O,O,U,U,U,U,O,3,20,10,6.0
417,A,O,H,O,O,O,O,U,U,O,U,H,H,O,O,O,U,U,U,U,U,3,20,9,6.666666666666667
418,Q,O,O,O,U,O,U,U,U,U,U,O,O,O,U,U,U,U,U,U,O,2,20,12,3.3333333333333335
419,T,O,O,U,O,O,U,U,U,U,U,O,O,U,O,O,U,U,U,U,O,2,20,11,3.6363636363636362
420,A,O,U,U,U,U,U,S,U,U,U,O,U,U,U,U,U,U,U,U,U,3,20,17,3.5294117647058822
421,A,O,O,U,U,U,U,U,U,U,U,O,O,U,U,U,U,U,U,U,U,2,20,16,2.5
422,G,O,O,O,O,O,U,U,O,U,U,O,O,O,O,O,O,U,O,O,O,2,20,15,2.6666666666666665
423,R,O,U,O,O,U,U,O,U,U,S,O,U,O,O,U,S,U,U,U,U,3,20,11,5.454545454545454
424,T,O,O,O,U,O,U,U,U,U,U,O,O,O,U,O,U,U,U,U,U,2,20,12,3.3333333333333335
425,L,O,O,O,O,O,H,H,H,H,H,O,O,O,O,O,H,H,H,H,H,2,20,10,4.0
426,T,H,U,H,O,O,H,H,H,H,H,H,O,H,O,O,H,H,H,H,H,3,20,14,4.285714285714286
427,E,H,H,H,O,H,H,H,H,H,H,H,H,H,O,H,H,H,H,H,H,2,20,18,2.2222222222222223
428,A,H,H,H,O,H,H,H,H,H,H,H,H,H,O,H,H,H,H,H,H,2,20,18,2.2222222222222223
429,Y,H,H,H,H,H,H,H,H,H,H,H,H,H,U,H,H,H,H,H,H,2,20,19,2.1052631578947367
430,R,H,H,H,H,H,H,H,H,H,H,H,H,H,O,H,H,H,H,H,H,2,20,19,2.1052631578947367
431,E,H,H,O,H,H,H,H,H,H,H,H,H,O,O,H,H,H,H,H,H,2,20,17,2.3529411764705883
432,F,H,H,O,H,H,H,H,H,H,H,H,H,O,O,H,H,H,H,H,H,2,20,17,2.3529411764705883
433,L,O,H,O,O,H,H,H,H,H,H,O,H,O,O,H,H,H,H,H,H,2,20,14,2.857142857142857
434,N,O,H,O,O,H,H,H,H,H,H,O,H,O,O,H,H,H,H,H,H,2,20,14,2.857142857142857
435,L,O,H,O,O,H,H,H,H,H,H,O,H,O,U,H,H,H,H,H,H,3,20,14,4.285714285714286
436,A,O,H,O,O,H,H,H,H,H,H,O,H,O,O,H,H,H,H,H,H,2,20,14,2.857142857142857
437,I,O,O,O,O,H,H,H,H,H,H,O,O,O,O,H,H,H,H,H,H,2,20,12,3.3333333333333335
438,S,O,U,U,O,H,O,H,O,O,H,O,U,U,O,H,H,H,H,H,O,3,20,8,7.5
439,N,O,O,S,O,H,U,U,U,U,H,O,O,U,U,H,U,U,U,U,U,4,20,11,7.2727272727272725
440,A,O,O,O,O,O,O,O,O,O,U,O,O,O,O,O,O,O,O,O,O,2,20,19,2.1052631578947367
441,F,O,O,O,O,O,O,O,O,O,U,O,O,O,O,O,O,O,O,O,O,2,20,19,2.1052631578947367
442,G,O,U,S,O,U,O,O,O,O,O,O,U,O,O,U,O,O,O,O,O,3,20,15,4.0
443,T,O,O,U,O,O,O,U,U,U,U,O,O,O,O,O,U,U,U,U,U,2,20,10,4.0
444,Q,H,O,O,O,O,O,H,H,H,H,H,O,O,O,O,H,H,H,H,H,2,20,11,3.6363636363636362
445,M,H,O,O,O,O,H,H,H,H,H,H,O,O,O,O,H,H,H,H,H,2,20,12,3.3333333333333335
446,H,H,O,O,O,O,H,H,H,H,H,H,O,O,O,O,H,H,H,H,H,2,20,12,3.3333333333333335
447,T,H,O,O,O,O,H,H,H,H,H,H,O,O,O,O,H,H,H,H,H,2,20,12,3.3333333333333335
448,R,H,O,O,O,O,H,H,H,H,H,H,O,O,O,O,H,H,H,H,H,2,20,12,3.3333333333333335
449,R,H,U,O,O,H,H,H,H,H,H,H,U,O,O,O,H,H,H,H,H,3,20,13,4.615384615384615
450,L,H,O,H,O,H,H,H,H,H,H,H,O,H,O,O,H,H,H,H,H,2,20,15,2.6666666666666665
451,V,H,O,H,O,H,H,H,H,H,H,H,O,H,O,O,H,H,H,H,H,2,20,15,2.6666666666666665
452,R,H,O,H,O,H,H,H,H,H,H,H,U,H,O,O,H,H,H,H,H,3,20,15,4.0
453,S,O,H,H,O,O,H,H,H,H,H,O,O,H,O,O,H,H,H,H,H,2,20,13,3.076923076923077
454,K,O,H,H,U,U,O,H,H,O,O,U,O,H,U,U,O,O,O,O,O,3,20,10,6.0
455,T,U,H,O,U,U,O,H,H,O,O,O,O,H,U,U,O,O,O,O,O,3,20,11,5.454545454545454
456,V,O,H,O,U,U,O,H,U,O,O,U,O,O,U,U,O,O,O,O,O,3,20,12,5.0
457,H,U,U,U,U,U,U,U,U,U,U,U,O,U,U,U,U,U,U,U,U,2,20,19,2.1052631578947367
458,P,U,U,O,O,U,U,U,U,U,U,U,U,O,O,U,U,U,U,U,U,2,20,16,2.5
459,I,U,U,O,O,O,S,S,S,S,S,U,U,O,O,O,S,S,S,S,S,3,20,10,6.0
460,Y,U,U,U,U,O,S,S,S,S,S,U,U,U,U,O,S,S,S,S,S,3,20,10,6.0
461,L,O,U,U,U,U,S,S,S,S,S,O,U,U,U,U,S,S,S,S,S,3,20,10,6.0
462,G,O,U,U,U,O,S,S,S,S,S,O,U,U,U,O,S,S,S,S,S,3,20,10,6.0
463,S,O,U,U,O,O,S,S,S,S,S,O,U,U,O,O,S,S,S,S,S,3,20,10,6.0
464,L,O,O,O,U,U,S,S,S,S,S,O,O,O,U,U,S,S,S,S,S,3,20,10,6.0
465,H,U,U,O,O,U,U,S,U,S,S,U,U,O,O,U,U,U,U,U,U,3,20,13,4.615384615384615
466,Y,U,O,O,O,O,U,U,U,U,U,U,O,O,O,O,U,U,U,U,U,2,20,12,3.3333333333333335
467,D,U,H,O,O,O,U,U,U,U,U,U,U,O,O,O,U,U,U,U,U,3,20,13,4.615384615384615
468,I,U,H,O,O,U,O,O,O,O,O,U,H,O,O,O,O,O,O,O,O,3,20,15,4.0
469,S,O,H,O,O,U,U,U,U,U,U,O,H,O,O,U,U,U,U,U,U,3,20,12,5.0
470,F,H,H,H,U,U,H,H,H,H,H,H,H,H,U,U,H,H,H,H,H,2,20,16,2.5
471,S,H,H,H,H,O,H,H,H,H,H,H,H,H,H,O,H,H,H,H,H,2,20,18,2.2222222222222223
472,D,H,H,H,H,O,H,H,H,H,H,H,H,H,H,O,H,H,H,H,H,2,20,18,2.2222222222222223
473,L,H,H,H,H,O,H,H,H,H,H,H,H,H,H,O,H,H,H,H,H,2,20,18,2.2222222222222223
474,R,H,H,H,H,O,H,H,H,H,H,H,H,H,H,O,H,H,H,H,H,2,20,18,2.2222222222222223
475,G,H,H,H,H,H,H,H,H,H,H,H,H,H,H,H,H,H,H,H,H,1,20,20,1.0
476,N,H,H,H,H,H,H,H,H,H,H,H,H,H,H,H,H,H,H,H,H,1,20,20,1.0
477,A,H,H,H,H,H,H,H,H,H,H,H,H,H,H,H,H,H,H,H,H,1,20,20,1.0
478,Q,H,H,H,H,H,H,H,H,H,H,H,H,H,H,H,H,H,H,H,H,1,20,20,1.0
479,R,H,H,H,H,H,H,H,H,H,H,H,H,H,H,H,H,H,H,H,H,1,20,20,1.0
480,I,H,H,O,O,H,H,H,H,H,H,H,H,H,O,H,H,H,H,H,H,2,20,17,2.3529411764705883
481,V,H,H,O,O,H,H,H,H,H,H,H,H,H,O,H,H,H,H,H,H,2,20,17,2.3529411764705883
482,Y,H,H,O,U,O,H,H,H,H,H,H,H,O,U,H,H,H,H,H,H,3,20,15,4.0
483,D,H,H,U,U,O,U,U,U,U,U,H,H,U,U,O,U,U,U,U,U,3,20,14,4.285714285714286
484,D,H,H,H,O,H,H,H,H,H,H,H,H,H,O,O,H,H,H,H,H,2,20,17,2.3529411764705883
485,E,H,H,H,H,H,H,H,H,H,H,H,H,H,H,H,H,H,H,H,H,1,20,20,1.0
486,L,H,H,H,H,H,H,H,H,H,H,H,H,H,H,H,H,H,H,H,H,1,20,20,1.0
487,Q,H,H,H,H,H,H,H,H,H,H,H,H,H,H,H,H,H,H,H,H,1,20,20,1.0
488,M,H,H,H,H,H,H,H,H,H,H,H,H,H,H,H,H,H,H,H,H,1,20,20,1.0
489,H,H,H,H,H,H,H,H,H,H,H,H,H,H,H,H,H,H,H,H,H,1,20,20,1.0
490,I,H,H,H,H,H,H,H,O,H,H,H,H,H,H,H,H,H,H,H,H,2,20,19,2.1052631578947367
491,L,O,H,O,H,H,O,O,O,O,O,O,H,O,H,H,O,O,O,O,O,2,20,14,2.857142857142857
492,R,U,H,O,H,O,O,O,O,O,O,U,H,O,H,O,U,U,U,U,U,3,20,9,6.666666666666667
493,G,O,U,O,O,U,O,O,O,O,O,O,U,O,O,U,O,O,O,O,O,2,20,16,2.5
494,P,U,U,O,O,O,U,U,U,U,U,U,U,O,O,O,O,O,O,O,O,2,20,11,3.6363636363636362
495,I,U,U,O,O,U,H,H,H,H,H,U,U,U,O,U,H,H,H,H,H,3,20,10,6.0
496,H,H,O,H,U,H,H,H,H,H,H,H,O,H,U,H,H,H,H,H,H,3,20,16,3.75
497,F,H,O,H,O,H,H,H,H,H,H,H,O,H,O,H,H,H,H,H,H,2,20,16,2.5
498,Q,H,O,H,O,H,H,H,H,H,H,H,O,H,O,H,H,H,H,H,H,2,20,16,2.5
499,R,H,U,H,O,H,H,H,H,H,H,H,U,H,O,H,H,H,H,H,H,3,20,16,3.75
500,R,H,H,H,O,H,H,H,H,H,H,H,H,H,O,H,H,H,H,H,H,2,20,18,2.2222222222222223
501,A,H,H,H,H,H,H,H,H,H,H,H,H,H,H,H,H,H,H,H,H,1,20,20,1.0
502,I,H,H,H,H,H,H,H,H,H,H,H,H,H,H,H,H,H,H,H,H,1,20,20,1.0
503,L,H,H,H,H,H,H,H,H,H,H,H,H,H,H,H,H,H,H,H,H,1,20,20,1.0
504,G,H,H,H,H,H,H,H,H,H,H,H,H,H,H,H,H,H,H,H,H,1,20,20,1.0
505,A,H,H,H,O,H,H,H,H,H,H,H,H,H,O,H,H,H,H,H,H,2,20,18,2.2222222222222223
506,L,H,H,H,O,H,H,H,H,H,H,H,H,H,O,H,H,H,H,H,H,2,20,18,2.2222222222222223
507,K,H,H,H,O,H,H,H,H,H,H,H,H,H,O,H,H,H,H,H,H,2,20,18,2.2222222222222223
508,F,H,H,H,O,H,H,H,H,O,H,H,H,H,O,H,H,H,H,H,H,2,20,17,2.3529411764705883
509,G,H,H,H,O,O,U,U,O,O,O,H,O,H,O,O,U,U,U,U,U,3,20,8,7.5
510,C,H,O,H,U,U,O,O,O,O,O,H,O,H,O,U,S,S,S,S,S,4,20,8,10.0
511,K,H,O,H,O,U,O,O,U,H,H,H,O,H,O,U,S,S,S,S,S,4,20,6,13.333333333333334
512,V,H,O,H,O,U,O,O,O,H,H,H,O,H,O,U,S,S,S,S,S,4,20,7,11.428571428571429
513,L,O,U,O,O,S,O,O,O,H,H,O,U,H,O,S,S,S,U,S,U,4,20,8,10.0
514,G,O,U,U,U,S,O,U,O,O,O,O,U,U,U,S,U,U,U,U,U,3,20,12,5.0
515,D,O,O,O,O,O,O,O,O,O,U,O,O,O,O,O,U,U,U,U,U,2,20,14,2.857142857142857
516,R,O,U,U,O,O,U,U,U,U,U,O,U,U,O,O,U,U,U,U,U,2,20,14,2.857142857142857
517,L,O,U,U,U,S,U,U,U,U,U,O,O,U,U,S,U,U,U,U,U,3,20,15,4.0
518,D,U,O,U,U,S,U,U,U,U,U,U,O,U,U,S,U,U,U,U,U,3,20,16,3.75
519,V,U,O,O,H,U,H,U,U,U,H,U,O,O,H,U,H,H,H,H,H,3,20,9,6.666666666666667
520,P,O,O,O,H,O,H,H,H,H,H,H,O,O,H,U,H,H,H,H,H,3,20,13,4.615384615384615
521,L,O,O,U,H,O,H,H,H,H,H,H,O,U,H,O,H,H,H,H,H,3,20,13,4.615384615384615
522,F,O,O,O,H,O,H,H,H,H,H,H,O,O,H,O,H,H,H,H,H,2,20,13,3.076923076923077
523,L,O,O,O,H,O,H,H,H,H,H,O,H,O,H,O,H,H,H,H,H,2,20,13,3.076923076923077
524,R,O,O,U,H,O,H,H,H,O,H,O,H,O,H,O,H,H,H,H,H,3,20,12,5.0
525,N,U,O,U,U,U,O,H,H,O,H,U,H,U,U,U,H,H,H,H,H,3,20,9,6.666666666666667
526,A,U,U,U,U,U,U,U,U,U,U,U,U,U,U,U,U,U,U,U,U,1,20,20,1.0
