Pos,Res,O75554_CIT_model1_dssp_acc_SS,O75554_CIT_model2_dssp_acc_SS,O75554_CIT_model3_dssp_acc_SS,O75554_CIT_model4_dssp_acc_SS,O75554_CIT_model5_dssp_acc_SS,O75554_full_model_500950_1_dssp_acc_SS,O75554_full_model_500950_2_dssp_acc_SS,O75554_full_model_500950_3_dssp_acc_SS,O75554_full_model_500950_4_dssp_acc_SS,O75554_full_model_500950_5_dssp_acc_SS,O75554_IT_model1_dssp_acc_SS,O75554_IT_model2_dssp_acc_SS,O75554_IT_model3_dssp_acc_SS,O75554_IT_model4_dssp_acc_SS,O75554_IT_model5_dssp_acc_SS,O75554_ranked_0_dssp_acc_SS,O75554_ranked_1_dssp_acc_SS,O75554_ranked_2_dssp_acc_SS,O75554_ranked_3_dssp_acc_SS,O75554_ranked_4_dssp_acc_SS,dssp_k,dssp_N,dssp_n1,dssp_vkabat
1,M,U,U,U,U,U,U,U,U,U,U,U,U,U,U,U,U,U,U,U,U,1,20,20,1.0
2,A,U,U,U,U,U,O,H,U,U,U,U,U,U,U,U,U,U,U,U,U,3,20,18,3.3333333333333335
3,D,O,O,U,O,O,O,H,U,U,O,O,O,U,O,O,U,U,U,U,U,3,20,10,6.0
4,Y,O,O,O,O,O,U,H,U,U,U,O,U,O,O,O,U,U,U,U,U,3,20,10,6.0
5,W,O,S,S,U,O,U,U,U,U,U,O,U,S,U,O,U,U,U,U,U,3,20,13,4.615384615384615
6,K,U,U,O,O,U,U,U,U,U,U,U,O,O,O,U,U,U,U,U,U,2,20,15,2.6666666666666665
7,S,O,O,O,O,U,U,U,U,U,U,O,O,O,O,O,U,U,U,U,U,2,20,11,3.6363636363636362
8,Q,O,U,S,U,U,U,U,U,O,U,O,O,S,O,O,U,U,U,U,U,3,20,12,5.0
9,P,U,U,U,O,U,U,O,U,U,U,U,U,U,O,U,U,U,U,U,U,2,20,17,2.3529411764705883
10,K,U,O,O,O,O,U,S,S,S,S,U,O,U,O,O,S,S,S,S,S,3,20,9,6.666666666666667
11,K,U,O,O,U,O,S,S,S,S,S,U,O,O,O,O,S,S,S,S,S,3,20,10,6.0
12,F,O,O,U,O,U,S,S,S,S,S,O,O,U,O,U,S,S,S,S,S,3,20,10,6.0
13,C,U,U,U,U,U,S,U,S,S,S,U,U,U,U,U,S,S,S,S,S,2,20,11,3.6363636363636362
14,D,S,O,O,O,O,O,O,O,O,O,S,O,O,O,O,O,O,O,O,O,2,20,18,2.2222222222222223
15,Y,O,O,O,O,O,O,O,O,O,O,O,O,O,O,O,O,O,O,O,O,1,20,20,1.0
16,C,O,S,O,O,O,O,O,O,O,O,O,U,O,O,U,O,O,O,O,O,3,20,17,3.5294117647058822
17,K,U,U,O,U,O,O,U,O,O,O,U,O,U,U,O,O,O,O,O,O,2,20,13,3.076923076923077
18,C,U,U,U,U,U,S,U,S,S,S,U,U,U,U,U,S,S,S,S,S,2,20,11,3.6363636363636362
19,W,U,U,U,U,U,S,S,S,S,S,U,U,U,U,U,S,S,S,S,S,2,20,10,4.0
20,I,O,S,U,U,U,S,S,S,S,S,O,U,U,U,U,S,S,S,S,S,3,20,11,5.454545454545454
21,A,O,O,O,O,U,U,S,S,S,S,O,O,O,O,U,S,S,S,S,S,3,20,9,6.666666666666667
22,D,O,O,O,O,O,O,O,O,O,O,O,O,O,O,O,O,O,O,O,O,1,20,20,1.0
23,N,O,S,U,O,O,U,O,U,U,U,O,O,U,O,O,U,U,U,U,U,3,20,11,5.454545454545454
24,R,O,O,H,U,O,O,H,H,H,H,O,O,H,U,O,H,H,H,H,H,3,20,11,5.454545454545454
25,P,U,U,H,O,O,H,H,H,H,H,U,O,H,O,O,H,H,H,H,H,3,20,12,5.0
26,S,O,O,H,U,O,H,H,H,H,H,O,O,H,U,O,H,H,H,H,H,3,20,12,5.0
27,V,O,O,H,O,O,H,H,H,H,H,O,U,H,O,O,H,H,H,H,H,3,20,12,5.0
28,E,O,O,H,O,O,H,H,H,H,H,O,O,H,O,O,H,H,H,H,H,2,20,12,3.3333333333333335
29,F,O,U,H,O,H,H,H,H,H,H,O,U,H,O,H,H,H,H,H,H,3,20,14,4.285714285714286
30,H,O,U,O,U,H,H,H,H,H,H,O,U,O,U,H,H,H,H,H,H,3,20,12,5.0
31,E,O,O,O,O,H,H,O,H,H,H,O,O,O,O,H,H,H,H,H,H,2,20,11,3.6363636363636362
32,R,O,O,O,O,H,H,O,O,O,O,O,O,O,O,H,H,H,H,H,H,2,20,12,3.3333333333333335
33,G,O,H,O,O,O,O,O,O,O,O,O,H,O,O,O,O,O,U,O,O,3,20,17,3.5294117647058822
34,K,O,H,O,O,O,H,H,H,H,H,O,H,O,O,O,H,H,H,H,H,2,20,12,3.3333333333333335
35,N,U,H,O,H,O,H,H,H,H,H,U,H,O,H,O,H,H,H,H,H,3,20,14,4.285714285714286
36,H,O,H,O,H,O,H,H,H,H,H,O,H,O,H,O,H,H,H,H,H,2,20,14,2.857142857142857
37,K,H,H,O,H,H,H,H,H,H,H,H,H,O,H,H,H,H,H,H,H,2,20,18,2.2222222222222223
38,E,H,H,O,H,H,H,H,H,H,H,H,H,O,H,H,H,H,H,H,H,2,20,18,2.2222222222222223
39,N,H,H,H,H,H,H,H,H,H,H,H,H,H,H,H,H,H,H,H,H,1,20,20,1.0
40,V,H,H,H,H,H,H,H,H,H,H,H,H,H,H,H,H,H,H,H,H,1,20,20,1.0
41,A,H,H,H,H,H,H,H,H,H,H,H,H,H,H,H,H,H,H,H,H,1,20,20,1.0
42,K,H,H,H,H,H,H,H,H,H,H,H,H,H,H,H,H,H,H,H,H,1,20,20,1.0
43,R,H,H,H,H,H,H,H,H,H,H,H,H,H,H,H,H,H,H,H,H,1,20,20,1.0
44,I,H,H,H,H,H,H,H,H,H,H,H,H,H,H,H,H,H,H,H,H,1,20,20,1.0
45,S,H,H,H,H,H,H,H,H,H,H,H,H,H,H,H,H,H,H,H,H,1,20,20,1.0
46,E,H,H,H,H,H,H,H,H,H,H,H,H,H,H,H,H,H,H,H,H,1,20,20,1.0
47,I,H,H,H,H,H,H,H,H,H,H,H,H,H,H,H,H,H,H,H,H,1,20,20,1.0
48,K,H,H,H,H,H,H,H,H,H,H,H,H,H,H,H,H,H,H,H,H,1,20,20,1.0
49,Q,H,H,H,H,H,H,H,H,H,H,H,H,H,H,H,H,H,H,H,H,1,20,20,1.0
50,K,H,H,H,H,H,H,H,H,H,H,H,H,H,H,H,H,H,H,H,H,1,20,20,1.0
51,S,H,H,O,H,H,O,H,H,H,H,H,H,H,H,H,H,H,H,H,H,2,20,18,2.2222222222222223
52,L,H,H,O,H,O,O,H,H,H,H,H,H,O,H,O,H,H,H,H,H,2,20,15,2.6666666666666665
53,D,H,O,O,H,O,H,H,H,H,H,H,O,O,H,O,H,H,H,H,H,2,20,14,2.857142857142857
54,K,H,O,O,U,O,H,H,H,H,H,H,O,U,O,O,H,H,H,H,H,3,20,12,5.0
55,A,O,O,U,U,O,H,H,H,H,H,O,H,O,U,O,H,H,H,H,H,3,20,11,5.454545454545454
56,K,O,O,O,O,O,H,H,H,H,H,O,H,O,O,O,H,H,H,H,H,2,20,11,3.6363636363636362
57,E,U,O,H,O,O,H,H,H,H,H,U,H,U,O,O,H,H,H,H,H,3,20,12,5.0
58,E,U,O,H,H,O,H,H,H,H,H,U,H,H,H,O,H,H,H,H,H,3,20,15,4.0
59,E,O,H,H,H,U,H,H,H,H,H,O,H,H,H,U,H,H,H,H,H,3,20,16,3.75
60,K,U,H,H,H,U,H,H,H,H,H,U,H,H,H,U,H,H,H,H,H,2,20,16,2.5
61,A,O,H,H,H,O,H,H,H,H,H,O,H,H,H,O,H,H,H,H,H,2,20,16,2.5
62,S,H,H,H,H,H,H,H,H,H,H,H,H,H,H,H,H,H,H,H,H,1,20,20,1.0
63,K,H,H,H,H,H,H,H,H,H,H,H,H,H,H,H,H,H,H,H,H,1,20,20,1.0
64,E,H,H,H,H,H,H,H,H,H,H,H,H,H,H,H,H,H,H,H,H,1,20,20,1.0
65,F,H,U,H,H,H,H,H,H,H,H,H,U,H,H,H,H,H,H,H,H,2,20,18,2.2222222222222223
66,A,H,U,H,O,H,H,H,H,H,H,H,U,H,O,H,H,H,H,H,H,3,20,16,3.75
67,A,H,O,H,O,H,H,H,H,H,H,H,O,H,O,H,H,H,H,H,H,2,20,16,2.5
68,M,H,H,H,H,H,H,H,H,H,H,H,H,H,H,H,H,H,H,H,H,1,20,20,1.0
69,E,H,H,H,H,H,H,H,H,H,H,H,H,H,H,H,H,H,H,H,H,1,20,20,1.0
70,A,H,H,H,H,H,H,H,H,H,H,H,H,H,H,H,H,H,H,H,H,1,20,20,1.0
71,A,H,H,H,H,H,H,H,H,H,H,H,H,H,H,H,H,H,H,H,H,1,20,20,1.0
72,A,H,H,H,H,H,H,H,H,H,H,H,H,H,H,H,H,H,H,H,H,1,20,20,1.0
73,L,H,H,H,H,H,H,H,H,H,H,H,H,H,H,H,H,H,H,H,H,1,20,20,1.0
74,K,H,H,H,H,H,H,H,H,H,H,H,H,H,H,H,H,H,H,H,H,1,20,20,1.0
75,A,U,O,H,H,H,H,H,H,H,H,U,O,H,H,H,H,H,H,H,H,3,20,16,3.75
76,Y,O,O,O,O,H,H,H,H,H,H,O,O,H,O,H,H,H,H,H,H,2,20,13,3.076923076923077
77,Q,O,U,O,O,U,H,H,H,H,O,O,U,H,O,U,H,H,H,H,H,3,20,10,6.0
78,E,O,O,O,O,O,H,H,H,H,O,O,O,O,O,O,H,H,H,H,H,2,20,11,3.6363636363636362
79,D,O,O,U,O,O,H,H,H,H,U,O,O,O,O,O,H,H,H,H,H,3,20,9,6.666666666666667
80,L,O,O,U,O,S,H,H,H,H,O,O,O,U,O,S,H,H,H,H,H,4,20,9,8.88888888888889
81,K,O,U,U,U,O,H,H,O,H,O,O,U,U,U,O,H,H,H,H,H,3,20,8,7.5
82,R,O,U,O,U,O,H,H,O,H,O,O,U,U,O,O,H,H,H,H,H,3,20,8,7.5
83,L,O,O,O,O,O,H,O,O,H,O,O,O,O,O,O,H,H,H,H,O,2,20,14,2.857142857142857
84,G,O,O,U,O,O,O,O,O,U,U,O,O,O,O,O,O,O,O,O,O,2,20,17,2.3529411764705883
85,L,U,O,S,O,S,U,U,U,U,U,U,O,U,O,S,U,U,U,U,U,3,20,13,4.615384615384615
86,E,O,O,O,U,O,U,U,U,U,U,O,O,O,U,O,U,U,O,U,O,2,20,10,4.0
87,S,O,O,O,O,O,U,U,U,U,U,O,U,O,O,O,U,O,O,U,U,2,20,11,3.6363636363636362
88,E,O,U,S,O,U,U,O,O,U,O,O,U,U,O,U,U,U,O,U,U,3,20,11,5.454545454545454
89,I,O,U,O,U,O,U,O,U,U,U,O,U,U,U,O,U,O,O,O,O,2,20,10,4.0
90,L,U,O,O,O,O,U,U,U,U,U,U,O,U,O,O,U,U,U,U,U,2,20,13,3.076923076923077
91,E,U,O,O,O,U,U,U,U,U,U,U,O,O,O,U,U,U,U,U,U,2,20,14,2.857142857142857
92,P,O,U,O,O,O,U,U,U,U,H,O,U,O,O,O,U,U,U,U,U,3,20,11,5.454545454545454
93,S,O,U,O,U,O,U,U,U,U,H,O,U,O,U,O,U,U,U,U,U,3,20,13,4.615384615384615
94,I,O,U,O,U,O,U,O,U,U,H,O,U,O,U,O,U,U,U,U,U,3,20,12,5.0
95,T,U,U,U,U,U,U,O,U,U,U,U,U,U,U,U,U,U,U,U,U,2,20,19,2.1052631578947367
96,P,O,O,U,U,U,U,O,U,U,U,O,O,U,U,U,U,U,U,U,U,2,20,15,2.6666666666666665
97,V,U,U,O,O,U,H,O,U,U,O,U,U,O,O,U,U,U,U,U,U,3,20,13,4.615384615384615
98,T,O,O,O,O,O,H,O,H,U,O,O,O,O,O,O,U,U,U,U,U,3,20,12,5.0
99,S,O,O,U,O,O,H,O,H,U,U,O,O,U,O,O,U,U,U,U,U,3,20,9,6.666666666666667
100,T,O,O,O,O,O,H,O,H,U,U,O,U,O,O,O,U,U,U,U,U,3,20,10,6.0
101,I,U,U,O,O,O,U,O,O,O,U,U,U,O,O,O,U,U,U,U,U,2,20,11,3.6363636363636362
102,P,U,O,U,U,U,U,U,U,U,U,U,O,U,U,U,U,U,U,U,U,2,20,18,2.2222222222222223
103,P,O,O,O,O,U,U,U,U,U,U,O,O,O,O,U,U,U,U,U,U,2,20,12,3.3333333333333335
104,T,O,O,O,O,U,U,U,U,U,U,O,O,O,O,U,U,U,U,U,U,2,20,12,3.3333333333333335
105,S,U,O,O,O,O,H,U,O,H,U,U,O,O,O,O,U,U,U,U,U,3,20,9,6.666666666666667
106,T,U,O,U,O,O,H,H,O,H,H,U,O,U,O,O,U,U,U,U,U,3,20,9,6.666666666666667
107,S,O,O,O,O,U,H,H,H,H,H,O,U,O,O,U,U,U,U,U,U,3,20,8,7.5
108,N,O,O,O,U,O,H,H,H,H,H,O,O,O,U,O,U,U,U,U,U,3,20,8,7.5
109,Q,U,O,U,U,O,H,H,H,H,O,U,O,O,U,O,U,U,U,U,U,3,20,10,6.0
110,Q,U,U,U,H,O,H,H,H,H,O,U,U,U,H,O,U,U,U,U,U,3,20,11,5.454545454545454
111,K,O,O,O,H,O,H,H,H,H,H,O,O,O,H,O,U,U,U,U,U,3,20,8,7.5
112,E,O,U,O,H,O,H,H,H,H,H,O,U,O,H,O,U,U,U,U,U,3,20,7,8.571428571428571
113,K,O,O,O,H,U,H,H,H,H,H,O,O,O,H,U,U,U,U,U,U,3,20,7,8.571428571428571
114,K,O,O,O,H,O,H,H,H,H,H,O,O,O,H,O,U,U,U,U,U,3,20,8,7.5
115,E,O,U,U,U,O,H,H,H,H,H,O,U,U,U,O,U,U,U,U,U,3,20,11,5.454545454545454
116,K,O,O,U,U,U,H,H,H,H,H,O,O,U,O,U,U,U,U,U,U,3,20,10,6.0
117,K,O,O,O,U,U,H,H,H,H,H,O,O,U,U,U,U,U,U,U,U,3,20,10,6.0
118,K,U,O,U,O,U,H,H,H,H,H,U,O,U,O,U,U,U,U,U,U,3,20,11,5.454545454545454
119,R,U,O,U,O,U,H,H,H,H,H,U,O,U,U,O,U,U,U,U,U,3,20,11,5.454545454545454
120,K,U,O,U,O,U,H,H,H,H,H,U,O,U,O,U,U,U,U,U,U,3,20,11,5.454545454545454
121,K,O,O,O,O,O,O,O,O,H,O,O,O,O,O,O,U,U,U,U,U,3,20,14,4.285714285714286
122,D,U,U,U,U,U,U,U,U,O,U,U,U,U,O,U,U,U,U,U,U,2,20,18,2.2222222222222223
123,P,U,O,U,U,U,U,O,U,U,H,U,O,O,U,O,U,U,H,U,U,3,20,13,4.615384615384615
124,S,U,O,O,O,O,O,O,H,U,H,U,O,O,O,O,O,O,H,O,U,3,20,13,4.615384615384615
125,K,O,U,O,O,U,O,O,H,O,H,O,U,O,O,U,O,U,H,O,O,3,20,12,5.0
126,G,U,O,U,O,U,O,O,H,O,H,U,O,U,O,U,U,U,O,O,U,3,20,9,6.666666666666667
127,R,U,U,O,U,U,O,U,O,O,O,U,U,S,U,U,U,U,U,U,U,3,20,14,4.285714285714286
128,W,U,U,U,O,U,S,S,S,S,S,U,U,U,O,U,S,S,S,S,S,3,20,10,6.0
129,V,U,U,S,O,U,S,S,S,S,S,U,U,U,O,U,S,S,S,S,S,3,20,11,5.454545454545454
130,E,U,O,U,O,U,S,S,S,S,S,U,O,U,O,U,S,S,S,S,S,3,20,10,6.0
131,G,O,U,O,U,O,S,S,S,S,S,O,U,O,U,S,S,S,S,S,S,3,20,11,5.454545454545454
132,I,U,U,U,U,U,S,S,S,S,S,U,U,U,U,S,S,S,S,S,S,2,20,11,3.6363636363636362
133,T,U,U,S,U,O,U,U,U,U,U,U,U,S,U,U,U,U,U,U,U,3,20,17,3.5294117647058822
134,S,S,O,S,O,O,O,O,O,O,O,S,O,S,O,O,O,O,O,O,O,2,20,16,2.5
135,E,S,O,O,O,O,O,O,O,O,O,S,O,O,O,O,O,O,O,O,O,2,20,18,2.2222222222222223
136,G,O,O,O,O,O,O,O,O,O,O,O,O,O,O,O,O,O,O,O,O,1,20,20,1.0
137,Y,U,U,O,U,U,U,U,U,U,U,U,U,O,U,U,U,U,U,U,U,2,20,18,2.2222222222222223
138,H,U,U,S,U,U,S,S,S,S,S,U,U,S,U,S,S,S,S,S,S,2,20,13,3.076923076923077
139,Y,O,U,S,U,U,S,S,S,S,S,O,U,S,U,S,S,S,S,S,S,3,20,13,4.615384615384615
140,Y,O,U,U,U,U,S,S,S,S,S,O,U,U,U,O,S,S,S,S,S,3,20,10,6.0
141,Y,U,O,U,O,U,S,S,S,S,S,U,O,O,O,O,S,S,S,S,S,3,20,10,6.0
142,D,O,O,S,O,O,S,S,S,S,S,O,O,S,O,O,S,S,S,S,S,2,20,12,3.3333333333333335
143,L,O,O,O,U,U,O,O,O,O,O,O,O,U,U,U,O,O,O,O,O,2,20,15,2.6666666666666665
144,I,O,O,O,O,U,O,O,O,O,O,O,O,O,O,U,O,O,O,O,O,2,20,18,2.2222222222222223
145,S,S,O,O,O,O,O,O,O,O,O,S,O,O,O,O,O,O,O,O,O,2,20,18,2.2222222222222223
146,G,S,O,U,U,O,O,U,O,U,U,S,O,U,U,O,U,U,U,U,U,3,20,12,5.0
147,A,U,U,U,U,U,S,U,U,U,U,U,U,U,U,U,U,U,U,U,U,2,20,19,2.1052631578947367
148,S,U,U,U,O,U,S,S,S,S,S,U,U,U,O,U,S,S,S,S,S,3,20,10,6.0
149,Q,U,O,U,O,U,S,S,S,S,S,U,U,U,U,U,S,S,S,S,S,3,20,10,6.0
150,W,U,U,U,U,O,O,O,O,O,O,U,U,U,U,O,O,O,O,O,O,2,20,12,3.3333333333333335
151,E,U,U,O,O,O,O,O,O,O,O,U,U,O,O,O,O,O,O,O,O,2,20,16,2.5
152,K,U,U,O,O,U,U,U,U,U,U,U,U,O,O,U,U,U,U,U,U,2,20,16,2.5
153,P,U,U,U,O,O,U,U,U,U,U,U,U,U,O,O,U,U,U,U,U,2,20,16,2.5
154,E,U,U,U,O,O,O,O,O,O,O,U,U,O,O,O,O,O,O,O,O,2,20,15,2.6666666666666665
155,G,O,O,O,O,U,O,U,O,O,O,O,O,O,O,U,O,O,O,O,O,2,20,17,2.3529411764705883
156,F,U,U,U,U,U,U,U,U,U,U,U,U,U,U,U,U,U,U,U,U,1,20,20,1.0
157,Q,U,U,U,U,U,U,U,U,U,U,U,U,U,U,U,U,U,U,U,U,1,20,20,1.0
158,G,U,S,U,U,U,U,U,U,U,U,U,S,U,U,U,U,U,O,U,U,3,20,17,3.5294117647058822
159,D,U,U,U,U,O,U,U,U,U,U,U,U,U,U,O,O,U,U,U,U,2,20,17,2.3529411764705883
160,L,U,U,U,O,U,U,H,H,O,U,U,U,U,O,U,U,O,U,U,U,3,20,14,4.285714285714286
161,K,O,U,U,U,U,U,H,H,O,U,O,U,U,U,O,O,U,U,O,U,3,20,12,5.0
162,K,U,U,U,O,O,U,H,H,U,U,U,U,U,O,O,O,U,U,U,U,3,20,13,4.615384615384615
163,T,O,U,U,O,U,U,U,U,U,U,O,U,U,O,U,U,U,U,U,U,2,20,16,2.5
164,A,U,O,O,U,O,U,U,U,U,U,U,O,O,U,U,U,O,U,O,U,2,20,13,3.076923076923077
165,V,U,U,O,U,U,U,U,U,U,U,U,U,O,U,U,O,U,O,U,U,2,20,16,2.5
166,K,U,U,U,U,U,U,U,U,U,U,U,U,U,U,U,U,U,U,U,U,1,20,20,1.0
167,T,U,O,U,O,O,U,U,U,U,U,U,O,U,O,O,U,U,U,U,U,2,20,14,2.857142857142857
168,V,U,U,U,U,U,U,U,U,U,U,U,U,U,U,U,U,U,U,U,U,1,20,20,1.0
169,W,U,U,S,U,U,S,S,S,S,S,U,U,S,U,U,S,S,S,S,S,2,20,12,3.3333333333333335
170,V,U,S,S,U,U,S,S,S,S,S,U,S,S,U,U,S,S,S,S,S,2,20,14,2.857142857142857
171,E,U,S,S,S,U,S,S,S,S,S,U,S,S,S,U,S,S,S,S,S,2,20,16,2.5
172,G,S,U,S,U,U,S,S,S,S,S,S,U,S,U,U,S,S,S,S,S,2,20,14,2.857142857142857
173,L,S,U,U,U,U,S,S,S,S,U,S,H,U,U,U,S,S,S,S,S,3,20,11,5.454545454545454
174,S,S,O,U,O,U,U,U,U,U,O,S,H,U,O,U,U,U,U,U,U,4,20,13,6.153846153846154
175,E,O,O,O,O,O,O,O,O,O,O,O,H,O,O,O,O,O,O,O,O,2,20,19,2.1052631578947367
176,D,O,O,O,O,O,O,O,O,O,O,O,O,O,O,O,O,O,O,O,O,1,20,20,1.0
177,G,O,O,O,O,O,O,O,O,O,O,O,O,O,O,O,O,O,O,O,O,1,20,20,1.0
178,F,S,O,U,O,U,U,U,U,U,U,S,O,O,O,U,U,U,U,U,U,3,20,13,4.615384615384615
179,T,S,U,U,U,U,S,S,S,S,U,S,U,U,U,U,S,S,S,S,S,2,20,11,3.6363636363636362
180,Y,S,U,S,O,U,S,S,S,S,S,S,U,S,O,S,S,S,S,S,S,3,20,15,4.0
181,Y,S,S,S,S,U,S,S,S,S,S,S,S,S,S,U,S,S,S,S,S,2,20,18,2.2222222222222223
182,Y,U,S,S,U,U,S,S,S,S,S,U,S,S,U,U,S,S,S,S,S,2,20,14,2.857142857142857
183,N,U,U,S,U,U,S,S,S,S,S,U,U,S,U,U,S,S,S,S,S,2,20,12,3.3333333333333335
184,T,O,U,O,O,U,O,O,O,O,O,O,O,U,O,U,O,O,O,O,O,2,20,16,2.5
185,E,O,O,O,O,O,O,O,O,O,O,O,O,O,O,O,O,O,O,O,O,1,20,20,1.0
186,T,O,O,O,O,O,O,O,O,O,O,O,O,O,O,O,O,O,O,O,O,1,20,20,1.0
187,G,O,U,U,O,U,U,O,O,U,O,O,U,U,O,U,U,U,U,U,U,2,20,13,3.076923076923077
188,E,U,O,U,U,U,U,S,S,U,S,U,U,U,U,U,U,U,U,U,U,3,20,16,3.75
189,S,U,U,U,U,U,S,S,S,S,S,U,U,U,U,U,S,S,S,S,S,2,20,10,4.0
190,R,O,U,S,U,U,S,S,S,S,S,O,U,S,U,U,S,S,S,S,S,3,20,12,5.0
191,W,U,O,U,U,U,O,O,O,O,O,U,O,S,U,S,O,O,O,O,O,3,20,12,5.0
192,E,U,O,U,O,O,O,O,O,O,O,U,O,O,O,O,O,O,O,O,O,2,20,17,2.3529411764705883
193,K,U,U,O,O,U,U,U,U,U,U,U,U,O,O,U,U,U,U,U,U,2,20,16,2.5
194,P,U,U,O,O,U,U,U,U,U,U,U,U,O,O,U,U,U,U,U,U,2,20,16,2.5
195,D,O,O,O,O,O,O,O,O,O,O,O,O,O,O,O,O,O,O,O,O,1,20,20,1.0
196,D,U,U,U,U,U,O,O,O,O,O,U,U,O,U,U,O,O,O,O,O,2,20,11,3.6363636363636362
197,F,O,O,O,O,O,U,U,U,U,U,O,O,H,O,O,U,U,U,U,U,3,20,10,6.0
198,I,U,O,O,O,O,U,U,U,U,U,U,O,H,O,O,U,U,U,U,U,3,20,12,5.0
199,P,O,U,O,U,U,U,U,U,U,U,O,U,H,U,U,U,U,U,U,U,3,20,16,3.75
200,H,O,O,O,O,O,U,U,U,U,U,O,O,H,O,O,U,U,U,U,U,3,20,10,6.0
201,T,O,O,O,O,O,U,O,U,H,O,O,O,H,O,O,U,U,U,U,U,3,20,11,5.454545454545454
202,S,O,O,U,U,O,O,O,O,H,O,O,O,O,U,O,U,U,U,U,O,3,20,12,5.0
203,D,O,O,U,U,U,O,O,O,H,O,O,O,U,U,U,O,O,O,O,O,3,20,13,4.615384615384615
204,L,O,O,U,O,O,O,U,U,U,H,O,O,U,O,O,O,U,U,U,O,3,20,11,5.454545454545454
205,P,O,O,O,O,O,U,U,U,U,H,O,O,O,O,O,U,U,U,U,U,3,20,10,6.0
206,S,O,O,O,O,O,O,O,H,U,H,O,O,O,O,O,U,U,U,U,U,3,20,12,5.0
207,S,O,O,O,U,O,O,H,H,H,U,O,O,O,U,O,U,U,U,U,U,3,20,9,6.666666666666667
208,K,O,O,U,U,O,H,H,H,H,U,O,O,U,U,U,U,U,U,U,U,3,20,11,5.454545454545454
209,V,O,O,O,O,O,H,H,U,H,O,O,U,O,O,O,U,U,U,U,U,3,20,10,6.0
210,N,U,U,U,O,O,H,H,U,H,O,U,U,U,O,O,U,U,U,U,U,3,20,12,5.0
211,E,U,U,O,U,O,H,H,H,H,O,U,U,O,U,O,U,U,U,U,U,3,20,11,5.454545454545454
212,N,U,O,U,U,U,H,H,H,H,H,U,O,U,U,U,U,U,U,U,U,3,20,13,4.615384615384615
213,S,U,O,U,U,U,H,O,H,H,H,U,O,U,U,U,U,U,U,U,U,3,20,13,4.615384615384615
214,L,U,O,U,U,U,H,O,H,O,H,U,O,U,U,U,U,U,U,U,U,3,20,13,4.615384615384615
215,G,O,U,O,U,U,H,O,H,O,O,O,U,O,U,U,U,U,U,U,U,3,20,11,5.454545454545454
216,T,U,U,U,U,U,H,U,H,U,H,U,U,U,U,U,U,U,U,U,U,2,20,17,2.3529411764705883
217,L,O,U,U,O,U,H,O,H,H,H,O,U,U,U,U,U,U,U,U,U,3,20,12,5.0
218,D,O,O,U,O,O,H,O,H,H,H,O,O,O,O,O,U,U,U,U,U,3,20,10,6.0
219,E,U,U,U,U,U,O,U,H,H,H,U,U,U,U,U,U,U,U,U,U,3,20,16,3.75
220,S,U,U,U,U,U,U,H,H,H,O,U,U,O,U,U,U,U,U,U,U,3,20,15,4.0
221,K,U,U,U,U,U,O,H,H,H,U,U,U,O,U,U,U,U,U,U,U,3,20,15,4.0
222,S,O,O,U,O,U,O,H,H,H,O,O,U,U,O,U,U,U,U,U,U,3,20,10,6.0
223,S,O,U,O,O,U,O,H,H,H,O,O,U,U,O,U,U,U,U,U,U,3,20,10,6.0
224,D,U,O,O,U,U,O,H,H,H,U,U,O,O,U,O,U,U,U,U,U,3,20,11,5.454545454545454
225,S,U,O,U,O,U,O,H,H,U,H,U,O,O,U,U,U,U,U,U,U,3,20,12,5.0
226,H,U,O,O,O,U,H,O,H,U,H,U,O,O,O,O,U,U,U,U,U,3,20,9,6.666666666666667
227,S,U,O,O,O,U,H,U,H,U,H,U,O,O,O,U,U,U,U,U,U,3,20,11,5.454545454545454
228,D,O,O,U,O,U,H,O,H,O,H,O,O,O,O,O,U,U,U,U,U,3,20,10,6.0
229,S,O,O,O,O,U,H,O,H,O,H,O,O,U,U,O,U,U,U,U,U,3,20,9,6.666666666666667
230,D,O,O,U,U,U,H,O,H,H,H,O,O,U,U,O,U,U,U,U,U,3,20,10,6.0
231,G,O,O,U,U,U,H,O,H,H,H,O,O,U,U,O,U,U,U,U,U,3,20,10,6.0
232,E,U,O,U,U,U,H,H,H,H,H,U,O,U,O,U,U,U,U,U,U,3,20,12,5.0
233,Q,U,U,U,U,U,H,H,H,H,H,U,U,U,U,U,U,U,U,U,U,2,20,15,2.6666666666666665
234,E,U,U,U,U,U,H,H,H,H,H,U,U,U,U,U,U,U,U,U,U,2,20,15,2.6666666666666665
235,A,O,U,U,U,U,H,H,H,H,H,O,U,U,U,U,U,U,U,U,U,3,20,13,4.615384615384615
236,E,U,O,O,O,U,H,H,H,H,H,U,O,O,O,U,U,U,U,U,U,3,20,9,6.666666666666667
237,E,O,O,O,O,U,H,H,H,O,H,O,O,O,O,O,U,U,U,U,U,3,20,10,6.0
238,G,O,O,O,O,U,H,H,O,O,U,O,O,U,O,O,U,U,U,U,U,3,20,10,6.0
239,G,U,U,O,U,U,H,O,U,U,O,U,O,O,U,U,U,U,U,U,U,3,20,14,4.285714285714286
240,V,U,U,O,U,U,H,O,U,U,U,U,U,O,U,U,U,U,U,U,U,3,20,16,3.75
241,S,U,U,U,U,U,O,U,U,U,U,U,U,U,U,U,U,U,U,U,U,2,20,19,2.1052631578947367
242,T,U,U,U,U,O,O,U,U,U,U,U,U,U,U,U,U,U,U,U,U,2,20,18,2.2222222222222223
243,E,U,U,U,U,U,U,U,U,U,U,U,U,U,U,U,U,U,U,U,U,1,20,20,1.0
244,T,O,O,U,U,U,U,U,U,U,U,O,O,U,U,U,U,U,U,U,U,2,20,16,2.5
245,E,O,O,O,O,U,U,U,U,U,U,O,O,U,O,O,U,U,U,U,U,2,20,12,3.3333333333333335
246,K,U,U,O,O,U,U,U,U,U,U,U,U,O,O,O,U,U,U,U,U,2,20,15,2.6666666666666665
247,P,U,O,U,U,U,U,U,U,U,U,U,O,U,U,U,U,U,U,U,U,2,20,18,2.2222222222222223
248,K,U,U,U,U,U,U,U,U,U,U,U,U,U,U,U,U,U,U,U,U,1,20,20,1.0
249,I,U,U,U,U,U,U,U,U,U,U,U,U,U,U,O,U,U,U,U,U,2,20,19,2.1052631578947367
250,K,U,U,O,O,U,U,U,U,U,U,U,U,U,O,U,U,U,U,U,U,2,20,17,2.3529411764705883
251,F,U,O,O,O,U,U,U,U,U,U,U,O,O,O,O,U,U,U,U,U,2,20,13,3.076923076923077
252,K,O,O,O,U,O,U,U,U,U,U,O,O,O,U,O,U,U,U,U,U,2,20,12,3.3333333333333335
253,E,U,O,O,O,O,U,U,U,U,H,U,O,O,O,O,U,U,U,U,U,3,20,11,5.454545454545454
254,K,U,O,U,U,U,U,U,H,U,H,U,O,U,O,U,U,U,U,U,U,3,20,15,4.0
255,N,U,U,U,U,O,U,U,H,U,H,U,O,U,U,O,U,U,U,U,U,3,20,15,4.0
256,K,U,O,U,O,O,U,U,H,O,O,U,O,U,O,O,U,U,U,U,U,3,20,11,5.454545454545454
257,N,U,O,U,O,U,H,O,H,O,U,U,O,O,O,U,U,U,U,U,U,3,20,11,5.454545454545454
258,S,O,U,O,O,O,H,U,U,O,U,O,U,O,O,O,U,U,U,U,U,3,20,10,6.0
259,D,O,O,O,O,O,H,O,U,H,O,O,O,O,O,O,U,U,U,U,U,3,20,12,5.0
260,G,O,O,U,O,O,O,O,H,H,O,O,O,O,O,O,U,U,U,U,U,3,20,12,5.0
261,G,U,O,O,U,U,O,O,H,H,O,U,O,O,U,U,U,U,U,U,U,3,20,11,5.454545454545454
262,S,O,O,O,O,O,H,O,H,H,O,O,O,O,O,O,U,U,U,U,U,3,20,12,5.0
263,D,O,O,O,O,O,H,O,U,U,U,O,O,O,O,O,U,U,U,U,U,3,20,11,5.454545454545454
264,P,O,U,O,H,O,H,O,H,H,O,O,U,U,H,O,U,U,U,U,U,3,20,8,7.5
265,E,U,U,U,H,U,H,O,H,H,O,U,U,U,H,U,U,U,U,U,U,3,20,13,4.615384615384615
266,T,U,U,U,H,O,H,O,H,H,H,U,U,U,H,U,U,U,U,U,U,3,20,12,5.0
267,Q,U,U,U,U,U,H,H,H,H,H,U,U,U,U,U,U,U,U,U,U,2,20,15,2.6666666666666665
268,K,U,U,U,U,U,H,H,H,H,H,U,U,U,U,U,U,U,U,U,U,2,20,15,2.6666666666666665
269,E,U,U,U,U,U,H,H,H,H,H,U,U,U,U,U,U,U,U,U,U,2,20,15,2.6666666666666665
270,K,U,U,U,U,U,H,H,H,H,H,U,U,U,U,U,U,U,U,U,U,2,20,15,2.6666666666666665
271,S,U,O,U,O,U,H,H,H,H,H,U,O,U,O,U,U,U,U,U,U,3,20,11,5.454545454545454
272,I,U,O,U,O,O,H,H,O,H,H,U,O,U,O,O,U,U,U,U,U,3,20,9,6.666666666666667
273,Q,H,U,O,O,O,H,H,U,H,H,H,U,O,O,O,U,U,U,U,U,3,20,8,7.5
274,K,H,U,O,U,O,H,H,O,H,H,H,U,O,U,O,U,U,U,U,U,3,20,9,6.666666666666667
275,Q,H,O,U,U,O,H,H,O,H,H,H,O,U,U,O,U,U,U,U,U,3,20,9,6.666666666666667
276,N,O,O,U,U,O,H,H,O,H,H,O,O,U,U,O,U,U,U,U,U,3,20,9,6.666666666666667
277,S,O,U,O,U,U,H,H,O,H,H,O,U,U,U,U,U,U,U,U,U,3,20,12,5.0
278,L,U,U,U,O,O,H,H,O,H,H,U,U,U,O,O,U,U,U,U,U,3,20,11,5.454545454545454
279,G,U,U,U,U,U,H,O,U,H,H,U,U,U,U,U,U,U,U,U,U,3,20,16,3.75
280,S,O,U,U,U,U,H,O,O,H,H,O,U,U,U,U,U,U,U,U,U,3,20,13,4.615384615384615
281,N,O,U,U,U,U,H,H,U,H,H,O,U,U,U,U,U,U,U,U,U,3,20,14,4.285714285714286
282,E,U,U,U,U,U,H,H,U,H,H,U,U,U,U,O,U,U,U,U,U,3,20,15,4.0
283,E,O,U,U,O,O,H,H,H,H,H,O,U,U,O,O,U,U,U,U,U,3,20,9,6.666666666666667
284,K,O,U,U,O,U,U,H,H,H,H,O,U,U,U,U,U,U,U,U,U,3,20,13,4.615384615384615
285,S,U,U,O,U,U,U,H,H,H,H,U,U,O,U,U,U,U,U,U,U,3,20,14,4.285714285714286
286,K,S,U,O,U,U,U,O,U,U,U,S,U,U,U,U,U,U,U,U,U,3,20,16,3.75
287,T,U,O,O,O,U,U,O,U,U,U,U,O,U,H,U,U,U,U,U,U,3,20,14,4.285714285714286
288,L,O,U,O,O,O,U,U,U,U,U,O,U,O,H,O,U,U,U,U,U,3,20,12,5.0
289,K,O,O,U,O,O,U,U,U,U,U,O,O,O,H,O,U,U,U,U,U,3,20,11,5.454545454545454
290,K,O,S,O,U,U,U,U,U,U,U,O,O,O,U,U,U,U,U,U,U,3,20,14,4.285714285714286
291,S,O,O,U,U,O,U,U,U,U,U,O,O,U,U,O,U,U,U,U,U,2,20,14,2.857142857142857
292,N,U,O,O,U,O,U,U,U,U,U,U,O,O,U,O,U,U,U,U,U,2,20,14,2.857142857142857
293,P,U,O,O,O,O,O,O,O,O,O,U,O,O,O,O,O,O,O,O,O,2,20,18,2.2222222222222223
294,Y,O,S,O,O,O,O,O,O,O,O,O,O,O,O,O,O,O,O,O,O,2,20,19,2.1052631578947367
295,G,O,U,O,O,O,O,O,O,O,O,O,U,O,O,O,U,U,U,U,U,2,20,13,3.076923076923077
296,E,U,U,O,O,U,U,U,U,U,U,U,U,U,O,U,U,U,U,U,U,2,20,17,2.3529411764705883
297,W,O,O,U,O,U,U,U,U,U,U,O,O,U,U,U,U,U,U,U,U,2,20,15,2.6666666666666665
298,Q,O,U,U,O,U,U,U,U,U,U,O,U,U,O,U,U,U,U,U,U,2,20,16,2.5
299,E,U,U,U,U,U,U,U,U,U,U,U,U,U,U,U,U,U,U,U,U,1,20,20,1.0
300,I,U,U,U,U,U,U,U,U,U,U,U,U,U,U,U,U,U,U,U,U,1,20,20,1.0
301,K,H,O,U,U,U,U,U,U,U,U,H,O,U,U,U,U,U,U,U,U,3,20,16,3.75
302,Q,H,O,O,O,U,U,U,U,U,U,H,O,O,O,U,U,U,U,U,U,3,20,12,5.0
303,E,H,O,O,O,O,U,U,U,U,U,H,O,O,H,O,U,U,U,U,U,3,20,10,6.0
304,V,H,O,O,O,O,U,U,U,U,U,H,O,O,H,O,U,U,U,U,U,3,20,10,6.0
305,E,U,U,U,O,U,U,O,U,U,U,U,U,O,H,U,U,U,U,U,U,3,20,16,3.75
306,S,U,O,U,O,U,U,O,U,U,U,U,O,U,O,U,U,U,U,U,U,2,20,15,2.6666666666666665
307,H,O,O,O,O,O,U,U,U,U,U,O,O,O,O,O,U,U,U,U,U,2,20,10,4.0
308,E,U,O,O,O,U,U,U,U,U,U,U,O,O,O,U,U,U,U,U,U,2,20,14,2.857142857142857
309,E,U,U,U,O,U,U,U,U,U,U,U,U,O,O,U,U,U,U,U,U,2,20,17,2.3529411764705883
310,V,U,O,U,O,U,U,U,U,U,U,U,O,U,O,U,U,U,U,U,U,2,20,16,2.5
311,D,U,U,U,U,U,U,U,U,U,U,U,U,U,U,U,U,U,U,U,U,1,20,20,1.0
312,L,O,O,O,O,O,U,U,U,U,U,O,O,O,O,O,U,U,U,U,U,2,20,10,4.0
313,E,O,O,O,O,O,U,U,U,U,U,O,O,O,O,O,U,U,U,U,U,2,20,10,4.0
314,L,O,U,U,O,O,U,U,U,U,U,O,U,U,O,O,U,U,U,U,U,2,20,14,2.857142857142857
315,P,O,U,U,U,O,U,U,U,U,U,O,U,U,U,O,U,U,U,U,U,2,20,16,2.5
316,S,U,U,O,O,U,U,U,U,U,U,U,U,U,O,U,U,U,U,U,U,2,20,17,2.3529411764705883
317,T,U,U,U,U,U,U,U,U,U,U,U,U,U,U,U,U,U,U,U,U,1,20,20,1.0
318,E,U,U,U,U,O,U,U,U,U,U,U,U,U,U,O,U,U,U,U,U,2,20,18,2.2222222222222223
319,N,O,H,U,O,O,U,U,U,U,U,O,H,U,O,O,U,U,U,U,U,3,20,12,5.0
320,E,H,H,U,O,O,U,U,U,U,U,H,H,O,O,H,U,U,U,U,U,3,20,11,5.454545454545454
321,Y,H,H,O,O,H,U,U,U,U,U,H,H,O,O,H,U,U,U,U,U,3,20,10,6.0
322,V,H,H,O,O,H,U,U,U,U,U,H,H,O,O,H,U,U,U,U,U,3,20,10,6.0
323,S,H,H,O,O,H,U,U,U,U,U,H,H,O,O,H,U,U,U,U,U,3,20,10,6.0
324,T,H,U,O,O,H,U,U,U,U,U,H,U,O,O,H,U,U,U,U,U,3,20,12,5.0
325,S,O,U,U,U,O,U,U,U,U,U,O,U,O,U,O,U,U,U,U,U,2,20,15,2.6666666666666665
326,E,U,U,O,U,O,U,U,U,O,U,U,O,O,U,O,U,U,U,U,U,2,20,14,2.857142857142857
327,A,O,U,O,O,O,U,U,U,O,U,O,U,O,O,O,U,U,U,U,U,2,20,11,3.6363636363636362
328,D,O,U,U,U,O,U,O,U,U,U,O,U,U,O,O,U,U,U,U,U,2,20,14,2.857142857142857
329,G,U,U,U,U,U,U,O,H,U,U,U,O,U,U,U,U,U,U,U,U,3,20,17,3.5294117647058822
330,G,O,U,U,U,O,U,U,H,U,U,O,U,U,U,O,U,U,U,U,U,3,20,15,4.0
331,G,O,O,O,U,O,U,U,H,U,U,O,O,O,U,O,U,U,U,U,U,3,20,11,5.454545454545454
332,E,U,U,O,O,O,U,U,U,U,U,U,O,O,U,O,U,U,U,U,U,2,20,14,2.857142857142857
333,P,O,O,O,O,O,U,U,U,U,U,O,O,U,O,O,U,U,U,U,U,2,20,11,3.6363636363636362
334,K,U,O,U,O,O,U,U,U,U,U,U,O,U,O,O,U,U,U,U,U,2,20,14,2.857142857142857
335,V,U,U,U,O,O,U,U,U,U,U,U,U,U,O,O,U,U,U,U,U,2,20,16,2.5
336,V,O,U,O,U,U,U,U,U,U,U,O,U,O,U,U,U,U,U,U,U,2,20,16,2.5
337,F,U,U,U,U,U,U,U,U,U,U,U,U,U,U,U,U,U,U,U,U,1,20,20,1.0
338,K,U,O,U,U,U,U,U,U,U,U,U,O,U,U,U,U,U,U,U,U,2,20,18,2.2222222222222223
339,E,U,U,U,O,O,U,U,U,U,U,U,U,U,O,O,U,U,U,U,U,2,20,16,2.5
340,K,O,O,O,O,O,U,U,U,U,U,O,O,O,O,O,U,U,U,U,U,2,20,10,4.0
341,T,O,S,U,O,U,U,U,U,U,U,O,S,O,O,U,U,U,U,U,U,3,20,13,4.615384615384615
342,V,O,U,U,U,U,U,U,U,U,U,O,U,U,U,U,U,U,U,U,U,2,20,18,2.2222222222222223
343,T,U,U,U,U,U,U,O,O,O,U,U,U,U,U,U,U,U,U,U,U,2,20,17,2.3529411764705883
344,S,O,U,U,U,U,U,O,U,O,O,O,U,U,U,U,U,U,U,U,O,2,20,14,2.857142857142857
345,L,U,U,U,O,U,O,U,U,U,U,U,U,U,O,U,U,O,U,U,U,2,20,16,2.5
346,G,U,U,O,U,U,U,U,U,U,H,U,U,U,U,U,U,U,U,U,U,3,20,18,3.3333333333333335
347,V,O,U,U,U,U,U,O,H,U,H,O,U,O,U,U,U,U,U,U,U,3,20,14,4.285714285714286
348,M,O,O,O,O,U,U,O,H,O,H,O,O,O,O,U,U,U,U,U,U,3,20,10,6.0
349,A,O,O,O,O,O,O,U,H,O,H,O,O,O,O,U,O,U,O,U,O,3,20,14,4.285714285714286
350,D,O,O,O,O,O,O,O,H,O,O,O,O,O,O,O,U,O,U,U,O,3,20,16,3.75
351,G,O,O,O,U,O,O,O,O,O,O,O,O,O,O,O,O,O,O,U,O,2,20,18,2.2222222222222223
352,V,U,U,U,U,O,U,O,O,O,O,U,U,U,U,O,U,U,U,U,U,2,20,14,2.857142857142857
353,A,O,U,O,U,U,U,U,U,U,U,O,U,O,U,U,U,U,U,U,U,2,20,16,2.5
354,P,U,U,O,U,U,U,U,U,U,U,U,U,U,U,U,U,U,U,U,U,2,20,19,2.1052631578947367
355,V,U,U,U,O,U,U,U,U,U,U,U,U,O,O,U,U,U,U,U,U,2,20,17,2.3529411764705883
356,F,O,U,U,U,O,U,U,U,U,U,O,U,U,U,O,U,U,U,U,U,2,20,16,2.5
357,K,O,U,O,U,U,U,U,U,U,U,O,U,O,O,U,U,U,U,U,U,2,20,15,2.6666666666666665
358,K,U,U,U,U,O,U,U,U,U,U,U,U,U,O,O,U,U,U,U,U,2,20,17,2.3529411764705883
359,R,U,O,U,U,U,U,U,U,U,U,U,O,U,U,U,U,U,U,U,U,2,20,18,2.2222222222222223
360,R,O,O,U,U,U,U,U,U,U,U,O,O,U,U,U,U,U,U,U,U,2,20,16,2.5
361,T,U,U,U,U,O,U,U,O,O,U,U,U,U,U,O,U,U,U,U,U,2,20,16,2.5
362,E,O,O,O,O,O,U,U,O,U,U,O,O,U,O,O,U,U,O,O,U,2,20,12,3.3333333333333335
363,N,O,U,O,O,O,O,O,O,O,O,O,U,O,O,O,U,U,U,U,U,2,20,13,3.076923076923077
364,G,O,O,O,O,U,O,O,O,O,U,O,O,O,O,U,U,U,U,U,U,2,20,12,3.3333333333333335
365,K,O,O,O,U,O,O,H,O,O,O,O,O,U,U,O,U,U,U,U,U,3,20,11,5.454545454545454
366,S,O,O,U,H,O,U,H,U,U,O,O,O,U,H,O,U,U,U,U,U,3,20,10,6.0
367,R,U,U,U,H,U,U,H,U,U,O,U,U,O,H,U,U,U,U,U,U,3,20,15,4.0
368,N,U,U,O,H,U,U,U,O,U,U,U,U,O,H,U,U,U,U,U,U,3,20,15,4.0
369,L,O,O,U,O,O,H,U,U,U,U,O,O,U,O,O,U,U,U,U,U,3,20,11,5.454545454545454
370,R,O,O,O,O,O,H,U,U,U,U,O,O,U,O,O,U,U,U,U,U,3,20,10,6.0
371,Q,O,O,O,O,O,H,U,O,U,U,O,O,O,O,O,U,U,U,U,U,3,20,11,5.454545454545454
372,R,O,O,O,O,O,H,U,H,U,U,O,O,O,O,O,U,U,U,U,U,3,20,10,6.0
373,G,O,O,O,O,U,H,O,H,O,O,O,O,O,O,U,U,U,U,U,U,3,20,11,5.454545454545454
374,D,U,U,O,O,O,H,O,H,O,U,U,U,O,O,O,U,U,U,U,U,3,20,10,6.0
375,D,U,U,U,U,O,H,U,H,U,U,U,U,O,U,O,U,U,U,U,U,3,20,15,4.0
376,Q,U,U,U,U,U,U,U,U,U,U,U,U,U,U,U,U,U,U,U,U,1,20,20,1.0
