Pos,Res,P06745_CIT_model1_dssp_acc_SS,P06745_CIT_model2_dssp_acc_SS,P06745_CIT_model3_dssp_acc_SS,P06745_CIT_model4_dssp_acc_SS,P06745_CIT_model5_dssp_acc_SS,P06745_full_model_500952_1_dssp_acc_SS,P06745_full_model_500952_2_dssp_acc_SS,P06745_full_model_500952_3_dssp_acc_SS,P06745_full_model_500952_4_dssp_acc_SS,P06745_full_model_500952_5_dssp_acc_SS,P06745_IT_model1_dssp_acc_SS,P06745_IT_model2_dssp_acc_SS,P06745_IT_model3_dssp_acc_SS,P06745_IT_model4_dssp_acc_SS,P06745_IT_model5_dssp_acc_SS,P06745_ranked_0_dssp_acc_SS,P06745_ranked_1_dssp_acc_SS,P06745_ranked_2_dssp_acc_SS,P06745_ranked_3_dssp_acc_SS,P06745_ranked_4_dssp_acc_SS,dssp_k,dssp_N,dssp_n1,dssp_vkabat
1,M,U,U,U,U,U,U,U,U,U,U,U,U,U,U,U,U,U,U,U,U,1,20,20,1.0
2,A,U,U,U,U,U,U,U,U,U,U,U,U,U,U,U,U,U,U,U,U,1,20,20,1.0
3,A,O,O,O,U,O,O,U,U,U,U,O,O,O,U,O,O,O,U,U,U,2,20,11,3.6363636363636362
4,L,U,O,O,O,O,O,H,H,H,H,U,O,O,O,O,O,O,H,H,H,3,20,11,5.454545454545454
5,T,U,U,O,O,O,O,H,H,H,H,U,U,U,O,O,O,O,H,H,H,3,20,8,7.5
6,R,U,U,O,U,O,O,H,H,H,H,U,U,U,U,O,O,O,H,H,H,3,20,7,8.571428571428571
7,N,U,U,U,O,U,O,O,O,U,O,U,U,U,O,U,U,U,U,U,O,2,20,13,3.076923076923077
8,P,O,U,U,O,O,H,H,H,H,H,O,U,U,O,O,H,H,H,H,H,3,20,10,6.0
9,Q,O,O,O,S,O,H,H,H,H,H,O,U,O,S,O,H,H,H,H,H,4,20,10,8.0
10,F,U,U,O,O,O,H,H,H,H,H,O,U,O,O,O,H,H,H,H,H,3,20,10,6.0
11,Q,O,O,O,O,O,H,H,H,H,H,U,O,O,O,O,H,H,H,H,H,3,20,10,6.0
12,K,U,O,U,O,O,H,H,H,H,H,U,O,U,O,O,H,H,H,H,H,3,20,10,6.0
13,L,O,O,O,U,U,H,H,H,H,H,O,O,O,U,U,H,H,H,H,H,3,20,10,6.0
14,L,O,U,H,U,O,H,H,H,H,H,O,U,H,U,O,H,H,H,H,H,3,20,12,5.0
15,E,O,O,H,H,O,H,H,H,H,H,O,O,H,H,O,H,H,H,H,H,2,20,14,2.857142857142857
16,W,O,O,H,H,O,H,H,H,H,H,U,S,H,H,O,H,H,H,H,H,4,20,14,5.714285714285714
17,H,O,O,H,H,O,H,H,H,H,H,O,S,H,H,O,H,H,H,H,H,3,20,14,4.285714285714286
18,R,O,O,H,H,U,H,H,H,H,H,O,O,H,H,U,H,H,H,H,H,3,20,14,4.285714285714286
19,A,U,O,O,H,U,H,H,H,H,H,U,O,H,H,U,H,H,H,H,H,3,20,13,4.615384615384615
20,N,U,U,U,H,U,H,O,O,H,O,U,S,U,H,U,H,H,H,H,H,4,20,9,8.88888888888889
21,S,U,U,U,O,U,H,H,H,H,H,U,U,U,O,U,H,H,H,H,H,3,20,10,6.0
22,A,U,O,U,U,U,H,H,H,H,H,U,O,U,U,U,H,H,H,H,H,3,20,10,6.0
23,N,U,O,U,O,U,H,H,H,H,H,U,O,U,O,U,H,H,H,H,H,3,20,10,6.0
24,L,U,O,U,S,U,U,U,U,U,U,U,U,U,S,U,U,U,U,U,U,3,20,17,3.5294117647058822
25,K,U,U,U,U,U,U,U,U,U,U,U,U,U,U,U,U,U,U,U,U,1,20,20,1.0
26,L,H,U,U,O,O,H,H,H,H,H,O,U,U,O,O,H,H,H,H,H,3,20,11,5.454545454545454
27,R,H,U,O,O,O,H,H,H,H,H,O,U,O,O,O,H,H,H,H,H,3,20,11,5.454545454545454
28,E,H,U,O,H,O,H,H,H,H,H,O,U,O,H,O,H,H,H,H,H,3,20,13,4.615384615384615
29,L,H,U,O,H,U,H,H,H,H,H,O,U,O,H,U,H,H,H,H,H,3,20,13,4.615384615384615
30,F,H,O,O,H,O,H,H,H,H,H,O,O,O,H,O,H,H,H,H,H,2,20,13,3.076923076923077
31,E,H,O,O,H,O,H,H,H,H,H,O,O,O,H,O,H,H,H,H,H,2,20,13,3.076923076923077
32,A,O,O,O,H,O,H,H,H,H,H,O,O,O,O,O,H,H,H,H,H,2,20,11,3.6363636363636362
33,D,U,O,U,U,U,U,U,U,U,U,U,O,U,U,U,U,U,U,U,U,2,20,18,2.2222222222222223
34,P,O,O,U,O,U,O,O,O,O,O,O,O,U,O,U,O,O,O,O,O,2,20,16,2.5
35,E,O,O,O,U,O,O,O,O,O,O,O,O,O,U,O,O,O,O,O,O,2,20,18,2.2222222222222223
36,R,O,O,O,O,O,H,H,H,H,H,O,O,O,O,O,H,H,H,H,H,2,20,10,4.0
37,F,O,O,U,O,O,H,H,H,H,H,O,O,U,O,O,H,H,H,H,H,3,20,10,6.0
38,N,O,H,O,O,O,H,H,H,H,H,O,H,O,O,O,H,H,H,H,H,2,20,12,3.3333333333333335
39,N,O,H,O,O,O,H,H,H,H,H,O,H,O,O,O,H,H,H,H,H,2,20,12,3.3333333333333335
40,F,O,H,O,O,O,H,H,H,O,H,O,H,O,O,O,O,O,O,O,O,2,20,14,2.857142857142857
41,S,U,S,U,O,U,U,U,U,S,S,U,S,U,O,U,S,S,S,S,S,3,20,9,6.666666666666667
42,L,U,S,S,S,S,S,S,S,S,S,U,S,S,S,S,S,S,S,S,S,2,20,18,2.2222222222222223
43,N,U,S,U,S,U,S,S,S,S,S,U,S,U,S,U,S,S,S,S,S,2,20,14,2.857142857142857
44,L,U,U,U,U,U,S,S,S,S,S,U,U,U,S,U,S,S,S,S,S,2,20,11,3.6363636363636362
45,N,O,O,O,U,O,S,S,S,S,S,O,O,O,U,O,S,S,S,S,S,3,20,10,6.0
46,T,O,O,O,O,O,U,U,S,U,S,O,O,O,O,O,U,U,S,S,S,3,20,10,6.0
47,N,O,O,O,O,O,O,O,O,O,O,O,O,O,O,O,O,O,O,O,O,1,20,20,1.0
48,H,U,U,O,O,U,O,O,O,O,O,O,U,O,O,U,O,O,O,O,O,2,20,15,2.6666666666666665
49,G,O,O,O,O,O,U,U,S,U,S,O,O,O,O,O,U,U,S,S,S,3,20,10,6.0
50,H,U,U,U,U,U,S,S,S,S,S,U,U,U,U,U,S,S,S,S,S,2,20,10,4.0
51,I,S,S,S,S,S,S,S,S,S,S,U,S,S,S,S,S,S,S,S,S,2,20,19,2.1052631578947367
52,L,S,S,S,S,S,S,S,S,S,S,S,S,S,S,S,S,S,S,S,S,1,20,20,1.0
53,V,S,S,S,S,S,S,S,S,S,S,S,S,S,S,S,S,S,S,S,S,1,20,20,1.0
54,D,S,S,S,S,S,S,S,S,S,S,S,S,S,S,S,S,S,S,S,S,1,20,20,1.0
55,Y,S,U,S,U,S,U,U,U,U,U,S,U,S,U,S,U,U,U,U,U,2,20,14,2.857142857142857
56,S,O,O,U,U,O,O,O,O,O,O,S,O,U,U,O,O,O,O,O,O,3,20,15,4.0
57,K,O,O,O,O,O,O,O,O,O,O,O,O,O,O,O,O,O,O,O,O,1,20,20,1.0
58,N,O,O,O,O,O,O,O,O,O,O,U,O,O,O,O,O,O,O,O,O,2,20,19,2.1052631578947367
59,L,U,O,U,U,S,O,O,O,O,O,U,O,U,U,S,O,O,O,O,O,3,20,12,5.0
60,V,U,U,O,U,U,U,U,U,U,U,U,U,O,U,U,U,U,U,U,U,2,20,18,2.2222222222222223
61,N,U,U,U,U,O,U,U,U,U,U,U,U,U,U,O,U,U,U,U,U,2,20,18,2.2222222222222223
62,K,O,O,O,O,O,H,H,H,H,H,O,H,O,O,O,H,H,H,H,H,2,20,11,3.6363636363636362
63,E,O,H,O,O,O,H,H,H,H,H,O,H,O,O,O,H,H,H,H,H,2,20,12,3.3333333333333335
64,V,O,H,O,U,O,H,H,H,H,H,O,H,O,O,O,H,H,H,H,H,3,20,12,5.0
65,M,O,H,O,U,O,H,H,H,H,H,O,H,O,U,O,H,H,H,H,H,3,20,12,5.0
66,Q,O,H,O,O,S,H,H,H,H,H,O,H,O,O,S,H,H,H,H,H,3,20,12,5.0
67,M,O,H,O,O,O,H,H,H,H,H,O,H,O,O,O,H,H,H,H,H,2,20,12,3.3333333333333335
68,L,O,U,O,O,U,H,H,H,H,H,O,U,O,O,U,H,H,H,H,H,3,20,10,6.0
69,V,O,U,U,O,O,H,H,H,H,H,O,U,O,O,O,H,H,H,H,H,3,20,10,6.0
70,E,O,H,O,O,H,H,H,H,H,H,O,O,O,O,H,H,H,H,H,H,2,20,13,3.076923076923077
71,L,O,H,O,O,H,H,H,H,H,H,O,O,O,O,H,H,H,H,H,H,2,20,13,3.076923076923077
72,A,O,H,O,O,H,H,H,H,H,H,O,O,O,O,H,H,H,H,H,H,2,20,13,3.076923076923077
73,K,O,H,O,O,H,H,H,H,H,H,O,H,O,O,H,H,H,H,H,H,2,20,14,2.857142857142857
74,S,O,H,O,O,H,H,H,H,H,H,O,H,H,O,H,H,H,H,H,H,2,20,15,2.6666666666666665
75,R,O,H,O,O,O,O,O,O,O,O,O,H,H,O,O,O,O,O,O,O,2,20,17,2.3529411764705883
76,G,U,H,O,U,U,O,O,O,O,O,U,H,H,U,U,O,O,O,O,O,3,20,11,5.454545454545454
77,V,U,U,O,O,O,H,H,H,H,H,U,U,H,O,O,H,H,H,H,H,3,20,11,5.454545454545454
78,E,U,O,O,O,H,H,H,H,H,H,U,O,O,O,O,H,H,H,H,H,3,20,11,5.454545454545454
79,A,O,O,O,H,H,H,H,H,H,H,U,O,O,H,H,H,H,H,H,H,3,20,14,4.285714285714286
80,A,O,O,O,H,H,H,H,H,H,H,U,O,O,H,H,H,H,H,H,H,3,20,14,4.285714285714286
81,R,O,O,O,H,H,H,H,H,H,H,O,O,O,H,H,H,H,H,H,H,2,20,14,2.857142857142857
82,D,O,O,O,O,H,H,H,H,H,H,O,O,O,O,H,H,H,H,H,H,2,20,12,3.3333333333333335
83,N,O,O,O,U,O,H,H,H,H,H,O,O,O,O,O,H,H,H,H,H,3,20,10,6.0
84,M,O,O,O,O,O,H,H,H,H,H,O,O,O,O,O,H,H,H,H,H,2,20,10,4.0
85,F,O,O,O,U,O,H,H,H,H,H,O,O,O,U,O,H,H,H,H,H,3,20,10,6.0
86,S,U,O,O,O,O,H,H,H,H,H,U,O,O,O,O,H,H,H,O,O,3,20,10,6.0
87,G,O,O,O,O,O,O,O,O,O,O,O,O,O,O,O,O,O,O,O,O,1,20,20,1.0
88,S,O,U,O,U,O,U,U,U,U,U,O,U,O,U,O,U,U,U,U,U,2,20,14,2.857142857142857
89,K,O,U,O,O,U,S,S,S,S,S,O,U,O,O,U,U,U,U,U,U,3,20,9,6.666666666666667
90,I,O,U,U,O,U,S,S,S,S,S,O,U,U,O,U,U,U,U,U,U,3,20,11,5.454545454545454
91,N,U,U,O,U,O,S,S,S,S,S,U,U,O,U,U,S,S,S,S,S,3,20,10,6.0
92,Y,U,O,O,U,O,O,O,O,O,O,U,O,O,U,O,O,O,O,O,O,2,20,16,2.5
93,T,O,O,O,O,O,O,O,O,O,O,O,O,O,O,O,O,O,O,O,O,1,20,20,1.0
94,E,O,O,O,O,O,O,O,O,O,O,O,O,O,O,O,O,O,O,O,O,1,20,20,1.0
95,N,O,U,O,O,O,O,O,O,O,O,O,U,O,O,O,O,O,O,O,O,2,20,18,2.2222222222222223
96,R,U,U,O,U,O,S,S,S,S,S,U,U,O,U,O,S,S,S,S,S,3,20,10,6.0
97,A,U,U,O,O,U,S,S,S,S,S,U,U,O,O,U,U,U,U,U,U,3,20,11,5.454545454545454
98,V,O,U,O,O,U,U,U,U,U,U,O,U,O,O,U,U,U,U,U,U,2,20,14,2.857142857142857
99,L,O,U,U,U,U,U,U,U,U,U,O,U,U,U,U,U,U,U,U,U,2,20,18,2.2222222222222223
100,H,H,O,O,U,O,H,O,O,H,H,O,O,O,U,H,O,O,O,H,H,3,20,11,5.454545454545454
101,V,H,H,O,U,O,H,H,H,H,H,O,H,O,U,H,O,O,O,H,H,3,20,11,5.454545454545454
102,A,H,H,O,U,O,H,H,H,H,H,O,H,O,U,H,H,H,H,H,H,3,20,14,4.285714285714286
103,L,H,H,O,O,O,H,H,H,H,H,O,H,O,O,H,H,H,H,H,H,2,20,14,2.857142857142857
104,R,O,H,O,U,O,H,H,H,H,H,O,H,O,U,O,H,H,H,O,O,3,20,10,6.0
105,N,U,O,O,U,U,U,U,U,U,U,O,O,O,U,U,U,U,U,U,U,2,20,15,2.6666666666666665
106,R,U,O,U,U,U,O,U,U,U,O,U,O,U,U,U,O,O,O,O,O,2,20,11,3.6363636363636362
107,S,O,U,U,O,U,O,O,O,O,O,O,U,U,O,U,O,O,O,O,O,2,20,14,2.857142857142857
108,N,O,O,O,O,O,U,O,O,O,U,O,O,O,O,O,U,U,U,U,U,2,20,13,3.076923076923077
109,T,O,O,H,O,O,U,U,U,U,U,O,O,O,O,O,U,U,U,U,U,3,20,10,6.0
110,P,U,O,H,U,U,U,U,U,U,U,U,O,H,U,U,U,U,U,U,U,3,20,16,3.75
111,I,U,U,H,U,U,U,U,U,U,U,U,U,H,U,U,U,U,U,U,U,2,20,18,2.2222222222222223
112,K,O,U,H,O,U,S,S,S,S,S,U,U,H,O,U,S,S,S,S,S,4,20,10,8.0
113,V,O,O,U,O,O,S,S,S,S,S,O,O,U,O,O,S,S,S,S,S,3,20,10,6.0
114,D,O,O,U,U,O,O,O,O,O,O,O,O,U,U,O,O,O,O,O,O,2,20,16,2.5
115,G,O,U,O,O,O,O,O,O,O,O,O,U,O,O,O,O,O,O,O,O,2,20,18,2.2222222222222223
116,K,O,O,O,O,O,S,S,S,S,S,O,O,O,O,O,S,S,S,S,S,2,20,10,4.0
117,D,U,O,O,O,O,S,S,S,S,S,U,O,O,O,O,S,S,S,S,S,3,20,10,6.0
118,V,H,O,O,U,H,U,U,U,U,U,O,O,O,O,O,O,O,O,U,U,3,20,10,6.0
119,M,H,H,O,U,H,H,O,H,H,H,H,H,O,U,O,H,H,H,H,H,3,20,14,4.285714285714286
120,P,H,H,U,H,H,H,O,H,H,H,H,H,U,H,H,H,H,H,H,H,3,20,17,3.5294117647058822
121,E,H,H,O,H,H,H,H,H,H,H,H,H,O,H,H,H,H,H,H,H,2,20,18,2.2222222222222223
122,V,H,H,H,H,H,H,H,H,H,H,H,H,H,H,H,H,H,H,H,H,1,20,20,1.0
123,N,H,H,H,H,H,H,H,H,H,H,H,H,H,H,H,H,H,H,H,H,1,20,20,1.0
124,R,H,H,H,H,H,H,H,H,H,H,H,H,H,H,H,H,H,H,H,H,1,20,20,1.0
125,V,H,H,H,H,H,H,H,H,H,H,H,H,H,O,H,H,H,H,H,H,2,20,19,2.1052631578947367
126,L,H,H,H,H,H,H,H,H,H,H,H,H,H,H,H,H,H,H,H,H,1,20,20,1.0
127,D,H,H,H,H,H,H,H,H,H,H,H,H,H,H,H,H,H,H,H,H,1,20,20,1.0
128,K,H,H,H,H,H,H,H,H,H,H,H,H,H,H,H,H,H,H,H,H,1,20,20,1.0
129,M,H,H,H,H,H,H,H,H,H,H,H,H,H,H,H,H,H,H,H,H,1,20,20,1.0
130,K,H,H,H,H,H,H,H,H,H,H,H,H,H,H,H,H,H,H,H,H,1,20,20,1.0
131,S,H,H,H,H,H,H,H,H,H,H,H,H,H,H,H,H,H,H,H,H,1,20,20,1.0
132,F,H,H,H,H,H,H,H,H,H,H,H,H,H,H,H,H,H,H,H,H,1,20,20,1.0
133,C,H,H,H,H,H,H,H,H,H,H,H,H,H,H,H,H,H,H,H,H,1,20,20,1.0
134,Q,H,H,H,H,H,H,H,H,H,H,H,H,H,H,H,H,H,H,H,H,1,20,20,1.0
135,R,H,H,H,H,H,H,H,H,H,H,H,H,H,H,H,H,H,H,H,H,1,20,20,1.0
136,V,H,H,H,H,H,H,H,H,H,H,H,H,H,H,H,H,H,H,H,H,1,20,20,1.0
137,R,H,H,H,H,O,H,H,H,H,H,H,H,H,H,O,H,H,H,H,H,2,20,18,2.2222222222222223
138,S,H,H,H,H,O,O,O,O,O,O,H,H,H,H,O,H,H,H,H,H,2,20,13,3.076923076923077
139,G,O,O,O,U,U,O,O,O,O,O,O,O,O,O,U,O,O,O,O,O,2,20,17,2.3529411764705883
140,D,O,U,U,U,U,U,U,U,U,U,O,U,U,U,U,U,U,U,U,U,2,20,18,2.2222222222222223
141,W,O,O,O,O,O,O,O,O,O,U,O,O,O,O,O,O,O,O,O,O,2,20,19,2.1052631578947367
142,K,U,U,U,U,U,S,S,S,S,U,U,U,U,U,U,S,S,S,S,S,2,20,11,3.6363636363636362
143,G,U,U,U,U,O,U,U,U,U,O,U,U,U,U,O,U,U,U,U,U,2,20,17,2.3529411764705883
144,Y,O,O,O,O,O,O,O,O,O,O,O,O,O,O,O,O,O,O,O,O,1,20,20,1.0
145,T,O,O,O,O,O,O,O,O,O,O,O,O,O,O,O,O,O,O,O,O,1,20,20,1.0
146,G,O,U,O,O,O,O,O,O,O,O,O,U,O,O,O,O,O,O,O,O,2,20,18,2.2222222222222223
147,K,O,O,U,U,O,U,U,U,U,O,U,O,U,U,O,U,U,U,U,U,2,20,14,2.857142857142857
148,S,U,U,U,U,U,S,S,S,S,U,U,U,U,U,U,S,S,S,S,S,2,20,11,3.6363636363636362
149,I,U,U,U,U,U,U,U,U,U,U,U,U,U,U,U,U,U,U,U,U,1,20,20,1.0
150,T,U,U,O,U,U,U,U,U,U,U,U,U,O,U,U,U,U,U,U,U,2,20,18,2.2222222222222223
151,D,S,S,S,S,U,S,S,S,S,S,S,S,S,S,U,S,S,S,S,S,2,20,18,2.2222222222222223
152,I,S,S,S,S,S,S,S,S,S,S,S,S,S,S,S,S,S,S,S,S,1,20,20,1.0
153,I,S,S,S,S,S,S,S,S,S,S,S,S,S,S,S,S,S,S,S,S,1,20,20,1.0
154,N,S,S,S,S,S,S,S,S,S,S,S,S,S,S,S,S,S,S,S,S,1,20,20,1.0
155,I,U,S,S,S,U,S,S,S,S,S,S,S,S,S,U,S,S,S,S,S,2,20,17,2.3529411764705883
156,G,U,S,U,S,U,U,S,U,U,U,U,S,U,S,U,U,U,U,U,U,2,20,15,2.6666666666666665
157,I,U,O,O,O,U,U,S,U,U,U,U,O,U,O,U,U,U,U,U,U,3,20,14,4.285714285714286
158,G,H,O,O,O,H,O,O,O,O,O,O,O,O,H,H,H,H,O,H,H,2,20,12,3.3333333333333335
159,G,H,H,O,H,H,H,H,H,H,H,O,H,O,H,H,H,H,H,H,H,2,20,17,2.3529411764705883
160,S,H,H,O,H,H,H,H,H,H,H,O,H,O,H,H,H,H,H,H,H,2,20,17,2.3529411764705883
161,D,H,H,O,H,O,H,H,H,H,H,O,H,O,H,O,O,O,H,O,O,2,20,11,3.6363636363636362
162,L,H,H,O,H,O,H,H,H,H,H,H,H,O,H,O,H,H,H,H,H,2,20,16,2.5
163,G,O,H,H,H,O,H,H,H,H,H,H,H,H,H,O,H,H,H,H,H,2,20,17,2.3529411764705883
164,P,H,H,H,H,H,H,H,H,H,H,H,H,H,H,H,H,H,H,H,H,1,20,20,1.0
165,L,H,H,H,H,H,H,H,H,H,H,H,H,H,H,H,H,H,H,H,H,1,20,20,1.0
166,M,H,H,H,H,H,H,H,H,H,H,H,H,H,H,H,H,H,H,H,H,1,20,20,1.0
167,V,H,H,H,H,H,H,H,H,H,H,H,H,H,H,H,H,H,H,H,H,1,20,20,1.0
168,T,H,H,H,H,H,H,H,H,H,H,H,H,H,H,H,H,H,H,H,H,1,20,20,1.0
169,E,H,H,H,O,H,H,H,H,H,H,H,H,H,O,H,H,H,H,H,H,2,20,18,2.2222222222222223
170,A,H,H,H,O,H,H,H,H,H,H,H,H,H,O,H,H,H,H,H,H,2,20,18,2.2222222222222223
171,L,O,H,H,O,O,O,O,O,O,O,O,O,H,O,O,O,O,O,O,O,2,20,17,2.3529411764705883
172,K,U,U,U,U,U,H,H,H,H,H,O,U,U,U,U,H,H,H,H,H,3,20,10,6.0
173,P,O,O,U,O,O,H,H,H,H,H,O,O,U,O,O,H,H,H,H,H,3,20,10,6.0
174,Y,U,U,U,O,O,H,H,H,H,H,O,U,U,U,O,H,H,H,H,H,3,20,10,6.0
175,S,O,U,O,U,U,U,U,U,U,U,O,U,O,U,U,U,U,U,U,U,2,20,16,2.5
176,K,O,U,O,O,U,U,U,U,U,U,O,U,O,O,U,O,O,O,O,O,2,20,11,3.6363636363636362
177,G,O,O,O,O,U,O,O,O,O,O,U,O,O,O,U,O,O,O,O,O,2,20,17,2.3529411764705883
178,G,U,O,O,U,O,O,U,U,U,U,U,O,O,U,O,O,O,O,O,O,2,20,12,3.3333333333333335
179,P,U,U,U,U,O,U,U,U,U,U,U,U,U,U,O,U,U,U,U,U,2,20,18,2.2222222222222223
180,R,S,S,S,S,U,S,S,S,S,S,S,S,S,S,U,S,S,S,S,S,2,20,18,2.2222222222222223
181,V,S,U,S,S,S,S,S,S,S,S,S,U,S,S,S,S,S,S,S,S,2,20,18,2.2222222222222223
182,W,S,U,S,S,S,S,S,S,S,S,S,U,S,S,S,S,S,S,S,S,2,20,18,2.2222222222222223
183,F,S,S,S,S,S,S,S,S,S,S,S,S,S,S,S,S,S,S,S,S,1,20,20,1.0
184,V,U,S,S,U,U,S,S,S,S,S,S,S,S,S,U,S,S,S,S,S,2,20,16,2.5
185,S,U,U,U,U,U,U,S,U,U,U,U,U,O,U,U,U,U,U,U,U,3,20,18,3.3333333333333335
186,N,U,O,U,O,U,O,O,O,U,U,O,O,U,O,U,U,U,U,U,U,2,20,12,3.3333333333333335
187,I,O,O,U,O,O,O,U,O,U,U,U,O,U,U,O,O,O,O,O,O,2,20,13,3.076923076923077
188,D,U,U,U,U,O,U,U,U,U,U,U,U,U,U,O,O,O,O,O,O,2,20,13,3.076923076923077
189,G,U,H,O,H,O,U,H,H,H,H,O,H,O,O,O,H,H,H,H,H,3,20,12,5.0
190,T,H,H,H,H,O,H,H,H,H,H,O,H,H,H,O,H,H,H,H,H,2,20,17,2.3529411764705883
191,H,H,H,H,H,H,H,H,H,H,H,O,H,H,H,H,H,H,H,H,H,2,20,19,2.1052631578947367
192,I,H,H,H,H,H,H,H,H,H,H,H,H,H,H,H,H,H,H,H,H,1,20,20,1.0
193,A,H,H,H,H,H,H,H,H,H,H,H,H,H,H,H,H,H,H,H,H,1,20,20,1.0
194,K,H,H,H,H,H,H,H,H,H,H,H,H,H,H,H,H,H,H,H,H,1,20,20,1.0
195,T,H,H,H,H,O,H,H,H,H,H,H,H,H,H,H,H,H,H,H,H,2,20,19,2.1052631578947367
196,L,H,H,H,H,O,H,H,H,H,H,H,H,H,H,H,H,H,H,H,H,2,20,19,2.1052631578947367
197,A,H,O,H,H,O,H,O,H,H,O,H,O,H,H,H,O,O,O,O,O,2,20,10,4.0
198,S,H,O,H,H,O,O,O,O,O,O,H,O,H,H,H,O,O,O,O,O,2,20,13,3.076923076923077
199,L,U,O,U,U,O,O,O,O,O,O,U,O,O,O,O,U,U,U,U,U,2,20,11,3.6363636363636362
200,S,U,U,U,U,U,U,U,U,U,U,U,U,U,U,U,U,U,U,U,U,1,20,20,1.0
201,P,O,O,O,O,O,H,H,H,H,H,O,O,O,O,O,O,O,O,O,O,2,20,15,2.6666666666666665
202,E,O,O,O,O,O,H,H,H,H,H,O,O,O,O,O,O,O,O,O,O,2,20,15,2.6666666666666665
203,T,O,O,O,O,O,H,H,H,H,H,O,O,O,O,O,O,O,O,O,O,2,20,15,2.6666666666666665
204,S,S,S,S,U,U,S,S,S,S,S,S,S,S,U,U,S,S,S,S,S,2,20,16,2.5
205,L,S,S,U,U,S,S,S,S,S,S,S,S,U,U,S,S,S,S,S,S,2,20,16,2.5
206,F,S,S,U,U,S,S,S,S,S,S,S,S,U,U,S,S,S,S,S,S,2,20,16,2.5
207,I,S,S,S,S,S,S,S,S,S,S,S,S,S,S,S,S,S,S,S,S,1,20,20,1.0
208,I,S,S,S,S,S,S,S,S,S,S,S,S,S,S,S,S,S,S,S,S,1,20,20,1.0
209,A,S,S,S,S,S,S,S,S,S,S,S,S,S,S,S,S,S,S,S,S,1,20,20,1.0
210,S,S,U,U,U,U,U,U,U,U,U,S,U,S,U,S,U,U,U,U,U,2,20,16,2.5
211,K,O,O,O,O,O,O,O,O,O,O,O,O,O,O,O,O,O,O,O,O,1,20,20,1.0
212,T,O,O,O,O,O,U,U,U,O,U,O,O,O,O,O,O,O,O,O,O,2,20,16,2.5
213,F,O,O,U,O,O,O,O,O,O,O,O,O,U,O,O,O,O,O,O,O,2,20,18,2.2222222222222223
214,T,O,U,U,U,U,O,O,O,U,O,U,U,U,U,U,U,U,U,U,U,2,20,15,2.6666666666666665
215,T,O,U,U,O,U,U,U,U,U,U,O,U,U,O,U,U,U,U,U,U,2,20,16,2.5
216,Q,O,H,H,H,O,H,H,H,H,H,O,H,H,H,H,H,H,H,H,H,2,20,17,2.3529411764705883
217,E,O,H,H,H,H,H,H,H,H,H,O,H,H,H,H,H,H,H,H,H,2,20,18,2.2222222222222223
218,T,O,H,H,H,H,H,H,H,H,H,H,H,H,H,H,H,H,H,H,H,2,20,19,2.1052631578947367
219,I,O,H,H,H,H,H,H,H,H,H,H,H,H,H,H,H,H,H,H,H,2,20,19,2.1052631578947367
220,T,H,H,H,H,H,H,H,H,H,H,H,H,H,H,H,H,H,H,H,H,1,20,20,1.0
221,N,H,H,H,H,H,H,H,H,H,H,H,H,H,H,H,H,H,H,H,H,1,20,20,1.0
222,A,H,H,H,H,H,H,H,H,H,H,H,H,H,H,H,H,H,H,H,H,1,20,20,1.0
223,E,H,H,H,H,H,H,H,H,H,H,H,H,H,H,H,H,H,H,H,H,1,20,20,1.0
224,T,H,H,H,H,H,H,H,H,H,H,H,H,H,H,H,H,H,H,H,H,1,20,20,1.0
225,A,H,H,H,H,H,H,H,H,H,H,H,H,H,H,H,H,H,H,H,H,1,20,20,1.0
226,K,H,H,H,H,H,H,H,H,H,H,H,H,H,H,H,H,H,H,H,H,1,20,20,1.0
227,E,H,H,H,H,H,H,H,H,H,H,H,H,H,H,H,H,H,H,H,H,1,20,20,1.0
228,W,H,H,H,H,H,H,H,H,H,H,H,H,H,H,H,H,H,H,H,H,1,20,20,1.0
229,F,H,H,H,H,H,H,H,H,H,H,H,H,H,H,H,H,H,H,H,H,1,20,20,1.0
230,L,H,H,H,H,H,H,H,H,H,H,H,H,H,H,H,H,H,H,H,H,1,20,20,1.0
231,E,H,H,H,O,H,H,H,H,H,H,H,H,H,O,H,H,H,H,H,H,2,20,18,2.2222222222222223
232,A,H,H,H,O,H,H,H,H,H,H,H,H,H,O,H,H,H,H,H,H,2,20,18,2.2222222222222223
233,A,O,U,O,U,U,H,H,H,H,H,U,U,O,U,U,H,H,H,H,H,3,20,10,6.0
234,K,U,O,U,O,O,U,U,U,U,U,U,O,U,O,O,U,U,U,U,U,2,20,14,2.857142857142857
235,D,O,O,U,U,U,U,U,U,U,U,U,O,O,U,U,U,U,U,U,U,2,20,16,2.5
236,P,O,O,O,U,O,O,O,O,O,O,O,O,O,U,O,H,H,H,H,H,3,20,13,4.615384615384615
237,S,O,O,H,O,O,H,H,H,H,H,O,O,H,O,O,H,H,H,H,H,2,20,12,3.3333333333333335
238,A,O,O,H,U,O,H,H,H,H,H,O,O,H,H,O,H,H,H,H,H,3,20,13,4.615384615384615
239,V,O,O,H,U,O,H,H,H,H,H,O,O,H,H,O,H,H,H,H,H,3,20,13,4.615384615384615
240,A,O,O,H,O,O,H,H,H,H,H,O,O,H,H,H,H,H,H,H,H,2,20,14,2.857142857142857
241,K,O,O,H,O,O,H,H,H,H,H,O,O,H,H,H,H,H,H,H,H,2,20,14,2.857142857142857
242,H,O,O,O,O,O,H,H,H,H,H,O,O,O,O,H,H,H,H,H,H,2,20,11,3.6363636363636362
243,F,S,S,U,U,S,S,S,S,S,S,S,S,U,U,S,S,S,S,S,S,2,20,16,2.5
244,V,S,S,S,S,S,S,S,S,S,S,S,S,S,S,S,S,S,S,S,S,1,20,20,1.0
245,A,S,S,S,S,S,S,S,S,S,S,S,S,S,S,S,S,S,S,S,S,1,20,20,1.0
246,L,S,S,S,S,S,S,S,S,S,S,S,S,S,S,S,S,S,S,S,S,1,20,20,1.0
247,S,S,S,S,U,S,S,U,S,S,S,S,S,S,U,S,S,S,U,U,U,2,20,14,2.857142857142857
248,T,O,O,O,O,O,O,O,O,O,O,U,O,O,O,O,O,O,O,O,O,2,20,19,2.1052631578947367
249,N,O,U,O,O,O,U,U,U,U,U,O,U,O,O,O,U,U,U,U,U,2,20,12,3.3333333333333335
250,T,O,O,O,O,O,H,O,H,H,H,O,H,O,O,O,H,H,H,H,H,2,20,10,4.0
251,A,O,O,O,U,O,H,H,H,H,H,O,H,O,U,O,H,H,H,H,H,3,20,11,5.454545454545454
252,K,O,O,O,O,O,H,H,H,H,H,O,H,O,O,O,H,H,H,H,H,2,20,11,3.6363636363636362
253,V,O,O,O,O,H,H,H,H,H,H,O,H,O,O,H,H,H,H,H,H,2,20,13,3.076923076923077
254,K,O,O,O,O,H,H,H,H,H,H,H,H,O,O,H,H,H,H,H,H,2,20,14,2.857142857142857
255,E,O,O,O,H,H,H,O,H,H,H,H,O,O,H,H,H,H,H,H,H,2,20,14,2.857142857142857
256,F,O,O,O,H,H,O,O,O,O,O,H,O,O,H,H,H,H,H,H,H,2,20,10,4.0
257,G,O,O,O,H,O,O,O,O,O,O,H,O,O,H,O,O,O,O,O,O,2,20,17,2.3529411764705883
258,I,U,O,O,H,O,U,U,U,U,U,O,O,O,H,O,U,U,U,U,U,3,20,11,5.454545454545454
259,D,O,O,O,O,O,U,U,U,U,U,O,O,O,O,O,U,U,U,U,U,2,20,10,4.0
260,P,O,O,O,O,O,H,H,H,H,H,O,O,O,O,O,H,H,H,H,H,2,20,10,4.0
261,Q,U,U,O,O,O,H,H,H,H,H,O,U,O,O,U,H,H,H,H,H,3,20,10,6.0
262,N,O,O,U,O,U,H,H,H,H,H,O,O,U,U,U,H,H,H,H,H,3,20,10,6.0
263,M,S,U,S,U,S,S,S,S,S,S,U,U,S,S,S,S,S,S,S,S,2,20,16,2.5
264,F,S,S,S,S,S,S,S,S,S,S,S,U,U,S,S,S,S,S,S,S,2,20,18,2.2222222222222223
265,E,U,S,S,U,S,S,U,S,S,S,U,S,U,U,S,S,S,U,U,U,2,20,11,3.6363636363636362
266,F,U,U,U,U,U,U,U,U,U,U,U,U,U,U,U,U,U,U,U,U,1,20,20,1.0
267,W,U,U,U,U,U,U,U,U,U,U,U,U,U,U,U,U,U,U,U,U,1,20,20,1.0
268,D,O,O,O,O,O,O,O,H,O,O,O,O,O,O,O,O,O,O,O,O,2,20,19,2.1052631578947367
269,W,O,O,O,O,O,O,O,H,O,O,O,O,O,O,O,O,O,O,O,O,2,20,19,2.1052631578947367
270,V,U,O,U,U,O,U,U,H,O,O,U,O,U,U,O,O,O,U,O,O,3,20,10,6.0
271,G,U,U,O,U,U,U,U,U,U,U,U,U,O,U,U,U,U,U,U,U,2,20,18,2.2222222222222223
272,G,H,O,U,O,O,H,H,O,H,O,O,O,U,O,O,H,H,H,H,H,3,20,9,6.666666666666667
273,R,H,O,O,O,O,H,H,O,H,O,O,O,O,O,O,H,H,H,H,H,2,20,11,3.6363636363636362
274,Y,H,H,U,O,U,H,H,O,H,O,O,H,U,O,U,H,H,H,H,H,3,20,11,5.454545454545454
275,S,O,H,U,U,U,H,H,U,H,U,U,H,U,U,U,U,U,H,U,U,3,20,13,4.615384615384615
276,L,O,H,O,O,O,H,H,O,H,O,O,H,O,O,O,O,O,H,O,O,2,20,14,2.857142857142857
277,W,O,H,O,O,O,H,H,O,H,O,O,H,O,O,O,O,O,H,O,O,2,20,14,2.857142857142857
278,S,O,O,O,O,O,O,O,O,O,O,O,O,O,O,O,O,O,O,O,O,1,20,20,1.0
279,A,O,O,O,H,O,H,H,H,H,H,O,O,O,O,O,H,H,H,H,H,2,20,11,3.6363636363636362
280,I,H,H,H,H,H,H,H,H,H,H,O,H,H,H,H,H,H,H,H,H,2,20,19,2.1052631578947367
281,G,H,H,H,H,H,H,H,H,H,H,O,H,H,H,H,H,H,H,H,H,2,20,19,2.1052631578947367
282,L,H,H,H,H,H,H,H,H,H,H,O,H,H,H,H,H,H,H,H,H,2,20,19,2.1052631578947367
283,S,H,H,H,H,H,H,H,H,H,H,H,H,H,H,H,H,H,H,H,H,1,20,20,1.0
284,I,H,H,H,H,H,H,H,H,H,H,H,H,H,H,H,H,H,H,H,H,1,20,20,1.0
285,A,H,H,H,H,H,H,H,H,H,H,H,H,H,H,H,H,H,H,H,H,1,20,20,1.0
286,L,H,H,H,H,H,H,H,H,H,H,H,O,H,H,H,H,H,H,H,H,2,20,19,2.1052631578947367
287,H,O,O,H,H,H,H,H,H,H,H,H,O,H,H,H,H,H,H,H,H,2,20,17,2.3529411764705883
288,V,O,O,H,H,H,H,H,H,H,H,O,O,H,H,H,H,H,H,H,H,2,20,16,2.5
289,G,U,O,U,O,U,U,U,U,U,U,U,O,U,O,U,U,U,U,U,U,2,20,16,2.5
290,F,O,O,U,O,H,H,H,H,H,H,U,U,U,O,H,H,H,H,H,H,3,20,12,5.0
291,D,H,O,O,O,H,H,H,H,H,H,O,U,O,O,H,H,H,H,H,H,3,20,13,4.615384615384615
292,H,H,O,O,H,H,H,H,H,H,H,H,O,O,H,H,H,H,H,H,H,2,20,16,2.5
293,F,H,O,O,H,H,H,H,H,H,H,H,O,O,H,H,H,H,H,H,H,2,20,16,2.5
294,E,H,H,O,H,H,H,H,H,H,H,H,H,O,H,H,H,H,H,H,H,2,20,18,2.2222222222222223
295,Q,H,H,O,H,H,H,H,H,H,H,H,H,O,H,H,H,H,H,H,H,2,20,18,2.2222222222222223
296,L,H,H,H,H,H,H,H,H,H,H,H,H,H,H,H,H,H,H,H,H,1,20,20,1.0
297,L,H,H,H,H,H,H,H,H,H,H,H,H,H,H,H,H,H,H,H,H,1,20,20,1.0
298,S,H,H,H,H,H,H,H,H,H,H,H,H,H,H,H,H,H,H,H,H,1,20,20,1.0
299,G,H,H,H,H,H,H,H,H,H,H,H,H,H,H,H,H,H,H,H,H,1,20,20,1.0
300,A,H,H,H,H,H,H,H,H,H,H,H,H,H,H,H,H,H,H,H,H,1,20,20,1.0
301,H,H,H,H,H,H,H,H,H,H,H,H,H,H,H,H,H,H,H,H,H,1,20,20,1.0
302,W,H,O,H,H,H,H,H,H,H,H,H,H,H,H,H,H,H,H,H,H,2,20,19,2.1052631578947367
303,M,H,O,H,H,H,H,H,H,H,H,H,H,H,H,H,H,H,H,H,H,2,20,19,2.1052631578947367
304,D,H,H,O,H,H,H,H,H,H,H,H,H,O,H,H,H,H,H,H,H,2,20,18,2.2222222222222223
305,Q,H,H,O,H,H,H,H,H,H,H,H,H,O,H,H,H,H,H,H,H,2,20,18,2.2222222222222223
306,H,H,H,O,H,H,H,H,H,H,H,H,H,O,O,H,H,H,H,H,H,2,20,17,2.3529411764705883
307,F,H,H,O,O,H,H,H,H,H,H,H,H,O,O,H,H,H,H,H,H,2,20,16,2.5
308,L,H,H,O,U,H,H,H,H,H,H,H,H,O,U,H,H,H,H,H,H,3,20,16,3.75
309,K,O,U,U,U,O,H,H,H,H,H,O,U,U,O,O,H,H,H,H,H,3,20,10,6.0
310,T,O,U,O,O,U,O,O,O,O,O,O,U,O,O,U,O,O,O,O,O,2,20,16,2.5
311,P,O,O,U,O,U,U,U,U,U,U,U,O,U,O,U,U,U,U,U,U,2,20,15,2.6666666666666665
312,L,O,O,H,O,O,O,H,H,H,O,O,O,H,O,O,H,H,H,H,H,2,20,10,4.0
313,E,O,O,H,O,O,O,H,H,H,O,O,O,H,O,O,H,H,H,H,H,2,20,10,4.0
314,K,O,O,H,O,O,O,H,H,H,O,O,O,H,O,O,H,H,H,H,H,2,20,10,4.0
315,N,U,U,O,U,U,U,U,U,U,U,U,U,O,U,U,U,U,U,U,U,2,20,18,2.2222222222222223
316,A,H,H,O,H,H,H,H,H,H,H,U,H,O,H,H,H,H,H,H,H,3,20,17,3.5294117647058822
317,P,H,H,H,H,H,H,H,H,H,H,O,H,H,H,H,H,H,H,H,H,2,20,19,2.1052631578947367
318,V,H,H,H,H,H,H,H,H,H,H,H,H,H,H,H,H,H,H,H,H,1,20,20,1.0
319,L,H,H,H,H,H,H,H,H,H,H,H,H,H,H,H,H,H,H,H,H,1,20,20,1.0
320,L,H,H,H,H,H,H,H,H,H,H,H,H,H,H,H,H,H,H,H,H,1,20,20,1.0
321,A,H,H,H,H,H,H,H,H,H,H,H,H,H,H,H,H,H,H,H,H,1,20,20,1.0
322,L,H,H,H,H,H,H,H,H,H,H,O,H,H,H,H,H,H,H,H,H,2,20,19,2.1052631578947367
323,L,H,H,H,H,H,H,H,H,H,H,O,H,H,H,H,H,H,H,H,H,2,20,19,2.1052631578947367
324,G,H,H,H,H,H,H,H,H,H,H,O,H,H,H,H,H,H,H,H,H,2,20,19,2.1052631578947367
325,I,O,H,H,O,O,H,H,H,H,H,H,H,H,O,H,H,H,H,H,H,2,20,16,2.5
326,W,O,H,H,O,O,H,H,H,H,H,H,H,H,O,O,H,H,H,H,H,2,20,15,2.6666666666666665
327,Y,O,H,H,O,O,H,H,H,H,H,H,H,H,O,O,H,H,H,H,H,2,20,15,2.6666666666666665
328,I,O,O,H,O,O,H,H,H,H,H,H,O,H,O,O,H,H,H,H,H,2,20,13,3.076923076923077
329,N,O,O,O,O,O,H,H,H,H,H,O,U,H,O,O,H,H,H,H,H,3,20,11,5.454545454545454
330,C,O,O,O,O,O,H,O,H,H,H,O,O,H,O,O,H,H,H,H,H,2,20,10,4.0
331,Y,O,O,O,O,O,O,O,O,O,O,O,O,O,O,O,O,O,O,O,O,1,20,20,1.0
332,G,O,U,O,O,O,U,U,U,U,U,O,U,O,O,O,U,U,U,U,U,2,20,12,3.3333333333333335
333,C,U,O,O,O,U,U,U,U,U,U,U,O,O,O,U,U,U,U,U,U,2,20,14,2.857142857142857
334,E,U,O,U,U,U,U,U,U,U,U,U,O,U,U,U,U,U,U,U,U,2,20,18,2.2222222222222223
335,T,U,U,O,U,U,S,S,S,S,S,U,U,O,U,U,S,S,S,S,S,3,20,10,6.0
336,H,S,S,U,U,U,S,S,S,S,S,S,S,U,U,U,S,S,S,S,S,2,20,14,2.857142857142857
337,A,S,S,S,S,S,S,S,S,S,S,S,S,U,S,S,S,S,S,S,S,2,20,19,2.1052631578947367
338,L,S,S,S,S,S,S,S,S,S,S,S,S,S,S,S,S,S,S,S,S,1,20,20,1.0
339,L,S,S,S,U,U,S,S,S,S,S,S,S,S,U,U,S,S,S,S,S,2,20,16,2.5
340,P,S,S,S,U,U,S,S,S,S,S,S,S,S,U,U,S,S,S,S,S,2,20,16,2.5
341,Y,U,O,U,O,U,U,U,U,U,U,U,O,U,O,U,O,O,O,O,O,2,20,11,3.6363636363636362
342,D,U,U,U,U,U,O,O,O,O,O,O,U,U,U,U,U,U,O,O,O,2,20,11,3.6363636363636362
343,Q,O,O,O,H,O,H,H,O,H,H,O,O,H,H,O,O,H,H,H,O,2,20,10,4.0
344,Y,O,O,O,H,O,H,H,O,H,H,O,H,H,H,O,O,H,H,H,H,2,20,12,3.3333333333333335
345,M,O,O,O,H,O,H,H,U,H,H,O,H,H,H,O,O,H,H,H,H,3,20,12,5.0
346,H,H,O,H,H,H,O,O,O,O,O,H,H,H,H,H,O,O,O,O,H,2,20,10,4.0
347,R,H,O,H,H,H,O,O,O,O,O,H,H,H,H,H,O,O,O,O,H,2,20,10,4.0
348,F,H,H,H,H,H,H,H,H,H,H,H,H,H,H,H,H,H,H,H,H,1,20,20,1.0
349,A,H,H,H,H,H,H,H,H,H,H,H,H,H,H,H,H,H,H,H,H,1,20,20,1.0
350,A,H,H,H,H,H,H,H,H,H,H,H,H,H,H,H,H,H,H,H,H,1,20,20,1.0
351,Y,H,H,O,H,H,H,H,H,H,H,H,H,H,H,H,H,H,H,H,H,2,20,19,2.1052631578947367
352,F,H,H,O,H,H,H,H,H,H,H,H,H,O,H,H,H,H,H,H,H,2,20,18,2.2222222222222223
353,Q,H,H,O,H,H,H,H,H,H,H,H,H,O,H,H,H,H,H,H,H,2,20,18,2.2222222222222223
354,Q,H,H,S,H,H,H,H,H,H,H,H,H,S,H,H,H,H,H,H,H,2,20,18,2.2222222222222223
355,G,H,H,O,H,H,H,H,H,H,H,H,H,O,H,H,H,H,H,H,H,2,20,18,2.2222222222222223
356,D,H,H,O,H,H,H,H,H,H,H,H,H,O,O,H,H,H,H,H,H,2,20,17,2.3529411764705883
357,M,H,H,S,H,H,H,H,H,H,H,H,H,S,H,H,H,H,H,H,H,2,20,18,2.2222222222222223
358,E,H,H,O,H,H,H,H,H,H,H,H,H,O,H,H,H,H,H,H,H,2,20,18,2.2222222222222223
359,S,H,H,O,H,H,H,H,H,H,H,H,H,O,H,H,H,H,H,H,H,2,20,18,2.2222222222222223
360,N,H,H,O,H,O,O,H,O,H,H,O,H,O,H,O,H,H,H,H,H,2,20,13,3.076923076923077
361,G,S,U,U,U,O,O,U,O,O,U,U,U,U,U,O,U,U,U,U,U,3,20,14,4.285714285714286
362,K,U,S,U,U,U,U,U,U,O,U,U,U,U,O,U,U,U,U,U,U,3,20,17,3.5294117647058822
363,Y,O,S,O,O,U,U,U,U,U,U,O,O,O,O,U,U,U,U,U,U,3,20,12,5.0
364,I,S,S,O,O,O,S,S,S,S,S,S,S,O,S,O,S,S,S,S,S,2,20,15,2.6666666666666665
365,T,U,S,O,U,U,S,S,S,U,S,U,S,O,U,U,S,S,S,S,S,3,20,11,5.454545454545454
366,K,O,O,O,O,O,O,O,O,O,O,O,O,O,O,O,O,O,O,O,O,1,20,20,1.0
367,S,O,O,O,O,O,O,O,O,O,O,O,O,O,O,O,O,O,O,O,O,1,20,20,1.0
368,G,O,O,O,U,O,O,O,O,O,O,O,O,O,U,O,O,O,O,O,O,2,20,18,2.2222222222222223
369,A,U,S,O,U,O,U,U,U,U,O,U,S,O,U,O,U,U,U,U,U,3,20,13,4.615384615384615
370,R,S,S,O,U,U,S,S,S,S,S,S,S,O,S,U,S,S,S,S,S,3,20,15,4.0
371,V,U,S,O,U,U,U,U,U,U,U,U,U,O,U,U,U,U,U,U,U,3,20,17,3.5294117647058822
372,D,U,S,U,U,U,O,O,U,U,U,U,U,U,U,U,O,O,O,O,O,3,20,12,5.0
373,H,U,S,U,U,O,O,O,O,O,O,U,O,U,U,O,O,O,O,O,O,3,20,13,4.615384615384615
374,Q,O,S,O,O,O,U,U,U,U,U,O,O,O,O,O,U,U,U,U,U,3,20,10,6.0
375,T,O,S,U,O,O,U,U,U,U,U,O,O,U,O,O,U,U,U,U,U,3,20,12,5.0
376,G,O,O,O,O,U,U,O,U,O,O,O,O,O,O,U,O,O,O,O,O,2,20,16,2.5
377,P,U,U,U,O,U,U,U,U,U,U,U,U,U,O,U,U,U,U,U,U,2,20,18,2.2222222222222223
378,I,U,U,U,U,U,S,S,S,S,S,U,U,U,O,U,S,S,S,S,S,3,20,10,6.0
379,V,S,S,U,U,U,S,S,S,S,S,S,S,U,U,U,S,S,S,S,S,2,20,14,2.857142857142857
380,W,S,S,U,S,S,S,S,S,S,S,S,S,U,S,U,S,S,S,S,S,2,20,17,2.3529411764705883
381,G,S,U,S,S,S,U,U,U,U,U,S,U,S,S,S,U,U,U,U,U,2,20,12,3.3333333333333335
382,E,U,U,U,U,U,U,U,U,U,U,U,U,U,U,U,U,U,U,U,U,1,20,20,1.0
383,P,O,O,U,U,U,U,U,U,U,U,U,O,U,U,U,U,U,U,U,U,2,20,17,2.3529411764705883
384,G,O,O,H,O,O,H,H,H,H,H,O,O,H,O,O,O,O,H,H,H,2,20,10,4.0
385,T,U,O,H,O,O,H,H,H,H,H,O,O,H,O,O,O,O,H,H,H,3,20,10,6.0
386,N,O,O,H,O,O,H,H,H,H,H,O,O,H,O,O,H,H,H,H,H,2,20,12,3.3333333333333335
387,G,O,O,H,O,U,H,H,H,H,H,U,O,H,O,U,H,H,H,H,H,3,20,12,5.0
388,Q,O,O,H,O,U,H,H,O,H,O,O,O,H,O,U,H,H,H,H,H,3,20,10,6.0
389,H,O,O,H,O,O,H,H,O,H,O,O,O,H,O,O,H,H,O,O,O,2,20,13,3.076923076923077
390,A,O,O,H,O,O,H,H,O,H,O,O,O,H,O,O,O,O,O,O,O,2,20,15,2.6666666666666665
391,F,O,O,O,O,O,H,O,O,O,O,O,O,O,O,O,O,O,O,O,O,2,20,19,2.1052631578947367
392,Y,O,H,H,O,O,H,H,H,H,H,O,H,H,O,O,H,H,H,H,H,2,20,14,2.857142857142857
393,Q,H,H,H,H,O,H,H,H,H,H,O,H,H,H,O,H,H,H,H,H,2,20,17,2.3529411764705883
394,L,H,H,H,H,O,H,H,H,H,H,O,H,H,H,O,H,H,H,H,H,2,20,17,2.3529411764705883
395,I,H,H,H,H,O,H,H,H,H,H,O,H,H,H,O,H,H,H,H,H,2,20,17,2.3529411764705883
396,H,H,H,O,H,O,H,H,H,H,H,O,H,H,H,O,H,H,H,H,H,2,20,16,2.5
397,Q,H,H,O,O,U,O,H,H,O,H,O,H,O,O,U,H,H,H,H,H,3,20,11,5.454545454545454
398,G,U,U,O,O,O,U,O,O,U,O,U,U,O,O,O,O,O,O,O,O,2,20,14,2.857142857142857
399,T,U,O,U,O,O,O,O,O,O,O,U,O,U,O,O,O,O,O,O,O,2,20,16,2.5
400,K,O,O,U,U,O,O,O,O,O,O,O,O,O,O,O,U,U,O,O,O,2,20,16,2.5
401,M,U,U,U,U,U,U,U,U,U,U,U,U,U,U,U,U,U,U,U,U,1,20,20,1.0
402,I,U,U,U,U,U,U,U,U,U,U,U,U,U,U,U,U,U,U,U,U,1,20,20,1.0
403,P,U,U,U,U,U,U,U,U,U,U,U,U,U,U,U,U,U,U,U,U,1,20,20,1.0
404,C,S,S,S,U,S,S,S,S,S,S,U,S,S,U,S,S,S,S,S,S,2,20,17,2.3529411764705883
405,D,S,S,S,U,S,S,S,S,S,S,S,S,S,S,S,S,S,S,S,S,2,20,19,2.1052631578947367
406,F,S,S,S,U,U,S,S,S,S,S,S,S,S,U,U,S,S,S,S,S,2,20,16,2.5
407,L,S,S,S,U,U,S,S,S,S,S,S,S,S,U,U,S,S,S,S,S,2,20,16,2.5
408,I,U,S,S,U,U,S,S,S,S,S,S,S,S,U,U,S,S,S,S,S,2,20,15,2.6666666666666665
409,P,U,S,S,U,S,S,S,S,S,S,U,S,S,U,S,S,S,S,S,S,2,20,16,2.5
410,V,U,U,O,O,S,O,O,O,O,O,U,S,O,O,S,S,S,O,S,S,3,20,10,6.0
411,Q,O,U,U,U,S,O,O,O,O,O,O,S,U,U,U,S,S,O,S,S,3,20,8,7.5
412,T,O,U,U,U,U,U,U,U,U,U,U,U,U,U,U,U,U,U,U,U,2,20,19,2.1052631578947367
413,Q,O,O,O,O,U,O,O,O,O,O,O,O,O,O,U,O,O,O,O,O,2,20,18,2.2222222222222223
414,H,U,O,O,O,U,O,O,U,O,U,U,O,O,O,U,U,U,U,U,U,2,20,11,3.6363636363636362
415,P,U,U,U,U,U,U,U,U,U,U,U,U,U,U,U,U,U,U,U,U,1,20,20,1.0
416,I,O,U,O,U,U,O,O,O,U,O,O,U,O,U,U,O,H,H,O,H,3,20,10,6.0
417,R,O,U,U,U,U,O,O,O,H,O,O,U,U,U,U,H,H,H,O,H,3,20,8,7.5
418,K,O,O,U,O,O,O,O,O,H,O,O,O,U,O,O,H,H,H,O,H,3,20,13,4.615384615384615
419,G,U,U,O,U,O,O,O,O,H,O,U,U,O,U,O,H,H,H,O,H,3,20,9,6.666666666666667
420,L,O,U,U,U,U,H,H,H,H,H,H,U,U,U,U,H,H,H,H,H,3,20,11,5.454545454545454
421,H,O,O,U,U,U,H,H,H,H,H,H,O,U,U,U,H,H,H,H,H,3,20,11,5.454545454545454
422,H,O,O,U,O,U,H,H,H,H,H,H,O,U,O,U,H,H,H,H,H,3,20,11,5.454545454545454
423,K,O,O,O,O,U,H,H,H,H,H,U,O,O,O,U,H,H,H,H,H,3,20,10,6.0
424,I,O,U,O,O,U,H,H,H,H,H,U,U,O,O,U,H,H,H,H,H,3,20,10,6.0
425,L,U,U,U,U,O,H,H,H,H,H,U,U,U,U,O,H,H,H,H,H,3,20,10,6.0
426,L,U,U,U,U,S,H,H,H,H,H,O,U,U,U,O,H,H,H,H,H,4,20,10,8.0
427,A,U,O,U,U,S,H,H,H,H,H,U,O,U,U,S,H,H,H,H,H,4,20,10,8.0
428,N,O,O,U,O,U,H,H,H,H,H,O,O,U,O,U,H,H,H,H,H,3,20,10,6.0
429,F,U,O,O,O,U,H,H,H,H,H,O,O,O,O,U,H,H,H,H,H,3,20,10,6.0
430,L,O,O,O,O,O,H,H,H,H,H,O,O,O,O,O,H,H,H,H,H,2,20,10,4.0
431,A,O,O,U,O,S,H,H,H,H,H,O,O,U,O,S,H,H,H,H,H,4,20,10,8.0
432,Q,U,O,U,U,O,H,H,H,H,H,U,O,U,U,O,H,H,H,H,H,3,20,10,6.0
433,T,U,O,O,U,S,H,H,H,H,H,U,O,O,O,S,H,H,H,H,H,4,20,10,8.0
434,E,O,O,O,U,S,H,H,H,H,H,H,O,O,U,S,H,H,H,H,H,4,20,11,7.2727272727272725
435,A,U,O,O,U,O,H,H,H,H,H,H,O,O,U,O,H,H,H,H,H,3,20,11,5.454545454545454
436,L,O,U,S,U,O,H,H,O,O,H,H,U,S,U,O,H,H,H,H,H,4,20,9,8.88888888888889
437,M,O,U,U,O,O,H,H,O,O,H,H,U,U,O,O,H,H,H,H,H,3,20,9,6.666666666666667
438,K,O,O,O,U,O,S,O,O,O,O,H,O,O,U,O,H,H,H,H,H,4,20,11,7.2727272727272725
439,G,O,O,O,U,S,S,U,U,U,U,O,O,O,U,S,U,U,U,U,U,3,20,11,5.454545454545454
440,K,U,O,O,U,S,S,S,S,S,S,O,O,O,U,S,S,S,S,S,S,3,20,12,5.0
441,L,U,U,O,U,U,U,U,U,U,U,U,O,O,U,U,U,U,U,U,U,2,20,17,2.3529411764705883
442,P,H,O,O,U,U,H,H,H,O,H,O,O,O,U,U,H,H,H,H,H,3,20,10,6.0
443,E,H,U,O,U,O,H,H,H,O,H,H,U,O,U,O,H,H,H,H,H,3,20,11,5.454545454545454
444,E,H,O,U,U,O,H,H,H,H,H,H,O,U,U,O,H,H,H,H,H,3,20,12,5.0
445,A,H,O,U,O,U,H,H,H,H,H,H,O,U,O,U,H,H,H,H,H,3,20,12,5.0
446,R,H,O,U,O,U,H,H,H,H,H,H,O,U,O,U,H,H,H,H,H,3,20,12,5.0
447,K,H,O,O,U,U,H,H,H,H,H,H,O,O,U,U,H,H,H,H,H,3,20,12,5.0
448,E,H,H,O,U,O,H,H,H,H,H,H,H,O,H,O,H,H,H,H,H,3,20,15,4.0
449,L,H,H,U,O,U,H,H,H,H,H,H,H,U,H,U,H,H,H,H,H,3,20,15,4.0
450,Q,H,H,U,O,U,H,H,H,H,H,H,H,U,H,U,H,H,H,H,H,3,20,15,4.0
451,A,H,H,O,O,U,H,H,H,H,H,H,H,O,O,U,H,H,H,H,H,3,20,14,4.285714285714286
452,A,H,U,O,U,U,O,O,O,O,O,O,U,O,U,U,O,O,O,O,O,3,20,13,4.615384615384615
453,G,U,U,S,O,O,O,O,O,O,O,O,U,S,O,O,O,O,O,O,O,3,20,15,4.0
454,K,O,O,H,O,H,U,U,U,U,U,O,O,H,O,H,U,U,U,U,U,3,20,10,6.0
455,S,U,O,H,U,H,U,U,U,U,U,U,O,H,U,H,U,U,U,U,U,3,20,14,4.285714285714286
456,P,O,O,H,H,H,H,H,H,H,H,O,O,H,H,H,H,H,H,H,H,2,20,16,2.5
457,E,H,O,H,H,H,H,H,H,H,H,H,O,H,H,H,H,H,H,H,H,2,20,18,2.2222222222222223
458,D,H,O,H,H,H,H,H,H,H,H,H,O,H,H,H,H,H,H,H,H,2,20,18,2.2222222222222223
459,L,H,O,H,H,H,H,H,H,H,H,H,O,H,H,H,H,H,H,H,H,2,20,18,2.2222222222222223
460,E,H,O,H,H,H,H,H,H,H,H,H,O,H,H,H,H,H,H,H,H,2,20,18,2.2222222222222223
461,K,O,O,H,H,O,H,H,H,H,H,H,O,H,H,O,H,H,H,H,H,2,20,15,2.6666666666666665
462,L,O,U,H,H,O,H,H,H,H,H,H,U,H,H,O,H,H,H,H,H,3,20,15,4.0
463,L,H,U,O,H,O,H,H,H,H,H,H,U,O,H,O,H,H,H,H,H,3,20,14,4.285714285714286
464,P,H,O,H,H,O,H,H,H,H,H,H,O,H,H,H,H,H,H,H,H,2,20,17,2.3529411764705883
465,H,H,O,H,H,O,H,H,H,H,H,H,O,H,H,H,H,H,H,H,H,2,20,17,2.3529411764705883
466,K,H,U,H,H,O,O,H,O,H,H,H,U,H,H,H,H,H,H,H,H,3,20,15,4.0
467,V,O,O,H,O,O,U,U,U,U,U,H,O,H,O,H,U,U,U,U,U,3,20,10,6.0
468,F,O,O,O,O,O,S,S,S,S,S,O,O,O,O,H,S,S,S,S,S,3,20,10,6.0
469,E,O,O,O,O,O,S,U,U,U,U,U,O,O,O,O,U,U,U,U,U,3,20,10,6.0
470,G,O,U,O,O,O,S,O,U,U,U,O,U,O,O,O,U,U,U,U,U,3,20,10,6.0
471,N,U,O,U,U,U,U,U,U,U,U,U,O,U,O,O,U,U,U,U,U,2,20,16,2.5
472,R,U,U,O,U,U,U,U,U,U,U,U,U,O,U,U,U,U,U,U,U,2,20,18,2.2222222222222223
473,P,U,U,O,U,U,U,U,U,U,U,U,U,O,U,U,U,U,U,U,U,2,20,18,2.2222222222222223
474,T,S,U,S,U,S,S,S,S,S,S,U,U,S,U,S,S,S,S,S,S,2,20,15,2.6666666666666665
475,N,S,S,S,U,S,S,S,S,S,S,S,S,S,U,S,S,S,S,S,S,2,20,18,2.2222222222222223
476,S,S,S,S,S,S,S,S,S,S,S,S,S,S,S,S,S,S,S,S,S,1,20,20,1.0
477,I,S,S,S,S,S,S,S,S,S,S,S,S,S,S,S,S,S,S,S,S,1,20,20,1.0
478,V,S,S,S,S,S,S,S,S,S,S,S,S,S,S,S,S,S,S,S,S,1,20,20,1.0
479,F,S,S,S,S,S,S,S,S,S,S,U,S,S,S,S,S,S,S,S,S,2,20,19,2.1052631578947367
480,T,O,O,O,O,O,O,O,O,O,O,O,S,O,O,O,S,S,O,S,S,2,20,15,2.6666666666666665
481,K,O,O,O,U,O,U,U,U,U,U,O,S,O,O,O,S,S,U,S,S,3,20,8,7.5
482,L,U,U,U,U,U,U,U,U,U,U,U,U,U,U,U,U,U,U,U,U,1,20,20,1.0
483,T,U,O,O,O,U,U,U,U,U,U,U,O,O,O,U,U,U,U,U,U,2,20,14,2.857142857142857
484,P,H,H,H,H,H,H,H,H,H,H,H,H,H,H,H,H,H,H,H,H,1,20,20,1.0
485,F,H,H,H,H,H,H,H,H,H,H,H,H,H,H,H,H,H,H,H,H,1,20,20,1.0
486,I,H,H,H,H,H,H,H,H,H,H,H,H,H,H,H,H,H,H,H,H,1,20,20,1.0
487,L,H,H,H,H,H,H,H,H,H,H,H,O,H,H,H,H,H,H,H,H,2,20,19,2.1052631578947367
488,G,H,O,H,H,H,H,H,H,H,H,H,O,H,H,H,H,H,H,H,H,2,20,18,2.2222222222222223
489,A,H,H,H,H,H,H,H,H,H,H,H,H,H,H,H,H,H,H,H,H,1,20,20,1.0
490,L,H,H,H,H,H,H,H,H,H,H,H,H,H,H,H,H,H,H,H,H,1,20,20,1.0
491,I,H,H,H,H,H,H,H,H,H,H,H,H,H,H,H,H,H,H,H,H,1,20,20,1.0
492,A,H,H,H,H,H,H,H,H,H,H,H,H,H,H,H,H,H,H,H,H,1,20,20,1.0
493,M,H,H,H,H,H,H,H,H,H,H,H,H,H,H,H,H,H,H,H,H,1,20,20,1.0
494,Y,H,H,H,H,H,H,H,H,H,H,H,H,H,H,H,H,H,H,H,H,1,20,20,1.0
495,E,H,H,H,H,H,H,H,H,H,H,H,H,H,H,H,H,H,H,H,H,1,20,20,1.0
496,H,H,O,H,H,H,H,H,H,H,H,H,O,H,H,H,H,H,H,H,H,2,20,18,2.2222222222222223
497,K,H,O,H,H,H,H,H,H,H,H,H,O,H,H,H,H,H,H,H,H,2,20,18,2.2222222222222223
498,I,H,O,H,H,H,H,H,H,H,H,H,O,H,H,H,H,H,H,H,H,2,20,18,2.2222222222222223
499,F,H,O,H,H,H,H,H,H,H,H,H,O,H,H,H,H,H,H,H,H,2,20,18,2.2222222222222223
500,V,H,H,H,H,H,H,H,H,H,H,H,H,H,H,H,H,H,H,H,H,1,20,20,1.0
501,Q,H,H,H,H,H,H,H,H,H,H,H,H,H,H,H,H,H,H,H,H,1,20,20,1.0
502,G,O,H,H,H,H,H,H,H,H,H,H,H,H,H,H,H,H,H,H,H,2,20,19,2.1052631578947367
503,I,O,H,H,H,H,H,H,H,H,H,H,H,H,H,H,H,H,H,H,H,2,20,19,2.1052631578947367
504,M,O,H,H,H,H,H,H,H,H,H,H,H,H,H,H,H,H,H,H,H,2,20,19,2.1052631578947367
505,W,O,H,H,H,O,H,O,H,H,O,O,H,H,O,H,O,O,H,H,H,2,20,12,3.3333333333333335
506,D,O,O,O,O,U,O,O,O,O,O,O,O,O,O,U,O,O,O,O,O,2,20,18,2.2222222222222223
507,I,O,U,O,U,O,S,S,S,U,S,O,U,O,U,O,S,S,S,S,S,3,20,9,6.666666666666667
508,N,U,U,O,U,U,U,U,U,U,U,U,U,O,U,U,U,U,U,U,U,2,20,18,2.2222222222222223
509,S,U,U,U,O,O,O,O,O,O,O,U,U,U,O,O,O,O,O,O,O,2,20,14,2.857142857142857
510,F,U,O,U,O,O,O,O,O,O,O,U,O,U,O,O,O,O,O,O,O,2,20,16,2.5
511,D,U,U,U,U,U,O,U,U,U,U,U,U,U,U,U,U,U,U,U,U,2,20,19,2.1052631578947367
512,Q,S,U,U,U,U,U,O,O,U,O,U,U,U,U,U,U,U,U,U,U,3,20,16,3.75
513,W,U,O,O,O,O,H,H,H,H,H,U,U,O,O,O,H,H,H,H,H,3,20,10,6.0
514,G,U,O,H,H,O,H,H,H,H,H,O,O,H,H,O,H,H,H,H,H,3,20,14,4.285714285714286
515,V,U,O,H,H,O,H,H,H,H,H,U,H,H,H,O,H,H,H,H,H,3,20,15,4.0
516,E,H,H,H,H,O,H,H,H,H,H,H,H,H,H,O,H,H,H,H,H,2,20,18,2.2222222222222223
517,L,H,H,H,H,O,H,H,H,H,H,H,H,H,H,O,H,H,H,H,H,2,20,18,2.2222222222222223
518,G,H,H,H,H,O,H,H,H,H,H,H,H,H,H,O,H,H,H,H,H,2,20,18,2.2222222222222223
519,K,H,H,H,H,O,H,H,H,H,H,H,H,H,H,O,H,H,H,H,H,2,20,18,2.2222222222222223
520,Q,H,H,H,H,O,H,H,H,H,H,O,H,H,H,O,H,H,H,H,H,2,20,17,2.3529411764705883
521,L,H,H,H,H,O,H,H,H,H,H,O,H,H,H,O,H,H,H,H,H,2,20,17,2.3529411764705883
522,A,H,H,H,H,U,H,H,H,H,H,H,H,H,H,U,H,H,H,H,H,2,20,18,2.2222222222222223
523,K,H,H,H,H,U,H,H,H,H,H,H,H,H,H,U,H,H,H,H,H,2,20,18,2.2222222222222223
524,K,H,H,H,H,O,H,H,H,H,H,H,H,H,H,O,H,H,H,H,H,2,20,18,2.2222222222222223
525,I,H,H,H,H,U,H,H,H,H,H,H,H,H,H,U,H,H,H,H,H,2,20,18,2.2222222222222223
526,E,H,H,H,H,U,H,H,H,H,H,H,H,H,H,U,H,H,H,H,O,3,20,17,3.5294117647058822
527,P,H,H,H,H,O,H,H,H,H,H,H,H,H,H,O,H,H,H,H,H,2,20,18,2.2222222222222223
528,E,H,H,H,H,U,H,H,H,H,H,H,H,H,H,U,H,H,H,H,H,2,20,18,2.2222222222222223
529,L,H,H,H,O,O,H,H,H,H,H,H,H,H,O,O,O,O,O,O,H,2,20,12,3.3333333333333335
530,E,H,H,H,O,O,O,H,H,O,O,H,H,H,O,O,O,O,O,O,O,2,20,12,3.3333333333333335
531,G,O,U,H,O,U,O,O,O,O,O,U,U,H,O,U,O,O,O,O,O,3,20,13,4.615384615384615
532,S,O,U,O,O,O,O,U,O,U,O,U,U,O,O,O,O,O,O,O,O,2,20,15,2.6666666666666665
533,S,U,O,O,U,O,O,O,O,O,O,U,O,O,U,O,U,U,U,U,U,2,20,11,3.6363636363636362
534,A,U,O,U,U,U,U,U,U,U,U,U,O,U,U,U,U,U,U,U,U,2,20,18,2.2222222222222223
535,V,U,O,U,U,U,U,U,U,U,U,U,O,U,U,U,U,U,U,U,U,2,20,18,2.2222222222222223
536,T,O,O,U,O,O,U,U,U,U,U,O,O,U,O,O,U,U,U,U,U,2,20,12,3.3333333333333335
537,S,O,O,U,O,O,O,O,O,O,O,O,O,U,O,O,O,O,O,O,O,2,20,18,2.2222222222222223
538,H,U,O,U,U,U,O,O,O,O,O,U,O,U,U,U,O,O,O,O,O,2,20,12,3.3333333333333335
539,D,U,O,U,U,O,U,U,U,U,O,O,O,U,U,O,U,U,U,U,U,2,20,14,2.857142857142857
540,S,O,O,O,U,O,H,H,H,H,O,O,O,O,U,O,H,H,H,H,H,3,20,9,6.666666666666667
541,S,O,U,O,H,O,H,H,H,H,H,O,U,O,H,O,H,H,H,H,H,3,20,12,5.0
542,T,H,U,U,H,U,H,H,H,H,H,H,U,U,H,U,H,H,H,H,H,2,20,14,2.857142857142857
543,N,H,U,U,H,O,H,H,H,H,H,H,U,U,H,O,H,H,H,H,H,3,20,14,4.285714285714286
544,G,H,U,O,U,H,H,H,H,H,H,H,U,H,U,H,H,H,H,H,H,3,20,15,4.0
545,L,H,U,O,U,H,H,H,H,H,H,H,O,H,U,H,H,H,H,H,H,3,20,15,4.0
546,I,H,H,H,H,H,H,H,H,H,H,H,H,H,H,H,H,H,H,H,H,1,20,20,1.0
547,S,H,H,H,H,H,H,H,H,H,H,H,H,H,H,H,H,H,H,H,H,1,20,20,1.0
548,F,H,H,H,H,H,H,H,H,H,H,H,H,H,H,H,H,H,H,H,H,1,20,20,1.0
549,I,H,H,H,H,H,H,H,H,H,H,H,H,H,H,H,H,H,H,H,H,1,20,20,1.0
550,K,H,H,H,H,H,H,H,H,H,H,H,H,H,H,H,H,H,H,H,H,1,20,20,1.0
551,Q,H,H,H,H,H,H,H,H,H,H,H,H,H,H,H,H,H,H,H,H,1,20,20,1.0
552,Q,H,O,H,H,H,H,H,H,H,H,H,O,H,H,H,H,H,H,H,H,2,20,18,2.2222222222222223
553,R,H,O,H,U,H,H,H,H,H,H,H,O,H,U,H,H,O,H,H,H,3,20,15,4.0
554,D,O,U,U,U,H,H,H,O,O,O,O,U,U,U,H,O,O,O,H,H,3,20,8,7.5
555,T,O,U,U,U,H,H,H,O,O,O,O,U,U,U,H,U,U,U,U,O,3,20,10,6.0
556,K,U,U,O,U,U,H,H,O,O,O,O,O,O,O,U,U,U,U,U,O,3,20,9,6.666666666666667
557,L,U,U,U,U,U,U,O,U,U,O,U,O,U,U,U,U,U,U,U,U,2,20,17,2.3529411764705883
558,E,U,U,U,U,U,U,U,U,U,U,U,U,U,U,U,U,U,U,U,U,1,20,20,1.0
