Pos,Res,P0DTC2_full_model_499625_1_dssp_acc_SS,P0DTC2_full_model_499625_2_dssp_acc_SS,P0DTC2_full_model_499625_3_dssp_acc_SS,P0DTC2_full_model_499625_4_dssp_acc_SS,P0DTC2_full_model_499625_5_dssp_acc_SS,P0DTC2_IT_model1_dssp_acc_SS,P0DTC2_IT_model2_dssp_acc_SS,P0DTC2_IT_model3_dssp_acc_SS,P0DTC2_IT_model4_dssp_acc_SS,P0DTC2_IT_model5_dssp_acc_SS,dssp_k,dssp_N,dssp_n1,dssp_vkabat
1,M,U,U,U,U,U,U,U,U,U,U,1,10,10,1.0
2,F,U,U,U,S,U,U,U,U,U,U,2,10,9,2.2222222222222223
3,V,U,U,U,U,U,U,U,O,U,O,2,10,8,2.5
4,F,U,O,U,U,U,O,U,O,U,O,2,10,6,3.3333333333333335
5,L,O,U,U,U,S,O,U,U,U,U,3,10,7,4.285714285714286
6,V,U,U,U,S,U,O,U,U,O,O,3,10,6,5.0
7,L,O,S,U,U,U,U,O,U,O,O,3,10,5,6.0
8,L,U,U,U,U,U,U,O,U,U,U,2,10,9,2.2222222222222223
9,P,H,U,U,U,U,U,O,U,O,U,3,10,7,4.285714285714286
10,L,H,U,H,U,U,U,O,U,U,U,3,10,7,4.285714285714286
11,V,H,U,H,U,U,O,U,U,U,U,3,10,7,4.285714285714286
12,S,O,U,H,U,H,U,U,U,U,U,3,10,7,4.285714285714286
13,S,O,O,U,U,H,U,O,O,O,O,3,10,6,5.0
14,Q,O,U,S,U,H,U,U,O,O,O,4,10,4,10.0
15,C,U,U,U,U,U,U,U,U,U,U,1,10,10,1.0
16,V,U,U,U,U,U,U,U,U,U,U,1,10,10,1.0
17,N,U,U,U,U,U,O,U,U,U,U,2,10,9,2.2222222222222223
18,L,U,U,U,U,U,U,U,U,U,U,1,10,10,1.0
19,T,U,U,O,O,U,U,U,U,U,U,2,10,8,2.5
20,T,O,O,O,U,O,U,U,U,U,U,2,10,6,3.3333333333333335
21,R,O,S,U,U,U,U,U,U,U,U,3,10,8,3.75
22,T,S,S,S,S,U,U,U,U,U,U,2,10,6,3.3333333333333335
23,Q,S,S,U,U,S,U,U,U,U,U,2,10,7,2.857142857142857
24,L,U,U,U,U,U,U,U,U,S,U,2,10,9,2.2222222222222223
25,P,U,U,U,U,U,U,U,U,U,U,1,10,10,1.0
26,P,U,U,U,U,U,U,U,U,U,U,1,10,10,1.0
27,A,S,S,S,S,S,U,U,U,S,U,2,10,6,3.3333333333333335
28,Y,S,S,S,S,S,U,U,U,S,S,2,10,7,2.857142857142857
29,T,S,S,S,S,S,U,U,U,U,U,2,10,5,4.0
30,N,S,S,S,S,S,U,S,O,O,O,3,10,6,5.0
31,S,U,U,U,U,U,U,U,O,O,O,2,10,7,2.857142857142857
32,F,U,U,O,U,O,O,U,O,O,O,2,10,6,3.3333333333333335
33,T,O,O,O,O,O,O,U,U,O,O,2,10,8,2.5
34,R,O,U,O,U,U,U,U,O,O,U,2,10,6,3.3333333333333335
35,G,O,U,U,U,U,U,U,O,O,O,2,10,6,3.3333333333333335
36,V,U,U,S,U,S,U,U,U,U,U,2,10,8,2.5
37,Y,S,S,S,S,S,S,U,S,S,U,2,10,8,2.5
38,Y,U,U,U,U,U,U,U,U,U,U,1,10,10,1.0
39,P,U,O,U,O,O,U,U,U,U,U,2,10,7,2.857142857142857
40,D,U,U,U,O,O,O,U,O,O,O,2,10,6,3.3333333333333335
41,K,O,O,O,O,O,O,O,O,O,O,1,10,10,1.0
42,V,O,O,O,O,O,U,U,U,U,U,2,10,5,4.0
43,F,U,U,U,U,U,U,U,U,U,U,1,10,10,1.0
44,R,U,U,U,U,U,U,U,U,U,U,1,10,10,1.0
45,S,U,U,U,U,U,U,U,U,O,U,2,10,9,2.2222222222222223
46,S,O,O,O,O,O,O,O,O,U,O,2,10,9,2.2222222222222223
47,V,U,U,U,U,O,S,S,S,U,O,3,10,5,6.0
48,L,S,S,S,S,U,S,S,S,U,U,2,10,7,2.857142857142857
49,H,S,S,S,S,S,S,S,S,U,U,2,10,8,2.5
50,S,S,S,S,S,S,S,S,S,S,S,1,10,10,1.0
51,T,S,S,S,S,S,S,U,S,S,S,2,10,9,2.2222222222222223
52,Q,S,S,S,S,S,S,U,S,S,U,2,10,8,2.5
53,D,S,S,S,O,S,O,O,S,S,O,2,10,6,3.3333333333333335
54,L,S,S,S,U,S,U,U,S,S,U,2,10,6,3.3333333333333335
55,F,S,S,S,S,S,S,U,S,S,U,2,10,8,2.5
56,L,U,U,U,U,U,U,U,U,U,U,1,10,10,1.0
57,P,U,U,U,U,U,U,U,U,U,U,1,10,10,1.0
58,F,O,O,O,O,O,O,O,O,O,O,1,10,10,1.0
59,F,O,O,O,O,O,O,O,O,O,O,1,10,10,1.0
60,S,U,U,U,U,U,U,U,U,S,S,2,10,8,2.5
61,N,S,S,S,S,S,U,U,U,S,U,2,10,6,3.3333333333333335
62,V,S,S,S,S,S,U,U,U,U,U,2,10,5,4.0
63,T,S,S,S,S,S,S,U,S,S,U,2,10,8,2.5
64,W,S,S,S,S,S,S,U,S,S,U,2,10,8,2.5
65,F,S,S,S,S,S,S,U,S,S,U,2,10,8,2.5
66,H,S,S,S,S,S,S,U,U,U,U,2,10,6,3.3333333333333335
67,A,S,S,S,S,S,U,U,U,U,U,2,10,5,4.0
68,I,S,S,S,S,S,S,U,U,U,U,2,10,6,3.3333333333333335
69,H,U,U,U,U,U,S,U,U,U,U,2,10,9,2.2222222222222223
70,V,U,U,U,U,U,U,U,U,U,U,1,10,10,1.0
71,S,U,U,U,U,U,U,U,U,U,U,1,10,10,1.0
72,G,O,O,O,O,O,U,U,U,U,U,2,10,5,4.0
73,T,O,O,O,O,O,O,O,O,O,O,1,10,10,1.0
74,N,O,O,O,O,O,O,O,O,O,O,1,10,10,1.0
75,G,U,U,U,U,U,O,O,O,O,O,2,10,5,4.0
76,T,U,U,U,U,U,U,U,U,U,U,1,10,10,1.0
77,K,U,S,U,U,U,U,U,U,U,U,2,10,9,2.2222222222222223
78,R,S,S,S,U,S,U,U,U,U,U,2,10,6,3.3333333333333335
79,F,S,S,S,S,S,U,U,U,U,U,2,10,5,4.0
80,D,U,U,U,U,U,U,U,U,U,U,1,10,10,1.0
81,N,U,U,U,U,U,U,U,U,U,U,1,10,10,1.0
82,P,U,U,U,U,U,U,U,U,U,U,1,10,10,1.0
83,V,S,S,S,S,S,U,U,U,S,U,2,10,6,3.3333333333333335
84,L,S,S,S,S,S,U,U,S,U,U,2,10,6,3.3333333333333335
85,P,S,S,S,S,S,U,U,U,U,U,2,10,5,4.0
86,F,U,U,U,U,U,U,U,U,U,U,1,10,10,1.0
87,N,U,U,O,O,O,O,O,O,U,O,2,10,7,2.857142857142857
88,D,O,O,O,O,O,O,O,O,O,O,1,10,10,1.0
89,G,S,S,S,S,S,U,U,U,U,U,2,10,5,4.0
90,V,S,S,S,S,S,S,U,U,S,U,2,10,7,2.857142857142857
91,Y,S,S,S,S,S,S,S,S,S,S,1,10,10,1.0
92,F,S,S,S,S,S,S,S,S,S,S,1,10,10,1.0
93,A,S,S,S,S,S,S,S,S,S,U,2,10,9,2.2222222222222223
94,S,S,S,S,S,S,S,S,S,S,U,2,10,9,2.2222222222222223
95,T,S,S,U,S,S,U,U,U,U,U,2,10,6,3.3333333333333335
96,E,S,S,U,S,S,O,O,O,O,O,3,10,5,6.0
97,K,O,O,O,O,O,O,O,O,O,O,1,10,10,1.0
98,S,O,O,O,O,O,O,O,O,O,O,1,10,10,1.0
99,N,O,O,O,U,U,U,U,U,U,U,2,10,7,2.857142857142857
100,I,U,U,U,U,U,U,U,U,U,U,1,10,10,1.0
101,I,S,S,S,S,U,U,U,U,U,U,2,10,6,3.3333333333333335
102,R,S,S,S,S,U,U,U,U,U,U,2,10,6,3.3333333333333335
103,G,S,S,S,S,S,U,S,U,U,U,2,10,6,3.3333333333333335
104,W,S,S,S,S,S,U,S,S,S,S,2,10,9,2.2222222222222223
105,I,S,S,S,S,S,S,S,S,S,S,1,10,10,1.0
106,F,S,S,S,S,S,S,S,S,U,U,2,10,8,2.5
107,G,S,S,S,S,S,S,S,S,U,U,2,10,8,2.5
108,T,O,O,O,O,O,O,O,O,O,O,1,10,10,1.0
109,T,O,O,O,O,O,U,U,U,U,U,2,10,5,4.0
110,L,O,O,O,O,O,S,S,S,S,U,3,10,5,6.0
111,D,O,O,O,O,O,S,S,S,S,U,3,10,5,6.0
112,S,O,O,O,O,O,U,U,U,U,U,2,10,5,4.0
113,K,O,O,O,O,O,U,U,U,U,U,2,10,5,4.0
114,T,O,O,O,O,O,O,O,O,O,O,1,10,10,1.0
115,Q,U,U,U,U,S,O,O,O,O,O,3,10,5,6.0
116,S,S,S,S,S,S,O,O,O,U,O,3,10,5,6.0
117,L,S,S,S,S,S,U,U,U,U,O,3,10,5,6.0
118,L,S,S,S,S,S,O,O,U,O,U,3,10,5,6.0
119,I,S,S,S,S,S,U,U,U,U,U,2,10,5,4.0
120,V,S,S,S,S,S,S,S,S,S,U,2,10,9,2.2222222222222223
121,N,S,U,S,U,S,S,S,S,S,U,2,10,7,2.857142857142857
122,N,U,O,U,O,U,U,U,U,U,U,2,10,8,2.5
123,A,O,O,O,O,O,O,O,O,O,O,1,10,10,1.0
124,T,O,O,O,O,O,O,O,O,O,O,1,10,10,1.0
125,N,S,S,U,O,U,S,S,S,U,S,3,10,6,5.0
126,V,S,S,S,U,S,S,S,S,U,S,2,10,8,2.5
127,V,S,S,S,S,S,S,S,S,S,S,1,10,10,1.0
128,I,S,S,S,S,S,S,S,S,S,S,1,10,10,1.0
129,K,S,S,S,S,S,S,S,S,S,S,1,10,10,1.0
130,V,S,S,S,S,S,S,S,S,S,S,1,10,10,1.0
131,C,S,S,S,S,S,S,S,S,S,U,2,10,9,2.2222222222222223
132,E,S,U,S,U,S,H,O,H,O,O,4,10,3,13.333333333333334
133,F,U,U,S,U,S,H,O,H,O,O,4,10,3,13.333333333333334
134,Q,U,S,S,U,S,H,O,H,O,O,4,10,3,13.333333333333334
135,F,S,S,S,U,S,O,O,O,O,O,3,10,5,6.0
136,C,S,S,S,U,U,S,S,S,S,S,2,10,8,2.5
137,N,S,S,S,O,O,S,S,S,S,S,2,10,8,2.5
138,D,S,S,S,O,O,S,S,S,S,S,2,10,8,2.5
139,P,S,S,S,U,U,S,S,S,S,S,2,10,8,2.5
140,F,S,S,S,S,S,S,S,S,S,S,1,10,10,1.0
141,L,S,S,S,S,U,S,U,S,U,S,2,10,7,2.857142857142857
142,G,S,S,S,S,U,S,U,S,U,S,2,10,7,2.857142857142857
143,V,S,S,S,S,S,U,U,U,U,U,2,10,5,4.0
144,Y,S,S,S,S,S,U,U,U,U,U,2,10,5,4.0
145,Y,S,S,S,S,U,U,S,U,U,U,2,10,5,4.0
146,H,S,S,S,U,U,S,O,S,U,U,3,10,5,6.0
147,K,H,O,O,O,O,O,O,U,U,U,3,10,6,5.0
148,N,H,O,O,O,O,O,O,O,U,U,3,10,7,4.285714285714286
149,N,H,O,O,O,O,O,O,O,U,O,3,10,8,3.75
150,K,O,O,O,O,U,U,O,O,O,O,2,10,8,2.5
151,S,S,S,S,U,U,O,O,O,O,O,3,10,5,6.0
152,W,S,S,S,S,U,O,U,O,U,U,3,10,4,7.5
153,M,S,S,S,S,S,U,O,U,U,U,3,10,5,6.0
154,E,S,U,S,S,U,U,U,U,U,U,2,10,7,2.857142857142857
155,S,S,U,S,S,U,U,U,U,U,U,2,10,7,2.857142857142857
156,E,S,U,S,S,U,U,U,U,U,U,2,10,7,2.857142857142857
157,F,S,S,S,S,U,U,U,U,S,U,2,10,5,4.0
158,R,S,S,S,S,O,S,U,S,U,U,3,10,6,5.0
159,V,S,S,S,O,O,S,U,U,U,U,3,10,4,7.5
160,Y,S,S,S,U,S,S,U,U,U,U,2,10,5,4.0
161,S,O,S,S,U,S,U,U,U,O,U,3,10,5,6.0
162,S,U,S,S,U,S,U,U,U,O,U,3,10,6,5.0
163,A,U,U,S,U,S,U,O,O,O,O,3,10,4,7.5
164,N,S,U,S,U,S,O,O,O,O,O,3,10,5,6.0
165,N,S,O,S,U,S,O,O,O,O,O,3,10,6,5.0
166,C,S,S,S,U,S,U,U,U,O,U,3,10,5,6.0
167,T,S,S,S,U,S,U,U,U,H,U,3,10,5,6.0
168,F,S,S,S,U,S,O,O,O,H,H,4,10,4,10.0
169,E,S,S,S,U,S,O,O,O,H,H,4,10,4,10.0
170,Y,S,S,S,U,U,O,O,O,H,H,4,10,3,13.333333333333334
171,V,U,S,S,U,U,O,O,O,H,H,4,10,3,13.333333333333334
172,S,U,S,U,U,U,H,H,H,H,H,3,10,5,6.0
173,Q,U,S,U,U,U,H,H,H,H,O,4,10,4,10.0
174,P,S,S,U,U,U,H,H,H,H,O,4,10,4,10.0
175,F,U,U,U,U,U,H,H,H,H,O,3,10,5,6.0
176,L,U,U,U,U,U,H,H,H,O,O,3,10,5,6.0
177,M,U,U,U,U,U,H,H,H,O,O,3,10,5,6.0
178,D,U,U,U,U,U,H,H,H,O,O,3,10,5,6.0
179,L,U,U,U,U,U,S,S,S,O,O,3,10,5,6.0
180,E,O,O,O,U,O,U,U,U,O,U,2,10,5,4.0
181,G,U,U,U,U,U,U,U,U,U,U,1,10,10,1.0
182,K,U,U,U,U,U,U,U,U,U,O,2,10,9,2.2222222222222223
183,Q,U,U,U,U,U,O,O,O,O,O,2,10,5,4.0
184,G,O,O,O,O,O,U,U,U,U,U,2,10,5,4.0
185,N,O,O,O,O,O,U,U,U,U,U,2,10,5,4.0
186,F,U,U,S,U,U,U,U,S,U,U,2,10,8,2.5
187,K,U,O,S,U,U,S,U,S,S,U,3,10,5,6.0
188,N,S,S,S,S,S,U,U,U,U,U,2,10,5,4.0
189,L,S,S,S,S,S,U,U,U,U,U,2,10,5,4.0
190,R,S,S,S,S,S,S,S,S,S,S,1,10,10,1.0
191,E,S,S,S,S,S,S,S,S,S,S,1,10,10,1.0
192,F,S,S,S,S,S,U,U,U,U,U,2,10,5,4.0
193,V,S,S,S,S,S,U,U,U,U,U,2,10,5,4.0
194,F,S,S,S,S,S,U,U,U,U,U,2,10,5,4.0
195,K,S,S,S,S,S,U,U,U,U,U,2,10,5,4.0
196,N,S,S,S,S,S,U,U,U,U,U,2,10,5,4.0
197,I,U,S,U,O,U,U,U,U,U,O,3,10,7,4.285714285714286
198,D,O,O,O,O,O,U,U,U,U,U,2,10,5,4.0
199,G,O,O,O,O,O,S,S,S,S,U,3,10,5,6.0
200,Y,S,S,S,S,S,S,S,S,S,U,2,10,9,2.2222222222222223
201,F,S,S,S,S,S,S,S,S,S,S,1,10,10,1.0
202,K,S,S,S,S,S,S,S,S,S,S,1,10,10,1.0
203,I,S,S,S,S,S,S,S,S,S,S,1,10,10,1.0
204,Y,S,S,S,S,S,S,S,S,S,S,1,10,10,1.0
205,S,S,S,S,S,S,S,S,S,S,S,1,10,10,1.0
206,K,S,S,S,S,S,U,U,U,U,U,2,10,5,4.0
207,H,S,S,S,S,S,O,O,O,O,O,2,10,5,4.0
208,T,S,S,S,S,S,O,O,O,O,O,2,10,5,4.0
209,P,S,S,S,S,S,O,U,U,U,U,3,10,5,6.0
210,I,U,U,S,U,U,S,S,S,S,S,2,10,6,3.3333333333333335
211,N,U,U,S,U,U,S,S,S,S,S,2,10,6,3.3333333333333335
212,L,U,U,S,U,U,S,S,S,S,S,2,10,6,3.3333333333333335
213,V,O,O,O,O,O,S,S,S,S,S,2,10,5,4.0
214,R,O,O,O,O,O,S,S,S,U,S,3,10,5,6.0
215,D,O,U,O,O,O,S,S,U,U,S,3,10,4,7.5
216,L,U,U,U,U,U,O,U,O,O,O,2,10,6,3.3333333333333335
217,P,U,U,U,U,U,O,O,O,U,U,2,10,7,2.857142857142857
218,Q,U,U,U,U,U,O,O,U,O,O,2,10,6,3.3333333333333335
219,G,O,O,O,O,O,O,U,O,O,O,2,10,9,2.2222222222222223
220,F,U,U,U,U,U,O,O,O,O,O,2,10,5,4.0
221,S,U,U,U,U,U,U,O,U,U,U,2,10,9,2.2222222222222223
222,A,U,U,S,U,S,U,U,U,U,U,2,10,8,2.5
223,L,S,S,S,S,S,S,S,S,S,S,1,10,10,1.0
224,E,S,S,S,S,S,S,S,S,U,S,2,10,9,2.2222222222222223
225,P,S,S,S,S,S,S,S,S,S,S,1,10,10,1.0
226,L,S,S,S,S,S,S,S,S,S,S,1,10,10,1.0
227,V,S,S,S,S,S,S,S,S,S,S,1,10,10,1.0
228,D,S,S,S,S,S,S,S,S,S,S,1,10,10,1.0
229,L,S,S,S,S,S,S,S,S,S,S,1,10,10,1.0
230,P,S,U,S,S,S,U,U,U,U,U,2,10,6,3.3333333333333335
231,I,U,U,U,U,U,U,U,U,U,U,1,10,10,1.0
232,G,U,U,O,U,U,U,U,U,U,U,2,10,9,2.2222222222222223
233,I,U,U,U,U,U,O,O,O,O,O,2,10,5,4.0
234,N,U,U,U,U,U,U,U,U,U,U,1,10,10,1.0
235,I,U,U,U,U,U,U,U,U,U,U,1,10,10,1.0
236,T,U,U,U,U,U,U,U,U,U,U,1,10,10,1.0
237,R,S,S,S,S,S,S,S,S,U,U,2,10,8,2.5
238,F,S,S,S,S,S,S,S,S,U,U,2,10,8,2.5
239,Q,S,S,S,S,S,S,S,S,S,S,1,10,10,1.0
240,T,S,S,S,S,S,U,S,U,S,S,2,10,8,2.5
241,L,S,S,S,S,U,U,U,U,U,U,2,10,6,3.3333333333333335
242,L,S,S,S,S,S,U,S,U,U,U,2,10,6,3.3333333333333335
243,A,S,S,S,S,U,S,U,S,S,U,2,10,7,2.857142857142857
244,L,S,S,S,S,U,S,O,U,U,U,3,10,5,6.0
245,H,S,S,S,S,S,S,O,U,U,U,3,10,6,5.0
246,R,S,S,S,U,S,U,U,U,U,O,3,10,5,6.0
247,S,S,S,U,U,U,U,U,O,O,U,3,10,6,5.0
248,Y,O,O,O,O,O,O,U,O,O,O,2,10,9,2.2222222222222223
249,L,O,O,O,O,O,O,U,O,O,O,2,10,9,2.2222222222222223
250,T,U,U,O,U,O,O,O,O,O,O,2,10,7,2.857142857142857
251,P,U,U,U,U,U,O,O,O,O,O,2,10,5,4.0
252,G,O,O,O,O,U,O,O,O,U,O,2,10,8,2.5
253,D,O,U,O,U,U,O,U,O,U,O,2,10,5,4.0
254,S,O,O,O,O,O,U,U,U,O,U,2,10,6,3.3333333333333335
255,S,O,O,O,O,O,O,U,U,O,U,2,10,7,2.857142857142857
256,S,O,O,O,O,O,O,U,O,O,U,2,10,8,2.5
257,G,O,O,O,O,O,O,U,O,O,O,2,10,9,2.2222222222222223
258,W,U,U,U,U,S,U,O,O,O,U,3,10,6,5.0
259,T,S,S,S,S,S,U,O,U,U,O,3,10,5,6.0
260,A,U,U,U,U,U,U,U,U,U,O,2,10,9,2.2222222222222223
261,G,U,U,U,U,U,U,U,U,U,U,1,10,10,1.0
262,A,S,S,O,S,S,U,U,U,U,U,3,10,5,6.0
263,A,S,S,U,S,S,U,U,U,U,U,2,10,6,3.3333333333333335
264,A,S,S,S,S,S,S,U,U,U,U,2,10,6,3.3333333333333335
265,Y,S,S,S,S,S,S,U,S,S,U,2,10,8,2.5
266,Y,S,S,S,S,S,S,U,S,S,U,2,10,8,2.5
267,V,S,S,S,S,S,S,U,S,S,U,2,10,8,2.5
268,G,S,S,S,S,S,S,U,S,S,U,2,10,8,2.5
269,Y,S,S,S,S,S,S,O,U,U,U,3,10,6,5.0
270,L,U,U,U,U,U,U,U,U,U,U,1,10,10,1.0
271,Q,S,S,S,S,S,S,U,S,S,U,2,10,8,2.5
272,P,S,S,S,U,S,U,U,S,S,U,2,10,6,3.3333333333333335
273,R,S,S,S,U,S,U,U,S,S,U,2,10,6,3.3333333333333335
274,T,S,S,S,S,S,S,U,S,S,U,2,10,8,2.5
275,F,S,S,S,S,S,S,S,S,S,S,1,10,10,1.0
276,L,S,S,S,S,S,S,S,S,S,S,1,10,10,1.0
277,L,S,S,S,S,S,S,S,S,S,S,1,10,10,1.0
278,K,S,S,S,S,S,S,S,S,S,S,1,10,10,1.0
279,Y,S,S,S,S,S,S,S,S,S,S,1,10,10,1.0
280,N,U,U,U,U,U,U,U,U,U,U,1,10,10,1.0
281,E,O,O,O,O,O,O,O,O,O,O,1,10,10,1.0
282,N,O,O,O,O,O,O,O,O,O,O,1,10,10,1.0
283,G,O,O,O,O,O,O,O,O,O,O,1,10,10,1.0
284,T,U,U,U,U,U,U,O,U,U,U,2,10,9,2.2222222222222223
285,I,S,S,S,S,S,S,S,S,S,S,1,10,10,1.0
286,T,S,S,S,S,S,S,S,S,S,S,1,10,10,1.0
287,D,S,S,S,S,S,S,S,S,S,S,1,10,10,1.0
288,A,S,S,S,S,S,S,S,S,S,S,1,10,10,1.0
289,V,S,S,S,S,S,S,S,S,S,S,1,10,10,1.0
290,D,S,S,S,S,S,S,S,S,S,S,1,10,10,1.0
291,C,O,O,O,O,O,O,O,O,O,O,1,10,10,1.0
292,A,O,O,O,O,O,O,O,O,O,O,1,10,10,1.0
293,L,O,O,O,O,O,O,O,O,O,O,1,10,10,1.0
294,D,O,U,O,U,U,U,O,U,U,U,2,10,7,2.857142857142857
295,P,H,H,H,H,H,O,H,H,H,H,2,10,9,2.2222222222222223
296,L,H,H,H,H,H,H,H,H,H,H,1,10,10,1.0
297,S,H,H,H,H,H,H,H,H,H,H,1,10,10,1.0
298,E,H,H,H,H,H,H,H,H,H,H,1,10,10,1.0
299,T,H,H,H,H,H,H,H,H,H,H,1,10,10,1.0
300,K,H,H,H,H,H,H,H,H,H,H,1,10,10,1.0
301,C,H,H,H,H,H,H,H,H,H,H,1,10,10,1.0
302,T,H,H,H,H,H,H,H,H,H,H,1,10,10,1.0
303,L,O,O,O,O,O,H,H,H,H,O,2,10,6,3.3333333333333335
304,K,O,O,O,O,O,U,O,U,U,O,2,10,7,2.857142857142857
305,S,U,U,O,U,U,O,O,O,O,O,2,10,6,3.3333333333333335
306,F,O,O,O,O,O,O,O,O,O,O,1,10,10,1.0
307,T,U,O,U,O,O,U,U,U,U,O,2,10,6,3.3333333333333335
308,V,U,U,U,U,U,U,U,U,U,U,1,10,10,1.0
309,E,U,U,U,U,U,U,U,U,U,U,1,10,10,1.0
310,K,O,O,O,O,O,U,O,U,U,O,2,10,7,2.857142857142857
311,G,S,S,S,S,S,S,O,O,S,O,2,10,7,2.857142857142857
312,I,S,S,S,S,S,S,S,S,S,S,1,10,10,1.0
313,Y,S,S,S,S,S,S,S,S,S,S,1,10,10,1.0
314,Q,S,S,S,S,S,S,S,S,S,U,2,10,9,2.2222222222222223
315,T,U,S,S,S,S,S,S,S,S,U,2,10,8,2.5
316,S,U,S,S,S,S,S,S,S,S,U,2,10,8,2.5
317,N,U,S,S,S,U,S,S,S,S,S,2,10,8,2.5
318,F,S,U,S,S,U,S,S,S,S,S,2,10,8,2.5
319,R,S,U,U,S,U,U,U,U,U,U,2,10,8,2.5
320,V,U,U,U,U,U,U,U,U,U,U,1,10,10,1.0
321,Q,U,U,U,U,U,U,U,U,U,U,1,10,10,1.0
322,P,U,U,U,U,U,U,U,U,U,U,1,10,10,1.0
323,T,O,O,U,O,O,S,S,U,S,U,3,10,4,7.5
324,E,S,S,S,S,U,S,S,U,S,U,2,10,7,2.857142857142857
325,S,S,S,S,S,S,S,S,S,S,U,2,10,9,2.2222222222222223
326,I,S,S,S,S,S,S,S,S,S,U,2,10,9,2.2222222222222223
327,V,S,S,S,S,S,S,S,S,S,S,1,10,10,1.0
328,R,S,S,S,U,S,S,S,S,S,S,2,10,9,2.2222222222222223
329,F,U,U,U,U,U,U,U,U,U,U,1,10,10,1.0
330,P,U,U,U,U,U,U,U,U,U,U,1,10,10,1.0
331,N,U,U,O,U,U,U,U,U,U,U,2,10,9,2.2222222222222223
332,I,U,U,U,U,U,U,U,U,U,U,1,10,10,1.0
333,T,U,U,U,U,U,U,U,U,U,U,1,10,10,1.0
334,N,O,O,O,O,U,U,U,U,O,U,2,10,5,4.0
335,L,S,S,U,S,S,U,U,S,O,U,3,10,5,6.0
336,C,U,U,U,U,U,O,U,U,U,O,2,10,8,2.5
337,P,U,U,U,U,U,U,U,U,U,H,2,10,9,2.2222222222222223
338,F,H,U,O,H,O,U,H,O,U,H,3,10,4,7.5
339,G,H,H,H,H,H,O,H,O,O,H,2,10,7,2.857142857142857
340,E,H,H,H,H,H,O,H,O,O,H,2,10,7,2.857142857142857
341,V,H,H,H,H,H,O,O,O,O,H,2,10,6,3.3333333333333335
342,F,H,H,H,O,H,H,O,O,O,H,2,10,6,3.3333333333333335
343,N,O,O,O,O,U,H,O,O,O,O,3,10,8,3.75
344,A,U,U,U,U,U,H,O,O,O,O,3,10,5,6.0
345,T,O,O,O,O,O,O,O,O,U,O,2,10,9,2.2222222222222223
346,R,O,O,O,O,U,S,U,U,O,S,3,10,5,6.0
347,F,U,U,U,U,U,U,U,U,U,U,1,10,10,1.0
348,A,U,U,U,U,U,U,U,U,U,U,1,10,10,1.0
349,S,S,S,S,S,U,U,S,S,U,S,2,10,7,2.857142857142857
350,V,H,H,O,H,O,O,O,H,O,O,2,10,6,3.3333333333333335
351,Y,H,H,O,H,O,O,O,H,O,O,2,10,6,3.3333333333333335
352,A,H,H,O,H,O,O,O,H,O,S,3,10,5,6.0
353,W,U,U,U,U,U,U,U,U,U,U,1,10,10,1.0
354,N,S,S,S,S,S,S,S,S,S,S,1,10,10,1.0
355,R,S,S,S,S,S,S,S,S,S,S,1,10,10,1.0
356,K,S,S,S,S,S,S,S,S,S,S,1,10,10,1.0
357,R,S,S,S,S,S,S,S,S,S,S,1,10,10,1.0
358,I,S,S,S,S,S,S,S,S,S,S,1,10,10,1.0
359,S,U,U,U,U,U,U,U,U,U,U,1,10,10,1.0
360,N,O,O,O,O,O,O,O,O,O,O,1,10,10,1.0
361,C,S,S,O,S,S,U,U,U,U,U,3,10,5,6.0
362,V,S,S,S,S,S,U,U,U,U,U,2,10,5,4.0
363,A,U,U,U,U,U,U,U,S,U,U,2,10,9,2.2222222222222223
364,D,U,U,U,U,U,U,U,U,U,U,1,10,10,1.0
365,Y,H,H,H,H,O,H,H,H,H,O,2,10,8,2.5
366,S,H,H,H,H,H,H,H,H,H,O,2,10,9,2.2222222222222223
367,V,H,H,H,H,H,H,H,H,H,O,2,10,9,2.2222222222222223
368,L,H,H,H,H,H,H,H,H,H,H,1,10,10,1.0
369,Y,H,H,H,H,H,H,H,H,H,H,1,10,10,1.0
370,N,H,H,H,H,H,H,H,H,H,H,1,10,10,1.0
371,S,H,H,H,H,H,O,O,O,O,H,2,10,6,3.3333333333333335
372,A,O,O,O,O,O,O,O,O,O,O,1,10,10,1.0
373,S,U,U,U,U,U,S,S,U,U,S,2,10,7,2.857142857142857
374,F,U,U,U,U,U,S,S,S,U,S,2,10,6,3.3333333333333335
375,S,O,O,O,O,O,S,S,S,U,S,3,10,5,6.0
376,T,S,S,S,S,S,S,S,S,S,S,1,10,10,1.0
377,F,S,S,S,S,S,S,S,S,S,S,1,10,10,1.0
378,K,S,S,S,S,S,S,S,S,S,S,1,10,10,1.0
379,C,S,S,S,S,S,S,S,S,S,S,1,10,10,1.0
380,Y,O,S,S,S,S,S,S,S,S,O,2,10,8,2.5
381,G,O,O,O,O,O,O,O,O,O,O,1,10,10,1.0
382,V,O,O,O,O,O,U,O,O,O,U,2,10,8,2.5
383,S,U,U,U,U,U,U,U,U,U,U,1,10,10,1.0
384,P,H,O,O,O,O,H,H,H,H,H,2,10,6,3.3333333333333335
385,T,H,O,O,O,O,H,H,H,H,H,2,10,6,3.3333333333333335
386,K,H,U,O,O,H,H,H,H,H,H,3,10,7,4.285714285714286
387,L,H,U,H,O,H,H,H,H,H,O,3,10,7,4.285714285714286
388,N,O,O,H,O,H,O,H,H,H,O,2,10,5,4.0
389,D,O,O,H,O,H,O,O,H,H,O,2,10,6,3.3333333333333335
390,L,U,U,U,U,U,U,O,U,O,U,2,10,8,2.5
391,C,S,S,S,U,S,U,U,U,U,U,2,10,6,3.3333333333333335
392,F,U,S,U,S,S,U,U,S,U,U,2,10,6,3.3333333333333335
393,T,O,S,O,S,O,O,O,O,O,O,2,10,8,2.5
394,N,U,S,U,S,S,S,U,S,S,S,2,10,7,2.857142857142857
395,V,S,S,S,S,S,S,S,S,S,S,1,10,10,1.0
396,Y,S,S,S,S,S,S,S,S,S,S,1,10,10,1.0
397,A,S,S,S,S,S,S,S,S,S,S,1,10,10,1.0
398,D,S,S,S,S,S,S,S,S,S,S,1,10,10,1.0
399,S,S,S,S,S,S,S,S,S,S,S,1,10,10,1.0
400,F,S,S,S,S,S,U,U,S,S,U,2,10,7,2.857142857142857
401,V,S,S,S,S,S,U,S,S,S,S,2,10,9,2.2222222222222223
402,I,S,S,S,S,S,U,U,U,U,U,2,10,5,4.0
403,R,S,S,S,S,S,U,U,U,U,U,2,10,5,4.0
404,G,H,H,O,O,H,H,H,H,H,O,2,10,7,2.857142857142857
405,D,H,H,O,O,H,H,H,H,H,O,2,10,7,2.857142857142857
406,E,H,H,O,O,H,H,H,H,H,O,2,10,7,2.857142857142857
407,V,H,H,H,H,H,H,H,H,H,O,2,10,9,2.2222222222222223
408,R,H,H,H,H,H,H,H,H,H,O,2,10,9,2.2222222222222223
409,Q,H,H,H,H,H,O,O,H,H,O,2,10,7,2.857142857142857
410,I,H,H,H,H,H,O,O,H,H,O,2,10,7,2.857142857142857
411,A,O,O,O,O,O,O,O,O,O,O,1,10,10,1.0
412,P,O,O,O,O,O,O,O,O,O,O,1,10,10,1.0
413,G,O,O,O,O,O,O,O,O,O,O,1,10,10,1.0
414,Q,U,U,U,U,U,U,U,U,U,U,1,10,10,1.0
415,T,U,U,U,U,U,U,U,U,U,U,1,10,10,1.0
416,G,O,O,O,O,O,U,O,O,U,O,2,10,8,2.5
417,K,O,H,H,H,H,O,O,H,O,O,2,10,5,4.0
418,I,H,H,H,H,H,H,H,H,H,O,2,10,9,2.2222222222222223
419,A,H,H,H,H,H,H,H,H,H,O,2,10,9,2.2222222222222223
420,D,H,H,H,H,H,H,H,H,H,O,2,10,9,2.2222222222222223
421,Y,H,H,H,H,H,H,H,H,H,O,2,10,9,2.2222222222222223
422,N,H,O,O,H,H,O,O,O,O,O,2,10,7,2.857142857142857
423,Y,U,U,S,U,U,U,U,U,U,U,2,10,9,2.2222222222222223
424,K,U,U,S,U,U,U,U,U,U,U,2,10,9,2.2222222222222223
425,L,U,U,U,U,U,U,U,U,U,U,1,10,10,1.0
426,P,U,U,U,U,U,U,U,U,U,U,1,10,10,1.0
427,D,O,O,O,O,O,O,O,O,O,O,1,10,10,1.0
428,D,O,O,O,O,O,O,O,O,O,O,1,10,10,1.0
429,F,U,U,U,U,U,O,O,O,O,O,2,10,5,4.0
430,T,U,U,U,U,U,U,U,S,S,U,2,10,8,2.5
431,G,S,S,S,S,S,S,S,S,S,S,1,10,10,1.0
432,C,S,S,S,S,S,S,S,S,S,S,1,10,10,1.0
433,V,S,S,S,S,S,S,S,S,S,S,1,10,10,1.0
434,I,S,S,S,S,S,S,S,S,S,S,1,10,10,1.0
435,A,S,S,S,S,S,S,S,S,S,S,1,10,10,1.0
436,W,S,S,S,S,S,S,S,S,U,S,2,10,9,2.2222222222222223
437,N,S,S,S,U,S,S,S,U,U,S,2,10,7,2.857142857142857
438,S,U,U,U,U,U,U,U,U,O,S,3,10,8,3.75
439,N,H,O,O,U,O,U,U,U,U,U,3,10,6,5.0
440,N,H,O,O,O,O,O,U,O,U,U,3,10,6,5.0
441,L,H,O,O,O,O,O,O,O,O,O,2,10,9,2.2222222222222223
442,D,H,O,O,O,O,U,O,O,O,O,3,10,8,3.75
443,S,H,O,U,U,O,O,U,O,U,U,3,10,5,6.0
444,K,U,U,U,U,O,O,O,O,O,O,2,10,6,3.3333333333333335
445,V,O,O,O,O,O,O,O,O,O,O,1,10,10,1.0
446,G,O,O,O,O,O,S,O,O,O,O,2,10,9,2.2222222222222223
447,G,U,U,U,U,O,U,U,U,U,S,3,10,8,3.75
448,N,S,S,U,S,S,U,U,U,U,U,2,10,6,3.3333333333333335
449,Y,U,S,U,U,U,O,U,U,U,U,3,10,8,3.75
450,N,U,S,U,U,U,U,O,O,O,O,3,10,5,6.0
451,Y,U,S,U,U,U,U,O,O,O,U,3,10,6,5.0
452,L,U,S,S,S,S,U,U,S,S,S,2,10,7,2.857142857142857
453,Y,U,S,S,S,S,U,U,S,S,S,2,10,7,2.857142857142857
454,R,S,S,S,S,S,U,U,S,S,S,2,10,8,2.5
455,L,U,O,U,U,U,O,U,S,S,S,3,10,5,6.0
456,F,O,U,O,U,U,U,O,O,O,U,2,10,5,4.0
457,R,U,U,U,U,U,U,U,U,U,U,1,10,10,1.0
458,K,O,O,O,O,O,S,U,U,U,U,3,10,5,6.0
459,S,O,O,O,O,O,S,S,S,S,S,2,10,5,4.0
460,N,U,U,U,U,U,S,S,S,S,S,2,10,5,4.0
461,L,U,U,U,U,U,U,S,S,S,S,2,10,6,3.3333333333333335
462,K,U,U,U,U,U,O,U,U,U,U,2,10,9,2.2222222222222223
463,P,O,O,S,O,O,O,O,O,O,O,2,10,9,2.2222222222222223
464,F,O,O,O,O,O,O,O,O,O,O,1,10,10,1.0
465,E,U,U,U,U,U,O,O,O,O,O,2,10,5,4.0
466,R,U,U,S,U,U,U,O,O,O,O,3,10,5,6.0
467,D,U,U,U,U,U,S,U,U,U,U,2,10,9,2.2222222222222223
468,I,U,U,U,U,U,S,S,S,S,S,2,10,5,4.0
469,S,U,U,U,U,U,S,S,S,S,S,2,10,5,4.0
470,T,U,U,U,U,U,U,S,S,S,S,2,10,6,3.3333333333333335
471,E,U,U,U,U,U,U,U,U,U,U,1,10,10,1.0
472,I,U,U,U,U,U,U,U,U,U,U,1,10,10,1.0
473,Y,S,S,S,S,S,U,U,U,U,U,2,10,5,4.0
474,Q,S,S,S,S,S,O,U,U,O,O,3,10,5,6.0
475,A,O,O,O,O,O,O,O,O,O,O,1,10,10,1.0
476,G,O,O,O,O,O,U,O,O,O,O,2,10,9,2.2222222222222223
477,S,O,O,O,U,O,U,U,U,U,U,2,10,6,3.3333333333333335
478,T,O,O,O,O,U,U,U,U,U,U,2,10,6,3.3333333333333335
479,P,U,U,U,U,U,O,U,U,O,O,2,10,7,2.857142857142857
480,C,U,U,U,O,U,O,O,O,O,O,2,10,6,3.3333333333333335
481,N,O,U,O,O,O,O,O,O,O,U,2,10,8,2.5
482,G,O,O,O,O,O,O,O,O,O,O,1,10,10,1.0
483,V,U,O,U,O,O,O,O,O,O,O,2,10,8,2.5
484,E,U,U,U,U,U,O,O,O,O,O,2,10,5,4.0
485,G,S,S,O,O,U,U,O,O,U,U,3,10,4,7.5
486,F,O,O,O,O,O,O,U,U,O,O,2,10,8,2.5
487,N,O,O,O,U,O,U,O,O,O,O,2,10,8,2.5
488,C,S,S,S,S,S,U,O,O,U,O,3,10,5,6.0
489,Y,S,S,S,S,S,O,U,U,U,O,3,10,5,6.0
490,F,U,U,U,U,U,O,O,O,U,U,2,10,7,2.857142857142857
491,P,O,O,O,O,O,O,O,O,U,O,2,10,9,2.2222222222222223
492,L,S,S,S,S,S,O,O,O,O,O,2,10,5,4.0
493,Q,U,S,S,S,S,U,O,O,O,O,3,10,4,7.5
494,S,U,S,S,S,S,U,U,S,S,S,2,10,7,2.857142857142857
495,Y,U,S,U,U,U,U,U,S,S,S,2,10,6,3.3333333333333335
496,G,U,S,U,U,U,U,U,S,S,S,2,10,6,3.3333333333333335
497,F,S,S,U,S,S,U,U,S,S,S,2,10,7,2.857142857142857
498,Q,U,U,U,U,U,O,O,U,U,U,2,10,8,2.5
499,P,H,O,O,O,O,O,O,U,U,U,3,10,6,5.0
500,T,H,O,O,O,O,U,O,U,U,U,3,10,5,6.0
501,N,H,O,O,O,O,U,U,O,O,O,3,10,7,4.285714285714286
502,G,U,U,U,U,U,U,U,O,O,O,2,10,7,2.857142857142857
503,V,H,O,O,H,O,U,U,U,U,U,3,10,5,6.0
504,G,H,O,O,H,O,U,O,U,U,U,3,10,4,7.5
505,Y,H,O,O,H,O,U,U,S,S,U,4,10,3,13.333333333333334
506,Q,O,O,O,O,O,U,U,S,S,U,3,10,5,6.0
507,P,S,S,S,S,S,U,U,S,S,S,2,10,8,2.5
508,Y,S,S,S,S,S,U,U,S,S,S,2,10,8,2.5
509,R,S,S,S,S,S,U,U,S,S,S,2,10,8,2.5
510,V,S,S,S,S,S,U,U,S,S,S,2,10,8,2.5
511,V,S,S,S,S,S,S,U,S,S,S,2,10,9,2.2222222222222223
512,V,S,S,S,S,S,S,U,S,S,S,2,10,9,2.2222222222222223
513,L,S,S,S,S,S,U,U,U,U,U,2,10,5,4.0
514,S,S,S,S,S,S,O,O,O,O,O,2,10,5,4.0
515,F,S,S,S,S,S,O,O,O,O,O,2,10,5,4.0
516,E,U,S,U,S,S,O,O,O,O,O,3,10,5,6.0
517,L,U,S,U,U,U,O,U,U,U,U,3,10,8,3.75
518,L,O,O,O,O,O,U,U,U,U,U,2,10,5,4.0
519,H,O,O,O,O,O,U,U,U,U,U,2,10,5,4.0
520,A,O,O,O,O,O,U,U,S,U,U,3,10,5,6.0
521,P,U,U,U,U,U,U,O,U,O,U,2,10,8,2.5
522,A,U,U,U,U,U,U,U,U,U,U,1,10,10,1.0
523,T,O,U,O,U,U,U,U,O,U,U,2,10,7,2.857142857142857
524,V,S,S,U,S,S,U,U,O,U,U,3,10,5,6.0
525,C,S,S,S,U,S,U,U,U,U,U,2,10,6,3.3333333333333335
526,G,U,U,U,U,U,U,U,U,U,U,1,10,10,1.0
527,P,O,O,O,O,O,O,O,U,O,O,2,10,9,2.2222222222222223
528,K,O,O,O,O,O,O,O,U,O,O,2,10,9,2.2222222222222223
529,K,U,U,U,U,U,O,O,O,O,O,2,10,5,4.0
530,S,U,U,U,U,U,U,O,O,O,O,2,10,6,3.3333333333333335
531,T,U,U,U,U,U,O,O,O,O,O,2,10,5,4.0
532,N,U,U,U,U,U,O,O,O,O,O,2,10,5,4.0
533,L,U,U,U,U,U,O,O,U,O,O,2,10,6,3.3333333333333335
534,V,U,U,U,U,U,O,U,U,U,O,2,10,8,2.5
535,K,U,U,U,U,U,O,S,S,O,U,3,10,6,5.0
536,N,O,O,O,O,O,O,O,O,O,O,1,10,10,1.0
537,K,O,O,O,O,O,O,O,O,O,U,2,10,9,2.2222222222222223
538,C,U,U,S,S,S,S,S,S,S,U,2,10,7,2.857142857142857
539,V,S,S,S,S,S,S,S,S,S,U,2,10,9,2.2222222222222223
540,N,S,S,S,S,S,S,S,S,S,U,2,10,9,2.2222222222222223
541,F,S,S,S,S,S,S,S,S,S,U,2,10,9,2.2222222222222223
542,N,S,S,S,S,S,S,S,S,S,S,1,10,10,1.0
543,F,S,S,S,S,S,S,S,S,S,S,1,10,10,1.0
544,N,O,O,O,O,O,O,O,O,O,O,1,10,10,1.0
545,G,O,O,O,O,O,O,O,O,O,O,1,10,10,1.0
546,L,S,S,S,S,S,S,S,S,S,U,2,10,9,2.2222222222222223
547,T,S,S,S,S,S,S,S,S,S,U,2,10,9,2.2222222222222223
548,G,S,S,S,S,S,S,S,S,S,U,2,10,9,2.2222222222222223
549,T,S,S,S,S,S,S,S,S,S,U,2,10,9,2.2222222222222223
550,G,S,S,S,S,S,S,S,S,S,S,1,10,10,1.0
551,V,S,S,S,S,S,S,S,S,S,S,1,10,10,1.0
552,L,S,S,S,S,S,S,S,S,S,S,1,10,10,1.0
553,T,S,S,S,S,S,S,S,S,S,S,1,10,10,1.0
554,E,S,S,S,S,S,S,S,S,S,U,2,10,9,2.2222222222222223
555,S,U,U,U,U,U,U,U,U,U,U,1,10,10,1.0
556,N,O,O,U,O,O,U,U,U,U,U,2,10,6,3.3333333333333335
557,K,U,U,U,U,U,U,U,U,U,U,1,10,10,1.0
558,K,U,U,U,U,U,U,U,U,U,U,1,10,10,1.0
559,F,U,U,U,U,U,O,O,O,O,O,2,10,5,4.0
560,L,U,U,U,U,U,U,U,U,U,U,1,10,10,1.0
561,P,O,O,O,O,O,O,H,O,H,O,2,10,8,2.5
562,F,O,O,O,O,O,O,H,O,H,O,2,10,8,2.5
563,Q,U,U,U,U,U,O,H,O,H,O,3,10,5,6.0
564,Q,U,U,U,U,U,U,U,U,U,U,1,10,10,1.0
565,F,S,S,S,S,S,S,S,U,U,U,2,10,7,2.857142857142857
566,G,S,S,S,S,S,S,S,S,U,U,2,10,8,2.5
567,R,S,S,S,S,S,S,S,S,S,U,2,10,9,2.2222222222222223
568,D,U,U,U,U,U,U,U,U,U,U,1,10,10,1.0
569,I,O,O,O,O,O,O,O,O,O,O,1,10,10,1.0
570,A,O,O,O,O,O,O,O,O,O,O,1,10,10,1.0
571,D,O,O,O,O,O,U,O,O,O,O,2,10,9,2.2222222222222223
572,T,U,U,U,U,U,U,U,U,U,U,1,10,10,1.0
573,T,S,S,S,S,S,S,U,S,S,U,2,10,8,2.5
574,D,S,S,S,S,S,S,S,S,U,U,2,10,8,2.5
575,A,S,S,S,S,S,S,S,S,U,S,2,10,9,2.2222222222222223
576,V,S,S,S,S,S,S,S,U,U,U,2,10,7,2.857142857142857
577,R,S,S,S,S,S,U,S,U,O,U,3,10,6,5.0
578,D,U,U,U,U,U,O,U,U,U,U,2,10,9,2.2222222222222223
579,P,O,O,O,O,O,U,U,U,U,U,2,10,5,4.0
580,Q,O,O,O,O,O,O,O,O,O,O,1,10,10,1.0
581,T,O,O,O,O,O,O,O,O,O,O,1,10,10,1.0
582,L,U,U,U,U,U,O,O,O,O,O,2,10,5,4.0
583,E,U,U,U,U,U,U,U,U,U,U,1,10,10,1.0
584,I,S,S,S,S,S,U,U,U,U,U,2,10,5,4.0
585,L,S,S,S,S,S,S,S,S,S,U,2,10,9,2.2222222222222223
586,D,S,S,S,S,S,S,S,S,S,S,1,10,10,1.0
587,I,S,S,S,S,S,S,S,S,S,S,1,10,10,1.0
588,T,S,S,S,S,S,S,S,S,S,S,1,10,10,1.0
589,P,U,U,U,U,U,U,S,S,U,S,2,10,7,2.857142857142857
590,C,U,O,U,U,U,U,U,U,U,U,2,10,9,2.2222222222222223
591,S,U,U,U,U,U,U,U,U,U,U,1,10,10,1.0
592,F,S,U,U,S,U,U,U,U,U,U,2,10,8,2.5
593,G,S,U,S,S,U,S,S,S,S,S,2,10,8,2.5
594,G,U,S,S,S,U,S,S,S,S,S,2,10,8,2.5
595,V,S,S,S,S,S,S,S,S,S,S,1,10,10,1.0
596,S,S,S,S,S,S,S,S,S,S,S,1,10,10,1.0
597,V,S,S,S,S,S,S,S,S,S,S,1,10,10,1.0
598,I,S,S,S,S,S,S,S,S,S,S,1,10,10,1.0
599,T,S,S,S,S,S,S,U,U,S,U,2,10,7,2.857142857142857
600,P,O,O,O,O,U,U,U,U,U,U,2,10,6,3.3333333333333335
601,G,U,U,U,U,U,O,U,U,U,O,2,10,8,2.5
602,T,O,O,O,O,O,O,O,O,O,O,1,10,10,1.0
603,N,O,O,O,O,O,O,O,U,O,U,2,10,8,2.5
604,T,O,O,O,O,O,O,O,O,O,O,1,10,10,1.0
605,S,U,U,O,U,O,O,O,O,O,O,2,10,7,2.857142857142857
606,N,U,U,U,U,U,O,U,O,U,U,2,10,8,2.5
607,Q,U,U,U,U,U,U,U,U,U,U,1,10,10,1.0
608,V,U,U,U,U,U,U,U,U,U,U,1,10,10,1.0
609,A,S,S,S,S,S,S,S,S,S,S,1,10,10,1.0
610,V,S,S,S,S,S,S,S,S,S,S,1,10,10,1.0
611,L,S,S,S,S,S,S,S,S,S,S,1,10,10,1.0
612,Y,S,S,S,S,S,S,S,S,S,S,1,10,10,1.0
613,Q,O,O,O,O,U,U,O,O,O,O,2,10,8,2.5
614,D,O,O,O,O,O,O,O,O,O,O,1,10,10,1.0
615,V,O,O,O,O,O,U,U,U,U,U,2,10,5,4.0
616,N,U,U,U,U,U,U,U,U,U,U,1,10,10,1.0
617,C,H,H,O,O,O,O,O,O,O,O,2,10,8,2.5
618,T,H,H,O,O,O,O,O,O,O,O,2,10,8,2.5
619,E,H,H,O,O,O,O,O,O,O,O,2,10,8,2.5
620,V,H,H,H,H,H,U,U,U,U,U,2,10,5,4.0
621,P,H,H,H,H,H,U,U,U,U,U,2,10,5,4.0
622,V,H,H,H,H,H,O,O,O,O,O,2,10,5,4.0
623,A,H,H,H,H,H,O,O,O,O,U,3,10,5,6.0
624,I,O,O,O,O,O,U,U,U,O,U,2,10,6,3.3333333333333335
625,H,O,O,O,O,O,O,O,U,O,O,2,10,9,2.2222222222222223
626,A,H,H,H,H,H,O,U,U,O,U,3,10,5,6.0
627,D,H,H,H,H,H,U,U,U,O,U,3,10,5,6.0
628,Q,H,H,H,H,H,S,U,U,O,U,4,10,5,8.0
629,L,O,O,O,O,O,O,U,U,O,U,2,10,7,2.857142857142857
630,T,U,U,U,U,U,U,O,O,O,U,2,10,7,2.857142857142857
631,P,H,H,O,H,H,O,O,O,U,O,3,10,5,6.0
632,T,H,H,O,H,H,O,O,O,O,O,2,10,6,3.3333333333333335
633,W,H,H,H,H,H,O,U,O,O,U,3,10,5,6.0
634,R,H,H,H,H,H,O,U,U,U,U,3,10,5,6.0
635,V,H,H,H,H,H,O,U,U,U,U,3,10,5,6.0
636,Y,H,H,H,H,H,O,O,O,O,U,3,10,5,6.0
637,S,H,H,H,H,H,S,O,O,O,O,3,10,5,6.0
638,T,O,O,O,H,O,U,U,U,O,O,3,10,6,5.0
639,G,U,U,U,O,O,O,O,O,O,U,2,10,6,3.3333333333333335
640,S,O,O,O,O,O,U,O,U,O,O,2,10,8,2.5
641,N,U,U,O,U,U,U,U,U,U,U,2,10,9,2.2222222222222223
642,V,S,S,S,U,S,U,U,U,U,U,2,10,6,3.3333333333333335
643,F,S,S,S,S,S,U,U,U,U,U,2,10,5,4.0
644,Q,S,S,S,S,S,U,U,U,U,U,2,10,5,4.0
645,T,U,S,U,U,S,S,U,U,O,S,3,10,5,6.0
646,R,O,O,O,O,O,U,U,U,O,O,2,10,7,2.857142857142857
647,A,O,O,O,O,O,O,O,O,O,O,1,10,10,1.0
648,G,U,S,U,U,S,O,O,O,O,S,3,10,4,7.5
649,C,S,S,S,S,S,O,O,O,O,U,3,10,5,6.0
650,L,S,S,S,S,S,U,S,O,S,U,3,10,7,4.285714285714286
651,I,S,S,S,S,S,S,S,U,S,O,3,10,8,3.75
652,G,O,O,O,O,O,O,O,O,O,O,1,10,10,1.0
653,A,O,O,O,U,O,U,U,U,U,U,2,10,6,3.3333333333333335
654,E,U,S,S,U,S,U,S,S,S,S,2,10,7,2.857142857142857
655,H,S,S,S,U,U,S,S,S,S,U,2,10,7,2.857142857142857
656,V,S,U,S,U,U,U,U,U,U,U,2,10,8,2.5
657,N,U,O,U,U,O,U,O,U,U,U,2,10,7,2.857142857142857
658,N,O,O,O,O,O,U,U,U,U,U,2,10,5,4.0
659,S,U,U,U,U,U,S,U,U,U,U,2,10,9,2.2222222222222223
660,Y,U,U,U,U,U,O,U,O,U,O,2,10,7,2.857142857142857
661,E,U,U,U,U,U,O,U,U,U,U,2,10,9,2.2222222222222223
662,C,U,U,U,U,U,U,U,U,U,U,1,10,10,1.0
663,D,O,O,O,O,O,O,O,O,O,O,1,10,10,1.0
664,I,O,S,S,S,S,O,U,O,O,O,3,10,5,6.0
665,P,S,S,S,S,S,S,S,S,S,S,1,10,10,1.0
666,I,U,U,U,U,S,U,U,U,U,U,2,10,9,2.2222222222222223
667,G,O,O,O,O,S,O,O,O,O,O,2,10,9,2.2222222222222223
668,A,O,O,O,O,O,O,O,O,O,O,1,10,10,1.0
669,G,O,O,O,O,O,O,O,O,O,O,1,10,10,1.0
670,I,U,U,S,U,S,S,S,S,S,S,2,10,7,2.857142857142857
671,C,S,S,S,S,S,S,S,S,S,S,1,10,10,1.0
672,A,U,S,S,S,S,S,S,S,S,S,2,10,9,2.2222222222222223
673,S,U,U,U,U,U,S,S,S,S,S,2,10,5,4.0
674,Y,U,U,U,U,U,U,S,S,S,S,2,10,6,3.3333333333333335
675,Q,U,O,U,U,U,U,U,U,U,U,2,10,9,2.2222222222222223
676,T,O,O,O,O,O,U,O,O,O,O,2,10,9,2.2222222222222223
677,Q,O,O,O,O,O,O,O,O,O,O,1,10,10,1.0
678,T,O,O,O,O,O,O,O,O,O,O,1,10,10,1.0
679,N,O,O,O,O,O,U,O,U,U,U,2,10,6,3.3333333333333335
680,S,U,U,U,U,U,U,U,U,U,U,1,10,10,1.0
681,P,U,S,S,U,S,O,S,S,S,S,3,10,7,4.285714285714286
682,R,S,S,S,S,U,O,S,S,S,S,3,10,8,3.75
683,R,S,U,S,S,U,U,S,S,S,S,2,10,7,2.857142857142857
684,A,U,U,S,O,U,U,S,S,S,S,3,10,5,6.0
685,R,U,U,U,U,U,O,S,S,S,S,3,10,5,6.0
686,S,U,U,U,O,O,O,U,U,U,U,2,10,7,2.857142857142857
687,V,U,O,O,U,O,U,U,U,U,U,2,10,7,2.857142857142857
688,A,H,O,U,O,U,U,O,O,U,O,3,10,5,6.0
689,S,H,U,H,O,U,U,O,O,O,O,3,10,5,6.0
690,Q,H,O,H,O,O,S,O,O,O,O,3,10,7,4.285714285714286
691,S,U,U,H,O,U,S,O,U,U,O,4,10,5,8.0
692,I,U,U,U,U,H,S,O,O,O,O,4,10,4,10.0
693,I,U,U,U,U,H,S,U,O,O,O,4,10,5,8.0
694,A,U,U,U,U,H,S,O,O,O,U,4,10,5,8.0
695,Y,U,U,U,U,U,U,O,O,O,U,2,10,7,2.857142857142857
696,T,U,U,U,U,U,U,U,U,U,U,1,10,10,1.0
697,M,U,U,U,U,U,U,U,U,U,U,1,10,10,1.0
698,S,U,U,U,U,U,U,U,U,U,U,1,10,10,1.0
699,L,U,O,U,U,U,U,U,U,U,U,2,10,9,2.2222222222222223
700,G,U,O,U,U,U,U,U,U,U,U,2,10,9,2.2222222222222223
701,A,H,O,H,U,H,U,U,U,U,U,3,10,6,5.0
702,E,H,O,H,U,H,U,U,U,U,U,3,10,6,5.0
703,N,H,O,H,H,H,U,U,U,U,U,3,10,5,6.0
704,S,U,U,H,H,O,U,U,U,U,U,3,10,7,4.285714285714286
705,V,U,U,U,H,O,U,U,U,U,U,3,10,8,3.75
706,A,U,U,U,U,U,O,O,O,O,O,2,10,5,4.0
707,Y,U,U,U,U,U,O,O,O,O,O,2,10,5,4.0
708,S,U,O,O,O,O,O,O,O,O,O,2,10,9,2.2222222222222223
709,N,O,O,O,O,O,U,U,U,U,U,2,10,5,4.0
710,N,O,O,O,O,O,S,S,S,S,S,2,10,5,4.0
711,S,S,S,S,S,S,S,S,S,S,S,1,10,10,1.0
712,I,S,S,S,S,S,S,S,S,S,S,1,10,10,1.0
713,A,S,S,S,S,S,S,S,S,S,S,1,10,10,1.0
714,I,S,S,S,S,S,S,S,S,S,S,1,10,10,1.0
715,P,S,U,S,S,S,S,S,S,S,S,2,10,9,2.2222222222222223
716,T,S,O,U,S,O,S,S,S,S,S,3,10,7,4.285714285714286
717,N,S,O,O,S,U,S,S,S,S,S,3,10,7,4.285714285714286
718,F,S,S,S,S,S,S,S,S,S,S,1,10,10,1.0
719,T,S,S,S,S,S,S,S,S,S,S,1,10,10,1.0
720,I,S,S,S,S,S,S,S,S,S,S,1,10,10,1.0
721,S,S,S,S,S,S,S,S,S,S,S,1,10,10,1.0
722,V,S,S,S,S,S,S,S,S,S,S,1,10,10,1.0
723,T,S,S,S,S,S,S,S,S,S,S,1,10,10,1.0
724,T,S,S,S,S,S,S,S,S,S,U,2,10,9,2.2222222222222223
725,E,S,S,S,S,S,S,S,S,S,U,2,10,9,2.2222222222222223
726,I,S,S,S,S,S,S,S,S,S,S,1,10,10,1.0
727,L,S,S,S,S,S,S,S,S,S,S,1,10,10,1.0
728,P,S,S,S,S,S,U,U,U,U,S,2,10,6,3.3333333333333335
729,V,U,U,U,U,U,U,U,U,U,U,1,10,10,1.0
730,S,U,U,U,U,U,U,U,U,U,U,1,10,10,1.0
731,M,U,U,U,U,U,U,U,U,U,U,1,10,10,1.0
732,T,U,U,U,U,U,U,U,U,U,U,1,10,10,1.0
733,K,U,U,S,S,S,U,U,U,U,U,2,10,7,2.857142857142857
734,T,S,S,S,S,S,S,S,S,S,U,2,10,9,2.2222222222222223
735,S,S,S,S,S,S,S,S,S,S,U,2,10,9,2.2222222222222223
736,V,S,S,S,S,S,S,S,S,S,U,2,10,9,2.2222222222222223
737,D,U,U,U,U,U,U,U,U,U,U,1,10,10,1.0
738,C,H,H,O,O,H,H,H,H,H,U,3,10,7,4.285714285714286
739,T,H,H,O,H,H,H,H,H,H,O,2,10,8,2.5
740,M,H,H,O,H,H,H,H,H,H,O,2,10,8,2.5
741,Y,H,H,O,H,H,H,H,H,H,O,2,10,8,2.5
742,I,H,H,O,H,H,H,H,H,H,O,2,10,8,2.5
743,C,H,H,O,O,O,O,O,O,O,O,2,10,8,2.5
744,G,O,O,O,O,O,O,O,O,O,O,1,10,10,1.0
745,D,O,O,O,O,O,O,O,O,O,O,1,10,10,1.0
746,S,U,U,U,U,U,U,U,U,U,U,1,10,10,1.0
747,T,H,H,H,H,H,H,H,H,H,H,1,10,10,1.0
748,E,H,H,H,H,H,H,H,H,H,H,1,10,10,1.0
749,C,H,H,H,H,H,H,H,H,H,H,1,10,10,1.0
750,S,H,H,H,H,H,H,H,H,H,H,1,10,10,1.0
751,N,H,H,H,H,H,H,H,H,H,H,1,10,10,1.0
752,L,H,H,H,H,H,H,H,H,H,H,1,10,10,1.0
753,L,H,H,H,H,H,H,H,H,H,O,2,10,9,2.2222222222222223
754,L,H,H,H,H,H,O,O,O,O,O,2,10,5,4.0
755,Q,H,H,H,H,H,O,O,O,O,U,3,10,5,6.0
756,Y,O,O,O,O,O,O,O,O,O,O,1,10,10,1.0
757,G,H,H,H,U,O,O,O,O,O,U,3,10,5,6.0
758,S,H,H,H,O,O,O,O,O,O,U,3,10,6,5.0
759,F,H,H,H,H,O,H,H,H,H,O,2,10,8,2.5
760,C,H,H,H,H,O,H,H,H,H,H,2,10,9,2.2222222222222223
761,T,H,H,H,H,O,H,H,H,H,H,2,10,9,2.2222222222222223
762,Q,H,H,H,H,H,H,H,H,H,H,1,10,10,1.0
763,L,H,H,H,H,H,H,H,H,H,H,1,10,10,1.0
764,N,H,H,H,H,H,H,H,H,H,H,1,10,10,1.0
765,R,H,H,H,H,H,H,H,H,H,H,1,10,10,1.0
766,A,H,H,H,H,H,H,H,H,H,H,1,10,10,1.0
767,L,H,H,H,H,H,H,H,H,H,H,1,10,10,1.0
768,T,H,H,H,H,H,H,H,H,H,H,1,10,10,1.0
769,G,H,H,H,H,H,H,H,H,H,H,1,10,10,1.0
770,I,H,H,H,H,H,H,H,H,H,H,1,10,10,1.0
771,A,H,H,H,H,H,H,H,H,H,H,1,10,10,1.0
772,V,H,H,H,H,H,H,H,H,H,H,1,10,10,1.0
773,E,H,H,H,H,H,H,H,H,H,H,1,10,10,1.0
774,Q,H,H,H,H,H,H,H,H,H,H,1,10,10,1.0
775,D,H,H,H,H,H,H,H,H,H,H,1,10,10,1.0
776,K,H,H,H,H,H,H,H,H,H,H,1,10,10,1.0
777,N,H,H,H,H,H,H,H,H,H,H,1,10,10,1.0
778,T,H,H,H,H,H,H,H,H,H,H,1,10,10,1.0
779,Q,H,H,H,H,H,H,H,H,H,H,1,10,10,1.0
780,E,H,H,H,H,H,H,H,H,H,H,1,10,10,1.0
781,V,H,H,H,H,H,H,H,H,H,H,1,10,10,1.0
782,F,H,H,H,H,H,H,H,H,H,H,1,10,10,1.0
783,A,H,H,H,H,H,H,H,H,H,H,1,10,10,1.0
784,Q,O,O,O,O,O,H,H,H,H,H,2,10,5,4.0
785,V,O,O,O,O,O,H,H,H,H,O,2,10,6,3.3333333333333335
786,K,U,O,U,U,U,O,O,O,O,O,2,10,6,3.3333333333333335
787,Q,O,O,O,U,O,U,U,U,U,U,2,10,6,3.3333333333333335
788,I,U,U,U,U,U,O,O,O,O,O,2,10,5,4.0
789,Y,U,U,U,U,U,O,O,U,U,O,2,10,7,2.857142857142857
790,K,U,U,U,U,U,U,U,U,U,U,1,10,10,1.0
791,T,U,U,U,U,U,U,U,U,U,U,1,10,10,1.0
792,P,U,U,U,U,U,U,U,U,U,O,2,10,9,2.2222222222222223
793,P,O,U,U,O,O,U,U,U,U,U,2,10,7,2.857142857142857
794,I,U,U,U,U,O,U,U,U,U,O,2,10,8,2.5
795,K,U,O,O,O,O,O,O,O,O,O,2,10,9,2.2222222222222223
796,D,O,U,U,U,O,O,U,U,O,O,2,10,5,4.0
797,F,O,O,S,S,H,U,U,U,U,U,4,10,5,8.0
798,G,O,O,O,O,H,U,U,U,U,U,3,10,5,6.0
799,G,O,O,O,O,H,O,O,O,O,O,2,10,9,2.2222222222222223
800,F,U,U,S,S,U,O,O,O,O,O,3,10,5,6.0
801,N,U,U,U,U,U,U,U,U,U,O,2,10,9,2.2222222222222223
802,F,H,H,H,H,U,U,U,U,U,U,2,10,6,3.3333333333333335
803,S,H,H,H,H,O,O,O,U,O,O,3,10,5,6.0
804,Q,H,H,H,H,O,O,O,O,O,O,2,10,6,3.3333333333333335
805,I,O,O,O,O,O,O,O,U,O,O,2,10,9,2.2222222222222223
806,L,O,O,O,O,O,U,U,U,U,U,2,10,5,4.0
807,P,U,U,U,U,U,U,U,U,U,U,1,10,10,1.0
808,D,U,U,U,U,U,O,O,U,U,O,2,10,7,2.857142857142857
809,P,O,O,O,O,O,O,O,O,O,O,1,10,10,1.0
810,S,O,O,O,O,O,O,O,O,O,O,1,10,10,1.0
811,K,O,O,O,O,O,O,O,O,O,O,1,10,10,1.0
812,P,O,O,O,O,O,U,O,U,O,O,2,10,8,2.5
813,S,O,O,O,O,O,U,U,O,U,O,2,10,7,2.857142857142857
814,K,U,U,U,U,U,O,O,O,O,O,2,10,5,4.0
815,R,U,U,U,U,U,O,O,O,O,O,2,10,5,4.0
816,S,U,U,U,U,U,O,U,O,U,U,2,10,8,2.5
817,F,H,H,H,H,H,O,H,O,H,H,2,10,8,2.5
818,I,H,H,H,H,H,H,H,H,H,H,1,10,10,1.0
819,E,H,H,H,H,H,H,H,H,H,H,1,10,10,1.0
820,D,H,H,H,H,H,H,H,H,H,H,1,10,10,1.0
821,L,H,H,H,H,H,H,H,H,H,H,1,10,10,1.0
822,L,H,H,H,H,H,H,H,H,H,H,1,10,10,1.0
823,F,H,H,H,H,H,H,H,H,H,H,1,10,10,1.0
824,N,H,H,H,H,H,H,H,H,H,H,1,10,10,1.0
825,K,O,H,H,O,H,H,H,H,H,H,2,10,8,2.5
826,V,U,O,O,U,O,O,O,O,O,O,2,10,8,2.5
827,T,U,U,U,U,U,U,U,U,U,U,1,10,10,1.0
828,L,U,U,U,U,U,U,U,U,U,U,1,10,10,1.0
829,A,O,O,O,O,O,U,U,U,U,U,2,10,5,4.0
830,D,U,U,U,U,O,U,U,U,U,U,2,10,9,2.2222222222222223
831,A,O,U,U,U,O,U,U,U,U,U,2,10,8,2.5
832,G,U,U,U,U,O,U,U,U,U,U,2,10,9,2.2222222222222223
833,F,H,H,H,U,H,O,U,O,U,U,3,10,4,7.5
834,I,H,H,H,H,H,O,O,O,O,O,2,10,5,4.0
835,K,H,H,H,H,H,O,O,O,U,O,3,10,5,6.0
836,Q,H,H,H,H,H,H,U,O,H,H,3,10,8,3.75
837,Y,H,H,H,H,H,H,H,O,H,H,2,10,9,2.2222222222222223
838,G,H,H,H,H,H,H,H,H,H,H,1,10,10,1.0
839,D,H,H,H,H,H,H,H,H,H,H,1,10,10,1.0
840,C,H,H,O,H,H,H,O,H,O,H,2,10,7,2.857142857142857
841,L,H,H,O,H,H,H,O,H,O,H,2,10,7,2.857142857142857
842,G,H,H,O,O,O,O,O,H,O,O,2,10,7,2.857142857142857
843,D,O,H,O,O,O,U,U,U,U,U,3,10,5,6.0
844,I,U,U,O,U,U,U,U,U,U,U,2,10,9,2.2222222222222223
845,A,U,U,U,U,U,U,U,U,U,U,1,10,10,1.0
846,A,U,O,O,U,U,O,O,O,O,O,2,10,7,2.857142857142857
847,R,U,O,O,U,U,O,O,O,O,O,2,10,7,2.857142857142857
848,D,O,O,O,O,O,U,U,U,U,U,2,10,5,4.0
849,L,H,H,H,H,H,O,O,O,O,O,2,10,5,4.0
850,I,H,H,H,H,H,O,O,O,O,H,2,10,6,3.3333333333333335
851,C,H,H,H,H,H,O,O,O,O,H,2,10,6,3.3333333333333335
852,A,H,H,H,H,H,H,H,H,H,H,1,10,10,1.0
853,Q,H,H,H,H,H,H,H,H,H,H,1,10,10,1.0
854,K,H,H,H,H,H,H,H,H,H,H,1,10,10,1.0
855,F,H,H,H,H,H,H,H,H,H,H,1,10,10,1.0
856,N,O,O,O,O,O,O,H,H,O,H,2,10,7,2.857142857142857
857,G,O,O,O,O,O,O,H,O,O,O,2,10,9,2.2222222222222223
858,L,S,S,S,S,S,S,S,S,S,U,2,10,9,2.2222222222222223
859,T,S,S,S,S,S,S,S,S,S,U,2,10,9,2.2222222222222223
860,V,S,S,S,S,S,S,S,S,S,U,2,10,9,2.2222222222222223
861,L,U,U,S,S,S,U,U,U,U,U,2,10,7,2.857142857142857
862,P,U,U,U,U,U,U,U,U,U,U,1,10,10,1.0
863,P,U,U,U,U,U,U,U,U,U,U,1,10,10,1.0
864,L,O,O,O,O,O,O,O,O,O,O,1,10,10,1.0
865,L,O,U,O,O,O,O,O,O,O,O,2,10,9,2.2222222222222223
866,T,U,U,U,U,U,U,U,U,U,U,1,10,10,1.0
867,D,H,H,H,H,H,H,H,H,H,H,1,10,10,1.0
868,E,H,H,H,H,H,H,H,H,H,H,1,10,10,1.0
869,M,H,H,H,H,H,H,H,H,H,H,1,10,10,1.0
870,I,H,H,H,H,H,H,H,H,H,H,1,10,10,1.0
871,A,H,H,H,H,H,H,H,H,H,H,1,10,10,1.0
872,Q,H,H,H,H,H,H,H,H,H,H,1,10,10,1.0
873,Y,H,H,H,H,H,H,H,H,H,H,1,10,10,1.0
874,T,H,H,H,H,H,H,H,H,H,H,1,10,10,1.0
875,S,H,H,H,H,H,H,H,H,H,H,1,10,10,1.0
876,A,H,H,H,H,H,H,H,H,H,H,1,10,10,1.0
877,L,H,H,H,H,H,H,H,H,H,H,1,10,10,1.0
878,L,H,H,H,H,H,H,H,H,H,H,1,10,10,1.0
879,A,H,H,H,H,H,H,H,H,H,H,1,10,10,1.0
880,G,H,H,H,H,H,H,H,H,H,H,1,10,10,1.0
881,T,H,H,H,H,H,O,H,O,H,H,2,10,8,2.5
882,I,H,H,H,H,H,O,H,O,H,H,2,10,8,2.5
883,T,H,H,H,H,H,O,H,O,H,H,2,10,8,2.5
884,S,S,O,U,U,H,O,O,O,O,O,4,10,6,6.666666666666667
885,G,O,O,O,O,H,U,U,U,U,U,3,10,5,6.0
886,W,O,H,O,O,H,O,O,O,O,O,2,10,8,2.5
887,T,U,H,H,O,H,O,O,O,O,O,3,10,6,5.0
888,F,H,H,H,H,O,U,U,O,U,O,3,10,4,7.5
889,G,H,H,H,H,O,O,U,O,U,O,3,10,4,7.5
890,A,H,H,H,H,O,O,O,O,O,O,2,10,6,3.3333333333333335
891,G,O,O,O,O,O,O,O,O,O,O,1,10,10,1.0
892,A,U,O,O,U,O,U,U,U,U,U,2,10,7,2.857142857142857
893,A,U,U,U,U,U,U,U,U,U,U,1,10,10,1.0
894,L,U,U,U,U,U,U,U,U,U,U,1,10,10,1.0
895,Q,S,U,U,U,U,U,U,U,U,U,2,10,9,2.2222222222222223
896,I,U,U,U,U,U,U,U,U,U,U,1,10,10,1.0
897,P,U,U,U,U,U,U,U,U,U,U,1,10,10,1.0
898,F,H,H,H,H,H,H,H,H,H,H,1,10,10,1.0
899,A,H,H,H,H,H,H,H,H,H,H,1,10,10,1.0
900,M,H,H,H,H,H,H,H,H,H,H,1,10,10,1.0
901,Q,H,H,H,H,H,H,H,H,H,H,1,10,10,1.0
902,M,H,H,H,H,H,H,H,H,H,H,1,10,10,1.0
903,A,H,H,H,H,H,H,H,H,H,H,1,10,10,1.0
904,Y,H,H,H,H,H,H,H,H,H,H,1,10,10,1.0
905,R,H,H,H,H,H,H,H,H,H,H,1,10,10,1.0
906,F,H,H,H,H,H,H,H,H,H,H,1,10,10,1.0
907,N,H,H,H,H,H,H,H,H,H,H,1,10,10,1.0
908,G,O,H,O,O,O,H,H,H,H,H,2,10,6,3.3333333333333335
909,I,O,O,O,O,O,H,H,H,O,O,2,10,7,2.857142857142857
910,G,O,O,O,O,O,O,O,O,O,O,1,10,10,1.0
911,V,O,U,U,U,U,U,U,U,U,U,2,10,9,2.2222222222222223
912,T,U,U,U,U,U,U,U,U,U,U,1,10,10,1.0
913,Q,H,H,H,H,H,H,H,H,H,H,1,10,10,1.0
914,N,H,H,H,H,H,H,H,H,H,H,1,10,10,1.0
915,V,H,H,H,H,H,H,H,H,H,H,1,10,10,1.0
916,L,H,H,H,H,H,H,H,H,H,H,1,10,10,1.0
917,Y,H,H,H,H,H,H,H,H,H,H,1,10,10,1.0
918,E,H,H,H,H,H,H,H,H,H,H,1,10,10,1.0
919,N,H,H,H,H,H,O,O,O,O,H,2,10,6,3.3333333333333335
920,Q,H,H,H,H,H,H,H,O,O,O,2,10,7,2.857142857142857
921,K,H,H,H,H,H,H,H,O,O,O,2,10,7,2.857142857142857
922,L,H,H,H,H,H,H,H,H,H,H,1,10,10,1.0
923,I,H,H,H,H,H,H,H,H,H,H,1,10,10,1.0
924,A,H,H,H,H,H,H,H,H,H,H,1,10,10,1.0
925,N,H,H,H,H,H,H,H,H,H,H,1,10,10,1.0
926,Q,H,H,H,H,H,H,H,H,H,H,1,10,10,1.0
927,F,H,H,H,H,H,H,H,H,H,H,1,10,10,1.0
928,N,H,H,H,H,H,H,H,H,H,H,1,10,10,1.0
929,S,H,H,H,H,H,H,H,H,H,H,1,10,10,1.0
930,A,H,H,H,H,H,H,H,H,H,H,1,10,10,1.0
931,I,H,H,H,H,H,H,H,H,H,H,1,10,10,1.0
932,G,H,H,H,H,H,H,H,H,H,H,1,10,10,1.0
933,K,H,H,H,H,H,H,O,O,H,H,2,10,8,2.5
934,I,H,H,H,H,H,O,O,O,H,H,2,10,7,2.857142857142857
935,Q,H,H,H,H,H,O,O,O,H,H,2,10,7,2.857142857142857
936,D,H,H,H,H,H,O,O,O,O,O,2,10,5,4.0
937,S,H,H,H,H,H,U,U,U,U,U,2,10,5,4.0
938,L,H,H,H,H,H,U,U,U,U,U,2,10,5,4.0
939,S,H,H,H,H,H,O,O,O,O,O,2,10,5,4.0
940,S,H,H,H,H,H,O,O,O,O,O,2,10,5,4.0
941,T,U,U,U,H,O,O,O,O,O,O,3,10,6,5.0
942,A,O,O,O,U,U,U,U,U,U,U,2,10,7,2.857142857142857
943,S,O,O,O,U,H,H,H,H,H,H,3,10,6,5.0
944,A,O,O,O,O,H,H,H,H,H,H,2,10,6,3.3333333333333335
945,L,O,O,O,O,H,H,H,H,H,H,2,10,6,3.3333333333333335
946,G,H,H,H,H,H,H,H,H,H,H,1,10,10,1.0
947,K,H,H,H,H,H,H,H,H,H,H,1,10,10,1.0
948,L,H,H,H,H,H,H,H,H,H,H,1,10,10,1.0
949,Q,H,H,H,H,H,H,H,H,H,H,1,10,10,1.0
950,D,H,H,H,H,H,H,H,H,H,H,1,10,10,1.0
951,V,H,H,H,H,H,H,H,H,H,H,1,10,10,1.0
952,V,H,H,H,H,H,H,H,H,H,H,1,10,10,1.0
953,N,H,H,H,H,H,H,H,H,H,H,1,10,10,1.0
954,Q,H,H,H,H,H,H,H,H,H,H,1,10,10,1.0
955,N,H,H,H,H,H,H,H,H,H,H,1,10,10,1.0
956,A,H,H,H,H,H,H,H,H,H,H,1,10,10,1.0
957,Q,H,H,H,H,H,H,H,H,H,O,2,10,9,2.2222222222222223
958,A,H,H,H,H,H,H,H,H,H,O,2,10,9,2.2222222222222223
959,L,H,H,H,H,H,H,H,H,H,O,2,10,9,2.2222222222222223
960,N,H,H,H,H,H,H,H,H,H,O,2,10,9,2.2222222222222223
961,T,H,H,H,H,H,H,H,H,H,H,1,10,10,1.0
962,L,H,H,H,H,H,H,H,H,H,H,1,10,10,1.0
963,V,H,H,H,H,H,H,H,H,H,H,1,10,10,1.0
964,K,H,H,H,H,H,H,H,H,H,H,1,10,10,1.0
965,Q,H,H,H,H,H,H,H,H,H,H,1,10,10,1.0
966,L,O,O,H,H,H,O,O,O,O,H,2,10,6,3.3333333333333335
967,S,O,O,H,O,O,O,O,O,O,H,2,10,8,2.5
968,S,O,O,O,O,O,U,U,U,U,U,2,10,5,4.0
969,N,U,U,U,U,U,U,U,U,U,U,1,10,10,1.0
970,F,U,O,U,U,U,O,U,O,U,O,2,10,6,3.3333333333333335
971,G,O,O,O,O,O,O,O,O,O,O,1,10,10,1.0
972,A,O,O,O,O,O,O,O,O,O,O,1,10,10,1.0
973,I,O,O,O,O,O,O,O,O,O,O,1,10,10,1.0
974,S,O,U,U,U,U,U,U,U,U,U,2,10,9,2.2222222222222223
975,S,O,O,O,O,O,O,O,O,O,O,1,10,10,1.0
976,V,U,U,U,U,U,U,U,U,U,U,1,10,10,1.0
977,L,H,H,H,H,H,H,H,H,H,H,1,10,10,1.0
978,N,H,H,H,H,H,H,H,H,H,H,1,10,10,1.0
979,D,H,H,H,H,H,H,H,H,H,H,1,10,10,1.0
980,I,H,H,H,H,H,H,H,H,H,H,1,10,10,1.0
981,L,H,H,H,H,H,H,H,H,H,H,1,10,10,1.0
982,S,H,H,H,H,H,H,H,H,H,H,1,10,10,1.0
983,R,H,H,H,H,H,O,H,O,O,O,2,10,6,3.3333333333333335
984,L,O,O,O,O,O,O,O,O,O,O,1,10,10,1.0
985,D,U,U,U,U,U,U,U,U,U,U,1,10,10,1.0
986,K,H,H,O,H,H,H,H,H,H,O,2,10,8,2.5
987,V,H,H,H,H,H,H,H,H,H,O,2,10,9,2.2222222222222223
988,E,H,H,H,H,H,H,H,H,H,O,2,10,9,2.2222222222222223
989,A,H,H,H,H,H,H,H,H,H,O,2,10,9,2.2222222222222223
990,E,H,H,H,H,H,H,H,H,H,H,1,10,10,1.0
991,V,H,H,H,H,H,H,H,H,H,H,1,10,10,1.0
992,Q,H,H,H,H,H,H,H,H,H,H,1,10,10,1.0
993,I,H,H,H,H,H,H,H,H,H,H,1,10,10,1.0
994,D,H,H,H,H,H,H,H,H,H,H,1,10,10,1.0
995,R,H,H,H,H,H,H,H,H,H,H,1,10,10,1.0
996,L,H,H,H,H,H,H,H,H,H,H,1,10,10,1.0
997,I,H,H,H,H,H,H,H,H,H,H,1,10,10,1.0
998,T,H,H,H,H,H,H,H,H,H,H,1,10,10,1.0
999,G,H,H,H,H,H,H,H,H,H,H,1,10,10,1.0
1000,R,H,H,H,H,H,H,H,H,H,H,1,10,10,1.0
1001,L,H,H,H,H,H,H,H,H,H,H,1,10,10,1.0
1002,Q,H,H,H,H,H,H,H,H,H,H,1,10,10,1.0
1003,S,H,H,H,H,H,H,H,H,H,H,1,10,10,1.0
1004,L,H,H,H,H,H,H,H,H,H,H,1,10,10,1.0
1005,Q,H,H,H,H,H,H,H,H,H,H,1,10,10,1.0
1006,T,H,H,H,H,H,H,H,H,H,H,1,10,10,1.0
1007,Y,H,H,H,H,H,H,H,H,H,H,1,10,10,1.0
1008,V,H,H,H,H,H,H,H,H,H,H,1,10,10,1.0
1009,T,H,H,H,H,H,H,H,H,H,H,1,10,10,1.0
1010,Q,H,H,H,H,H,H,H,H,H,H,1,10,10,1.0
1011,Q,H,H,H,H,H,H,H,H,H,H,1,10,10,1.0
1012,L,H,H,H,H,H,H,H,H,H,H,1,10,10,1.0
1013,I,H,H,H,H,H,H,H,H,H,H,1,10,10,1.0
1014,R,H,H,H,H,H,H,H,H,H,H,1,10,10,1.0
1015,A,H,H,H,H,H,H,H,H,H,H,1,10,10,1.0
1016,A,H,H,H,H,H,H,H,H,H,H,1,10,10,1.0
1017,E,H,H,H,H,H,H,H,H,H,H,1,10,10,1.0
1018,I,H,H,H,H,H,H,H,H,H,H,1,10,10,1.0
1019,R,H,H,H,H,H,H,H,H,H,H,1,10,10,1.0
1020,A,H,H,H,H,H,H,H,H,H,H,1,10,10,1.0
1021,S,H,H,H,H,H,H,H,H,H,H,1,10,10,1.0
1022,A,H,H,H,H,H,H,H,H,H,H,1,10,10,1.0
1023,N,H,H,H,H,H,H,H,H,H,H,1,10,10,1.0
1024,L,H,H,H,H,H,H,H,H,H,H,1,10,10,1.0
1025,A,H,H,H,H,H,H,H,H,H,H,1,10,10,1.0
1026,A,H,H,H,H,H,H,H,H,H,H,1,10,10,1.0
1027,T,H,H,H,H,H,H,H,H,H,H,1,10,10,1.0
1028,K,H,H,H,H,H,H,H,H,H,H,1,10,10,1.0
1029,M,H,H,H,H,H,H,H,H,H,H,1,10,10,1.0
1030,S,H,H,H,H,H,H,H,H,H,H,1,10,10,1.0
1031,E,H,H,H,H,H,H,H,H,H,H,1,10,10,1.0
1032,C,H,H,H,H,H,H,H,H,H,H,1,10,10,1.0
1033,V,H,H,H,H,H,O,O,O,H,H,2,10,7,2.857142857142857
1034,L,O,H,H,H,O,O,O,O,O,H,2,10,6,3.3333333333333335
1035,G,O,O,O,H,O,O,O,O,O,O,2,10,9,2.2222222222222223
1036,Q,U,U,U,U,U,U,U,U,U,U,1,10,10,1.0
1037,S,U,U,U,U,U,U,U,U,U,U,1,10,10,1.0
1038,K,U,U,U,U,U,U,U,U,U,U,1,10,10,1.0
1039,R,U,U,U,U,U,U,O,U,U,U,2,10,9,2.2222222222222223
1040,V,O,O,O,O,O,O,U,U,O,O,2,10,8,2.5
1041,D,O,O,O,O,O,O,O,O,O,O,1,10,10,1.0
1042,F,O,O,O,O,O,O,O,O,O,O,1,10,10,1.0
1043,C,O,O,O,O,O,O,O,O,O,O,1,10,10,1.0
1044,G,U,U,U,U,U,U,U,O,O,O,2,10,7,2.857142857142857
1045,K,O,O,O,O,O,O,O,O,O,O,1,10,10,1.0
1046,G,O,O,O,O,O,O,O,O,O,O,1,10,10,1.0
1047,Y,S,S,S,S,S,O,O,O,O,S,2,10,6,3.3333333333333335
1048,H,S,S,S,S,S,S,S,S,S,U,2,10,9,2.2222222222222223
1049,L,S,S,S,S,S,S,S,S,S,U,2,10,9,2.2222222222222223
1050,M,S,S,S,S,S,S,S,S,S,U,2,10,9,2.2222222222222223
1051,S,S,S,S,S,S,S,S,S,S,S,1,10,10,1.0
1052,F,S,S,S,S,S,S,S,S,S,S,1,10,10,1.0
1053,P,S,S,S,S,S,S,S,S,S,S,1,10,10,1.0
1054,Q,S,S,S,S,S,S,U,U,S,S,2,10,8,2.5
1055,S,S,S,S,S,S,S,U,U,S,S,2,10,8,2.5
1056,A,S,S,S,S,S,U,U,U,U,S,2,10,6,3.3333333333333335
1057,P,O,O,O,O,O,O,O,O,O,O,1,10,10,1.0
1058,H,O,O,O,O,O,O,O,O,O,O,1,10,10,1.0
1059,G,S,S,S,S,S,O,O,O,O,S,2,10,6,3.3333333333333335
1060,V,S,S,S,S,S,S,S,S,S,S,1,10,10,1.0
1061,V,S,S,S,S,S,S,S,S,S,S,1,10,10,1.0
1062,F,S,S,S,S,S,S,S,S,S,S,1,10,10,1.0
1063,L,S,S,S,S,S,S,S,S,S,S,1,10,10,1.0
1064,H,S,S,S,S,S,S,S,S,S,S,1,10,10,1.0
1065,V,S,S,S,S,S,S,S,S,S,S,1,10,10,1.0
1066,T,S,S,S,S,S,S,S,S,S,S,1,10,10,1.0
1067,Y,S,S,S,S,S,S,S,S,S,S,1,10,10,1.0
1068,V,S,S,S,S,S,S,S,S,S,S,1,10,10,1.0
1069,P,S,S,S,S,S,S,S,S,S,S,1,10,10,1.0
1070,A,S,O,U,S,U,S,S,S,S,S,3,10,7,4.285714285714286
1071,Q,S,U,U,S,U,S,S,S,S,S,2,10,7,2.857142857142857
1072,E,S,U,S,S,S,S,S,S,S,S,2,10,9,2.2222222222222223
1073,K,S,S,S,S,S,S,S,S,S,S,1,10,10,1.0
1074,N,S,S,S,S,S,S,S,S,S,S,1,10,10,1.0
1075,F,S,S,S,S,S,S,S,S,S,S,1,10,10,1.0
1076,T,S,S,S,S,S,S,S,S,S,S,1,10,10,1.0
1077,T,S,S,S,S,S,S,S,S,S,S,1,10,10,1.0
1078,A,S,S,S,S,S,U,U,S,U,S,2,10,7,2.857142857142857
1079,P,O,O,O,O,O,O,O,O,O,O,1,10,10,1.0
1080,A,S,S,U,S,S,S,S,U,S,U,2,10,7,2.857142857142857
1081,I,S,U,S,S,U,S,S,S,S,U,2,10,7,2.857142857142857
1082,C,S,U,S,U,U,S,S,S,S,S,2,10,7,2.857142857142857
1083,H,O,H,U,H,S,U,S,U,S,S,4,10,4,10.0
1084,D,O,H,O,H,O,O,O,O,O,O,2,10,8,2.5
1085,G,O,H,O,H,O,O,O,O,O,O,2,10,8,2.5
1086,K,U,S,S,U,S,O,U,U,O,U,3,10,5,6.0
1087,A,S,S,S,S,S,U,U,S,U,U,2,10,6,3.3333333333333335
1088,H,S,S,S,S,S,S,S,S,U,U,2,10,8,2.5
1089,F,S,S,S,S,S,U,U,U,U,U,2,10,5,4.0
1090,P,S,S,S,S,S,S,U,U,U,U,2,10,6,3.3333333333333335
1091,R,O,O,O,O,O,U,U,O,O,U,2,10,7,2.857142857142857
1092,E,O,O,O,O,O,O,O,O,O,O,1,10,10,1.0
1093,G,O,O,O,S,O,O,O,S,O,O,2,10,8,2.5
1094,V,S,S,S,S,S,S,S,S,U,U,2,10,8,2.5
1095,F,S,S,S,S,S,U,U,S,S,S,2,10,8,2.5
1096,V,S,S,S,S,S,U,S,S,S,S,2,10,9,2.2222222222222223
1097,S,S,S,S,S,S,U,S,S,U,U,2,10,7,2.857142857142857
1098,N,O,U,O,S,S,U,U,S,U,U,3,10,5,6.0
1099,G,O,O,O,O,O,O,O,O,O,O,1,10,10,1.0
1100,T,O,O,O,O,O,O,O,O,O,O,1,10,10,1.0
1101,H,O,U,O,S,S,O,O,S,O,O,3,10,6,5.0
1102,W,S,S,S,S,S,U,S,S,U,U,2,10,7,2.857142857142857
1103,F,S,S,S,S,S,U,U,S,U,S,2,10,7,2.857142857142857
1104,V,S,S,S,S,S,S,U,S,S,S,2,10,9,2.2222222222222223
1105,T,S,S,S,S,S,S,S,S,S,U,2,10,9,2.2222222222222223
1106,Q,S,S,U,S,U,U,U,S,U,U,2,10,6,3.3333333333333335
1107,R,O,O,O,O,O,O,O,O,O,O,1,10,10,1.0
1108,N,O,O,O,O,O,O,O,O,O,O,1,10,10,1.0
1109,F,S,S,O,O,U,O,O,O,O,U,3,10,6,5.0
1110,Y,S,S,U,U,U,U,U,U,U,U,2,10,8,2.5
1111,E,S,S,U,U,U,U,U,U,U,U,2,10,8,2.5
1112,P,S,S,U,U,U,U,U,S,S,U,2,10,6,3.3333333333333335
1113,Q,S,S,S,S,S,S,U,S,S,S,2,10,9,2.2222222222222223
1114,I,S,S,S,U,S,U,U,S,U,U,2,10,5,4.0
1115,I,U,U,U,U,U,U,U,U,U,U,1,10,10,1.0
1116,T,S,S,S,S,S,U,U,U,U,U,2,10,5,4.0
1117,T,H,H,H,H,H,O,O,O,O,H,2,10,6,3.3333333333333335
1118,D,H,H,H,H,H,O,O,O,O,H,2,10,6,3.3333333333333335
1119,N,H,H,H,H,H,O,O,O,O,H,2,10,6,3.3333333333333335
1120,T,S,S,S,S,S,U,U,O,U,U,3,10,5,6.0
1121,F,S,S,S,S,S,S,U,U,U,U,2,10,6,3.3333333333333335
1122,V,S,S,S,S,S,U,U,U,U,U,2,10,5,4.0
1123,S,U,S,S,S,S,S,U,U,U,U,2,10,5,4.0
1124,G,O,S,S,S,S,U,U,S,U,U,3,10,5,6.0
1125,N,U,S,S,O,U,U,U,U,U,O,3,10,6,5.0
1126,C,O,O,H,O,O,U,U,U,U,U,3,10,5,6.0
1127,D,O,O,H,O,O,U,U,U,U,U,3,10,5,6.0
1128,V,O,O,H,O,O,O,O,O,O,O,2,10,9,2.2222222222222223
1129,V,U,U,U,U,O,O,O,O,O,O,2,10,6,3.3333333333333335
1130,I,O,O,O,O,U,S,S,O,S,U,3,10,5,6.0
1131,G,O,O,O,O,U,S,S,S,S,U,3,10,4,7.5
1132,I,S,S,U,S,S,S,S,S,S,S,2,10,9,2.2222222222222223
1133,V,S,U,S,S,U,U,S,U,S,S,2,10,6,3.3333333333333335
1134,N,U,U,U,U,U,O,O,O,O,O,2,10,5,4.0
1135,N,U,U,U,U,U,U,O,O,O,O,2,10,6,3.3333333333333335
1136,T,U,U,U,U,U,U,U,U,U,U,1,10,10,1.0
1137,V,U,U,U,U,U,U,U,U,U,U,1,10,10,1.0
1138,Y,S,S,S,S,S,O,O,O,O,O,2,10,5,4.0
1139,D,U,U,U,U,U,O,O,O,O,O,2,10,5,4.0
1140,P,U,U,U,O,U,O,O,O,U,O,2,10,5,4.0
1141,L,U,U,U,O,O,O,O,U,U,O,2,10,5,4.0
1142,Q,U,U,U,U,U,O,O,O,U,O,2,10,6,3.3333333333333335
1143,P,U,U,U,U,U,O,O,U,U,O,2,10,7,2.857142857142857
1144,E,U,U,U,U,U,O,U,O,O,O,2,10,6,3.3333333333333335
1145,L,U,U,U,U,U,O,U,U,O,U,2,10,8,2.5
1146,D,U,U,U,U,U,U,U,U,O,U,2,10,9,2.2222222222222223
1147,S,U,O,O,U,U,O,U,U,O,U,2,10,6,3.3333333333333335
1148,F,O,O,O,H,H,O,U,O,O,U,3,10,6,5.0
1149,K,H,H,H,H,H,O,U,U,O,O,3,10,5,6.0
1150,E,H,H,H,H,H,H,O,O,O,O,2,10,6,3.3333333333333335
1151,E,H,H,H,H,H,H,U,U,H,O,3,10,7,4.285714285714286
1152,L,H,H,H,H,H,H,O,O,H,U,3,10,7,4.285714285714286
1153,D,H,H,H,H,H,H,O,O,H,U,3,10,7,4.285714285714286
1154,K,H,H,H,H,H,O,O,O,H,O,2,10,6,3.3333333333333335
1155,Y,H,H,H,H,H,O,O,O,H,O,2,10,6,3.3333333333333335
1156,F,H,H,H,H,H,O,O,O,H,O,2,10,6,3.3333333333333335
1157,K,H,H,H,H,H,U,U,O,O,U,3,10,5,6.0
1158,N,H,H,H,H,O,O,U,O,O,O,3,10,5,6.0
1159,H,H,H,H,H,O,O,U,U,U,O,3,10,4,7.5
1160,T,H,H,H,H,U,O,U,U,U,U,3,10,5,6.0
1161,S,O,U,O,O,U,U,U,O,O,O,2,10,6,3.3333333333333335
1162,P,O,O,U,O,U,O,U,O,O,O,2,10,7,2.857142857142857
1163,D,O,O,H,O,U,O,U,U,O,O,3,10,6,5.0
1164,V,U,U,H,U,U,U,U,U,U,O,3,10,8,3.75
1165,D,U,U,H,U,U,U,U,U,U,U,2,10,9,2.2222222222222223
1166,L,U,U,U,U,U,U,U,O,O,U,2,10,8,2.5
1167,G,O,U,U,O,H,U,O,O,O,U,3,10,5,6.0
1168,D,O,U,U,O,H,O,O,O,O,U,3,10,6,5.0
1169,I,H,U,H,O,H,O,O,U,O,O,3,10,5,6.0
1170,S,H,O,H,O,H,O,O,U,O,O,3,10,6,5.0
1171,G,H,O,H,O,U,O,O,U,O,O,3,10,6,5.0
1172,I,U,U,O,U,U,O,U,U,O,O,2,10,6,3.3333333333333335
1173,N,U,U,U,U,U,O,U,U,O,O,2,10,7,2.857142857142857
1174,A,H,O,H,H,H,U,O,H,O,U,3,10,5,6.0
1175,S,H,O,H,H,H,U,U,H,O,U,3,10,5,6.0
1176,V,H,O,H,H,H,U,U,H,U,O,3,10,5,6.0
1177,V,U,O,O,U,O,U,O,H,U,U,3,10,5,6.0
1178,N,U,U,U,U,U,U,H,H,U,O,3,10,7,4.285714285714286
1179,I,O,U,O,O,U,O,H,H,U,H,3,10,4,7.5
1180,Q,H,H,H,H,H,O,H,H,O,H,2,10,8,2.5
1181,K,H,H,H,H,H,O,H,H,O,H,2,10,8,2.5
1182,E,H,H,H,H,H,O,H,H,U,H,3,10,8,3.75
1183,I,H,H,H,H,H,O,H,H,U,H,3,10,8,3.75
1184,D,H,H,H,H,H,U,O,U,O,U,3,10,5,6.0
1185,R,H,H,H,H,H,O,O,U,O,O,3,10,5,6.0
1186,L,H,H,H,H,H,O,U,O,O,O,3,10,5,6.0
1187,N,H,H,H,H,H,O,O,O,O,O,2,10,5,4.0
1188,E,H,H,H,H,H,O,O,O,U,O,3,10,5,6.0
1189,V,H,H,H,H,H,O,O,H,U,O,3,10,6,5.0
1190,A,H,H,H,H,H,U,O,H,O,O,3,10,6,5.0
1191,K,H,H,H,O,H,O,O,H,O,O,2,10,5,4.0
1192,N,H,H,H,H,H,O,O,H,O,U,3,10,6,5.0
1193,L,H,H,H,H,H,H,O,H,O,U,3,10,7,4.285714285714286
1194,N,H,H,H,H,H,H,O,H,O,O,2,10,7,2.857142857142857
1195,E,H,H,H,H,H,H,O,H,O,O,2,10,7,2.857142857142857
1196,S,O,O,H,H,O,H,O,H,H,O,2,10,5,4.0
1197,L,U,U,H,H,U,O,O,O,H,O,3,10,4,7.5
1198,I,U,U,H,H,U,O,O,O,H,U,3,10,4,7.5
1199,D,U,U,H,H,U,O,O,U,H,O,3,10,4,7.5
1200,L,H,H,H,H,H,O,O,U,H,O,3,10,6,5.0
1201,Q,H,H,H,H,H,O,U,O,U,U,3,10,5,6.0
1202,E,H,H,H,H,H,O,O,O,U,O,3,10,5,6.0
1203,L,H,H,H,H,H,O,O,O,O,O,2,10,5,4.0
1204,G,H,H,H,H,H,U,O,U,O,O,3,10,5,6.0
1205,K,H,H,H,H,H,O,O,O,O,U,3,10,5,6.0
1206,Y,H,H,H,H,H,U,O,O,O,O,3,10,5,6.0
1207,E,H,H,H,H,H,U,O,U,O,O,3,10,5,6.0
1208,Q,H,H,H,H,H,U,U,O,U,O,3,10,5,6.0
1209,Y,H,H,H,H,H,O,U,U,U,O,3,10,5,6.0
1210,I,H,H,H,H,H,O,U,U,U,O,3,10,5,6.0
1211,K,H,H,H,H,H,U,O,U,U,U,3,10,5,6.0
1212,W,H,H,H,H,H,O,O,O,U,U,3,10,5,6.0
1213,P,H,H,H,H,H,O,U,O,O,O,3,10,5,6.0
1214,W,H,H,H,H,H,U,O,O,O,O,3,10,5,6.0
1215,Y,H,H,H,H,H,H,O,O,O,U,3,10,6,5.0
1216,I,H,H,H,H,H,H,O,H,O,O,2,10,7,2.857142857142857
1217,W,H,H,H,H,H,H,O,H,U,O,3,10,7,4.285714285714286
1218,L,H,H,H,H,H,O,U,H,O,O,3,10,6,5.0
1219,G,H,H,H,H,H,O,O,H,O,O,2,10,6,3.3333333333333335
1220,F,H,H,H,H,H,O,U,S,O,U,4,10,5,8.0
1221,I,H,H,H,H,H,U,O,O,O,O,3,10,5,6.0
1222,A,H,H,H,H,H,O,O,O,H,O,2,10,6,3.3333333333333335
1223,G,H,H,H,H,H,O,O,O,H,U,3,10,6,5.0
1224,L,H,H,H,H,H,O,O,O,H,O,2,10,6,3.3333333333333335
1225,I,H,H,H,H,H,O,O,S,O,O,3,10,5,6.0
1226,A,H,H,H,H,H,O,O,O,O,O,2,10,5,4.0
1227,I,H,H,H,H,H,U,O,U,H,O,3,10,6,5.0
1228,V,H,H,H,H,H,O,O,O,H,O,2,10,6,3.3333333333333335
1229,M,H,H,H,H,H,O,O,O,H,O,2,10,6,3.3333333333333335
1230,V,H,H,H,H,H,U,O,O,O,O,3,10,5,6.0
1231,T,H,H,H,H,H,O,U,U,O,O,3,10,5,6.0
1232,I,H,O,H,H,H,O,U,O,O,O,3,10,5,6.0
1233,M,H,O,H,H,H,O,U,O,U,O,3,10,4,7.5
1234,L,H,O,H,O,O,O,O,O,O,U,3,10,7,4.285714285714286
1235,C,H,O,H,O,O,O,O,O,U,O,3,10,7,4.285714285714286
1236,C,H,U,H,O,U,O,O,O,O,O,3,10,6,5.0
1237,M,O,O,O,O,O,U,O,O,O,O,2,10,9,2.2222222222222223
1238,T,O,U,O,O,O,O,U,O,O,O,2,10,8,2.5
1239,S,O,O,O,U,O,O,U,U,O,O,2,10,7,2.857142857142857
1240,C,O,O,O,O,U,O,O,U,O,O,2,10,8,2.5
1241,C,O,O,U,O,U,U,O,O,U,O,2,10,6,3.3333333333333335
1242,S,U,U,U,U,O,O,O,O,U,O,2,10,5,4.0
1243,C,O,U,H,U,O,O,U,U,U,U,3,10,6,5.0
1244,L,O,O,H,H,O,U,O,O,U,U,3,10,5,6.0
1245,K,O,O,H,H,O,U,U,O,U,O,3,10,5,6.0
1246,G,O,U,O,H,O,O,U,O,U,O,3,10,6,5.0
1247,C,O,U,U,O,O,U,U,U,U,U,2,10,7,2.857142857142857
1248,C,U,U,U,U,O,H,O,O,O,U,3,10,5,6.0
1249,S,U,U,U,U,O,H,O,O,O,U,3,10,5,6.0
1250,C,U,U,U,U,U,H,O,U,U,O,3,10,7,4.285714285714286
1251,G,O,U,O,O,U,H,O,O,O,O,3,10,7,4.285714285714286
1252,S,O,O,O,O,U,H,U,O,U,O,3,10,6,5.0
1253,C,O,O,O,O,U,H,U,O,O,O,3,10,7,4.285714285714286
1254,C,O,O,O,U,U,H,O,O,O,O,3,10,7,4.285714285714286
1255,K,U,U,U,O,U,H,U,U,O,O,3,10,6,5.0
1256,F,U,U,U,U,H,O,U,O,U,O,3,10,6,5.0
1257,D,U,U,U,U,H,O,U,O,U,U,3,10,7,4.285714285714286
1258,E,U,U,U,U,H,O,U,U,O,U,3,10,7,4.285714285714286
1259,D,U,O,O,U,H,U,O,O,U,U,3,10,5,6.0
1260,D,O,O,O,O,O,U,O,O,O,O,2,10,9,2.2222222222222223
1261,S,O,O,O,O,O,U,O,O,O,O,2,10,9,2.2222222222222223
1262,E,O,O,O,H,U,O,U,O,U,U,3,10,5,6.0
1263,P,H,H,O,H,U,O,O,U,O,O,3,10,5,6.0
1264,V,H,H,H,H,U,O,O,O,O,O,3,10,5,6.0
1265,L,H,H,H,H,U,O,O,O,U,O,3,10,4,7.5
1266,K,H,O,H,O,O,U,O,O,U,O,3,10,6,5.0
1267,G,H,O,H,O,H,U,O,U,O,O,3,10,5,6.0
1268,V,H,O,U,U,H,U,U,U,O,U,3,10,6,5.0
1269,K,U,U,U,U,H,U,U,U,O,O,3,10,7,4.285714285714286
1270,L,U,U,U,U,H,O,O,U,U,U,3,10,7,4.285714285714286
1271,H,O,U,O,O,U,O,U,U,U,O,2,10,5,4.0
1272,Y,U,U,U,O,U,U,U,U,U,U,2,10,9,2.2222222222222223
1273,T,U,U,U,U,U,U,U,U,U,U,1,10,10,1.0
