Pos,Res,Q03431_CIT_model1_dssp_acc_SS,Q03431_CIT_model2_dssp_acc_SS,Q03431_CIT_model3_dssp_acc_SS,Q03431_CIT_model4_dssp_acc_SS,Q03431_CIT_model5_dssp_acc_SS,Q03431_full_model_499610_1_dssp_acc_SS,Q03431_full_model_499610_2_dssp_acc_SS,Q03431_full_model_499610_3_dssp_acc_SS,Q03431_full_model_499610_4_dssp_acc_SS,Q03431_full_model_499610_5_dssp_acc_SS,Q03431_IT_model1_dssp_acc_SS,Q03431_IT_model2_dssp_acc_SS,Q03431_IT_model3_dssp_acc_SS,Q03431_IT_model4_dssp_acc_SS,Q03431_IT_model5_dssp_acc_SS,Q03431_ranked_0_dssp_acc_SS,Q03431_ranked_1_dssp_acc_SS,Q03431_ranked_2_dssp_acc_SS,Q03431_ranked_3_dssp_acc_SS,Q03431_ranked_4_dssp_acc_SS,dssp_k,dssp_N,dssp_n1,dssp_vkabat
1,M,U,U,U,U,U,U,U,U,U,U,U,U,U,U,U,U,U,U,U,U,1,20,20,1.0
2,G,U,U,U,U,U,O,U,U,U,U,U,U,U,U,O,U,U,U,U,U,2,20,18,2.2222222222222223
3,T,U,U,O,U,H,O,H,H,H,U,O,U,O,O,O,U,U,U,U,U,3,20,10,6.0
4,A,U,U,U,U,H,H,H,H,H,H,U,U,S,U,O,U,U,U,U,U,4,20,12,6.666666666666667
5,R,O,U,O,U,H,H,H,H,H,H,O,U,O,U,O,U,U,U,U,U,3,20,9,6.666666666666667
6,I,U,O,O,O,O,H,H,H,U,H,U,U,O,O,O,U,U,U,U,U,3,20,9,6.666666666666667
7,A,S,O,U,U,U,H,H,H,U,U,S,O,U,U,U,U,U,U,U,H,4,20,12,6.666666666666667
8,P,O,H,U,H,O,H,H,H,H,H,O,H,O,O,O,O,H,O,U,H,3,20,10,6.0
9,G,O,H,O,H,O,H,H,H,H,H,O,H,O,H,O,H,H,H,U,H,3,20,13,4.615384615384615
10,L,S,H,O,H,U,H,H,H,H,H,S,H,O,H,U,H,H,H,O,H,4,20,13,6.153846153846154
11,A,O,H,O,H,O,H,H,H,H,H,S,H,O,H,O,H,H,H,O,H,3,20,13,4.615384615384615
12,L,U,H,O,H,O,H,H,H,H,H,U,H,O,H,O,H,H,H,H,H,3,20,14,4.285714285714286
13,L,S,H,O,H,O,H,O,H,U,O,S,H,O,H,O,H,H,H,H,H,4,20,11,7.2727272727272725
14,L,O,O,O,H,O,H,O,O,O,O,O,O,O,H,O,H,H,H,H,H,2,20,12,3.3333333333333335
15,C,O,O,O,H,O,U,O,O,O,U,O,O,O,H,O,H,H,H,U,H,3,20,11,5.454545454545454
16,C,S,U,O,O,U,U,U,U,U,U,S,U,O,O,U,H,H,H,U,H,4,20,10,8.0
17,P,U,U,U,U,U,H,H,H,H,H,U,U,U,U,U,H,H,H,H,H,2,20,10,4.0
18,V,U,U,O,U,U,H,H,H,H,H,U,U,O,U,U,H,H,H,H,H,3,20,10,6.0
19,L,U,U,U,U,U,H,H,H,H,H,U,U,U,S,U,H,H,H,H,H,3,20,10,6.0
20,S,O,U,O,O,O,H,H,H,H,H,O,U,O,O,U,H,H,H,H,H,3,20,10,6.0
21,S,U,U,O,O,U,H,H,H,H,H,U,U,O,O,O,H,H,H,H,H,3,20,10,6.0
22,A,H,U,U,O,O,H,H,H,H,H,H,U,U,O,O,H,H,H,O,H,3,20,11,5.454545454545454
23,Y,H,U,O,O,O,H,H,H,O,H,H,U,O,S,U,H,H,H,O,H,4,20,10,8.0
24,A,H,O,O,O,O,H,O,H,O,H,H,O,O,O,O,H,H,O,O,H,2,20,12,3.3333333333333335
25,L,H,O,O,O,O,O,O,H,O,H,H,O,O,O,O,O,O,O,U,H,3,20,14,4.285714285714286
26,V,U,O,O,O,O,O,O,H,O,O,U,O,O,O,O,O,U,U,U,H,3,20,13,4.615384615384615
27,D,U,U,O,U,U,O,U,H,U,U,U,U,O,U,U,U,U,U,U,H,3,20,15,4.0
28,A,O,U,U,O,O,O,O,O,O,O,O,U,U,O,O,U,U,U,U,H,3,20,11,5.454545454545454
29,D,O,O,U,U,O,O,O,U,O,O,O,O,U,O,O,U,U,U,U,U,2,20,11,3.6363636363636362
30,D,U,O,U,U,O,U,U,U,U,U,U,O,U,U,O,U,U,U,U,U,2,20,16,2.5
31,V,O,U,U,U,O,U,U,U,U,U,O,O,U,U,O,U,U,U,U,U,2,20,15,2.6666666666666665
32,M,U,U,U,O,U,U,U,U,U,U,U,U,U,U,U,U,U,U,U,U,2,20,19,2.1052631578947367
33,T,U,U,O,O,U,U,U,U,U,U,U,U,U,U,U,U,U,U,U,U,2,20,18,2.2222222222222223
34,K,H,H,H,H,H,H,H,H,H,H,H,H,H,H,H,H,H,H,H,H,1,20,20,1.0
35,E,H,H,H,H,H,H,H,H,H,H,H,H,H,H,H,H,H,H,H,H,1,20,20,1.0
36,E,H,H,H,H,H,H,H,H,H,H,H,H,H,H,H,H,H,H,H,H,1,20,20,1.0
37,Q,H,H,H,H,H,H,H,H,H,H,H,H,H,H,H,H,H,H,H,H,1,20,20,1.0
38,I,H,H,H,H,H,H,H,H,H,H,H,H,H,H,H,H,H,H,H,H,1,20,20,1.0
39,F,H,H,H,H,H,H,H,H,H,H,H,H,H,H,H,H,H,H,H,H,1,20,20,1.0
40,L,H,H,H,H,H,H,H,H,H,H,H,H,H,H,H,H,H,H,H,H,1,20,20,1.0
41,L,H,H,H,H,H,H,H,H,H,H,H,H,H,H,H,H,H,H,H,H,1,20,20,1.0
42,H,H,H,H,H,H,H,H,H,H,H,H,H,H,H,H,H,H,H,H,H,1,20,20,1.0
43,R,H,H,H,H,H,H,H,H,H,H,H,H,H,H,H,H,H,H,H,H,1,20,20,1.0
44,A,H,H,H,H,H,H,H,H,H,H,H,H,H,H,H,H,H,H,H,H,1,20,20,1.0
45,Q,H,H,H,H,H,H,H,H,H,H,H,H,H,H,H,H,H,H,H,H,1,20,20,1.0
46,A,H,H,H,H,H,H,H,H,H,H,H,H,H,H,H,H,H,H,H,H,1,20,20,1.0
47,Q,H,H,H,H,H,H,H,H,H,H,H,H,H,H,H,H,H,H,H,H,1,20,20,1.0
48,C,H,H,H,H,H,H,H,H,H,H,H,H,H,H,H,H,H,H,H,H,1,20,20,1.0
49,E,H,H,H,H,H,H,H,H,H,H,H,H,H,H,H,H,H,H,H,H,1,20,20,1.0
50,K,H,H,H,H,H,H,H,H,H,H,H,H,H,H,H,H,H,H,H,H,1,20,20,1.0
51,R,H,H,H,H,H,H,H,H,H,H,H,H,H,H,H,H,H,H,H,H,1,20,20,1.0
52,L,H,H,H,H,H,H,H,H,H,H,H,H,H,H,H,H,H,H,H,H,1,20,20,1.0
53,K,H,H,O,H,H,H,H,H,H,H,H,H,H,O,H,H,H,H,H,H,2,20,18,2.2222222222222223
54,E,H,H,U,H,H,H,H,H,H,H,H,H,O,O,H,H,H,H,H,H,3,20,17,3.5294117647058822
55,V,O,U,O,U,H,H,H,H,H,H,O,U,O,U,H,H,H,H,H,H,3,20,12,5.0
56,L,O,U,O,U,O,H,H,H,H,H,O,U,O,U,O,H,H,H,H,H,3,20,10,6.0
57,Q,U,U,O,U,U,H,O,O,H,H,U,U,O,U,U,O,O,O,O,O,3,20,9,6.666666666666667
58,R,U,U,O,U,U,O,O,U,O,O,U,O,O,U,U,O,O,U,U,U,2,20,11,3.6363636363636362
59,P,U,U,O,U,U,U,U,U,U,U,U,U,U,U,U,U,U,H,H,H,3,20,16,3.75
60,A,U,U,U,U,U,H,H,O,H,H,U,U,U,U,U,O,O,H,H,H,3,20,10,6.0
61,S,U,U,S,U,U,H,H,O,H,H,U,U,S,U,U,O,O,H,H,H,4,20,8,10.0
62,I,U,U,U,U,U,H,H,H,H,H,U,U,U,U,U,O,O,H,H,H,3,20,10,6.0
63,M,O,U,U,U,U,H,H,H,U,O,O,U,U,U,U,O,O,H,H,H,3,20,9,6.666666666666667
64,E,O,U,U,U,U,O,U,H,U,U,O,U,U,U,U,O,O,H,H,H,3,20,11,5.454545454545454
65,S,O,O,O,O,U,U,U,O,U,O,O,O,O,O,U,U,U,H,H,U,3,20,10,6.0
66,D,O,O,O,O,U,H,U,O,H,O,O,O,O,O,U,O,U,H,H,U,3,20,11,5.454545454545454
67,K,O,O,O,O,U,H,O,O,H,U,O,O,O,O,U,O,O,H,H,O,3,20,13,4.615384615384615
68,G,U,O,U,O,U,H,O,O,H,U,U,O,U,O,U,U,U,O,O,U,3,20,10,6.0
69,W,U,O,U,U,U,O,O,U,H,U,U,O,U,O,U,U,U,U,U,U,3,20,14,4.285714285714286
70,T,O,U,U,U,U,O,U,U,U,U,O,U,U,U,U,U,U,O,U,U,2,20,16,2.5
71,S,O,U,U,U,U,U,U,O,U,U,O,U,U,U,U,U,U,U,U,U,2,20,17,2.3529411764705883
72,A,O,U,U,U,U,H,O,O,H,O,O,U,U,U,U,U,U,U,U,U,3,20,13,4.615384615384615
73,S,U,U,U,U,U,H,O,O,H,U,U,U,U,U,U,U,U,U,U,U,3,20,16,3.75
74,T,O,O,O,O,O,H,U,O,H,U,O,U,O,O,O,U,U,U,U,U,3,20,10,6.0
75,S,O,O,O,O,O,O,O,O,O,O,O,O,O,O,O,U,U,U,U,U,2,20,15,2.6666666666666665
76,G,O,O,O,U,O,O,O,O,O,O,O,O,O,O,O,U,U,U,U,U,2,20,14,2.857142857142857
77,K,O,U,U,U,U,O,O,O,O,O,O,O,U,U,U,U,U,U,U,U,2,20,12,3.3333333333333335
78,P,O,U,U,O,U,U,U,U,U,U,O,U,O,U,U,U,U,U,U,U,2,20,16,2.5
79,R,O,H,U,O,U,H,O,U,H,H,O,U,U,U,U,U,U,U,U,U,3,20,12,5.0
80,K,O,H,U,O,H,H,H,O,H,H,O,O,U,U,H,U,U,U,U,U,3,20,8,7.5
81,D,O,H,O,H,H,H,H,O,H,H,O,O,O,H,H,U,U,U,U,U,3,20,9,6.666666666666667
82,K,O,H,O,H,H,O,H,O,H,H,O,O,O,H,H,U,U,U,U,U,3,20,8,7.5
83,A,U,H,O,H,H,O,H,O,U,U,U,O,O,H,H,U,U,U,U,U,3,20,9,6.666666666666667
84,S,H,H,O,H,H,U,O,U,O,U,H,O,O,H,H,U,U,U,U,U,3,20,8,7.5
85,G,H,H,O,H,H,O,O,U,O,O,H,O,O,H,H,U,U,U,U,U,3,20,7,8.571428571428571
86,K,H,H,O,H,H,O,O,O,O,O,H,O,O,H,H,U,U,U,U,U,3,20,8,7.5
87,L,H,H,H,H,H,O,O,O,U,O,H,H,H,H,H,U,U,U,U,U,3,20,10,6.0
88,Y,H,H,H,O,H,O,U,O,U,U,O,H,H,O,H,U,U,U,U,U,3,20,8,7.5
89,P,H,H,H,O,H,O,O,O,O,O,O,H,H,O,H,U,U,U,U,U,3,20,8,7.5
90,E,H,H,H,O,H,U,O,O,U,O,O,H,H,U,H,U,U,U,U,U,3,20,8,7.5
91,S,O,H,H,H,H,H,O,U,O,O,O,H,H,H,H,U,U,U,U,U,3,20,9,6.666666666666667
92,E,O,H,H,H,H,H,H,O,H,H,O,H,H,H,H,U,U,U,U,U,3,20,12,5.0
93,E,O,H,H,H,H,H,H,O,H,H,O,H,H,H,H,U,U,U,U,U,3,20,12,5.0
94,D,U,H,H,H,H,H,H,O,H,H,U,H,H,H,H,U,U,U,U,U,3,20,12,5.0
95,K,U,H,U,H,H,O,H,O,H,H,U,H,U,H,H,U,U,U,U,U,3,20,9,6.666666666666667
96,E,U,H,U,H,H,O,O,O,O,O,U,H,U,H,H,U,U,U,U,U,3,20,9,6.666666666666667
97,A,U,O,U,O,O,U,U,U,U,U,U,O,U,O,O,U,U,U,U,U,2,20,14,2.857142857142857
98,P,U,O,O,O,O,U,U,U,H,U,U,O,O,O,O,U,U,U,U,U,3,20,11,5.454545454545454
99,T,U,U,U,O,O,O,U,O,H,S,U,O,U,U,O,U,U,U,O,U,4,20,11,7.2727272727272725
100,G,U,U,O,U,U,U,O,O,H,U,U,U,U,U,U,U,U,U,U,U,3,20,16,3.75
101,S,U,U,S,U,U,O,O,O,U,O,U,U,S,U,U,U,U,U,U,U,3,20,14,4.285714285714286
102,R,U,U,U,U,U,O,O,O,O,O,U,U,U,U,U,U,U,U,U,U,2,20,15,2.6666666666666665
103,Y,O,U,O,O,O,O,O,U,O,O,O,U,O,U,O,U,U,U,U,U,2,20,11,3.6363636363636362
104,R,O,U,O,O,O,O,O,O,O,O,O,U,O,U,O,U,U,U,U,U,2,20,12,3.3333333333333335
105,G,O,O,O,O,O,O,O,O,O,O,O,O,O,O,O,U,U,U,U,U,2,20,15,2.6666666666666665
106,R,U,O,U,O,O,O,U,U,O,S,U,U,U,O,O,U,U,U,U,U,3,20,12,5.0
107,P,U,U,U,O,U,U,U,U,U,U,U,U,U,O,U,U,U,U,U,U,2,20,18,2.2222222222222223
108,C,S,U,U,U,U,S,S,S,S,S,S,O,U,S,U,S,S,S,S,S,3,20,13,4.615384615384615
109,L,U,U,U,U,S,U,U,U,U,U,U,U,U,U,S,U,U,U,U,U,2,20,18,2.2222222222222223
110,P,U,U,U,U,S,U,U,U,U,U,U,U,U,U,S,U,U,U,U,U,2,20,18,2.2222222222222223
111,E,S,U,U,U,S,S,S,S,S,U,S,S,U,U,S,U,U,U,S,S,2,20,11,3.6363636363636362
112,W,S,S,U,U,S,S,S,U,S,S,S,U,U,S,S,S,S,S,S,S,2,20,15,2.6666666666666665
113,D,U,S,U,U,S,U,S,U,U,U,U,U,U,U,S,U,U,U,U,U,2,20,16,2.5
114,H,O,O,O,O,O,O,O,O,O,O,O,O,O,O,O,O,O,O,O,O,1,20,20,1.0
115,I,O,O,O,O,O,O,O,O,O,O,O,O,O,O,O,O,O,O,O,O,1,20,20,1.0
116,L,U,S,U,O,S,O,S,O,U,U,U,O,U,O,S,U,U,U,U,U,3,20,11,5.454545454545454
117,C,S,S,U,U,S,S,S,U,S,S,S,U,U,S,S,S,S,S,S,S,2,20,15,2.6666666666666665
118,W,S,U,U,U,S,S,S,S,S,U,S,S,U,U,S,U,U,U,S,S,2,20,11,3.6363636363636362
119,P,U,U,U,U,S,U,U,U,U,U,U,U,U,U,S,U,U,U,U,U,2,20,18,2.2222222222222223
120,L,U,U,U,U,S,U,U,U,U,U,U,U,U,U,S,U,U,U,U,U,2,20,18,2.2222222222222223
121,G,S,U,U,U,U,S,S,S,S,S,S,U,U,S,U,S,S,S,S,S,2,20,13,3.076923076923077
122,A,U,U,U,U,U,U,U,U,U,U,U,U,U,U,U,U,U,U,U,U,1,20,20,1.0
123,P,O,O,S,O,O,O,O,O,O,O,O,O,O,O,O,O,O,O,O,O,2,20,19,2.1052631578947367
124,G,O,O,O,O,O,O,O,O,O,O,O,O,O,O,O,O,O,O,O,O,1,20,20,1.0
125,E,O,U,S,U,U,U,U,U,U,U,O,U,O,S,U,O,O,U,U,U,3,20,13,4.615384615384615
126,V,U,U,S,U,U,S,S,S,S,S,U,S,S,S,U,S,S,S,S,S,2,20,14,2.857142857142857
127,V,U,U,S,S,U,S,S,S,S,S,U,S,S,S,U,S,S,S,S,S,2,20,15,2.6666666666666665
128,A,U,U,S,S,U,S,S,S,S,S,U,S,S,U,S,S,S,S,S,S,2,20,15,2.6666666666666665
129,V,U,S,S,S,U,S,S,S,S,S,U,U,S,U,S,S,S,S,S,S,2,20,15,2.6666666666666665
130,P,U,S,S,S,U,S,S,S,S,S,U,U,U,S,U,S,S,S,S,S,2,20,14,2.857142857142857
131,C,U,U,U,U,U,U,U,U,U,U,U,U,U,U,U,U,U,U,U,U,1,20,20,1.0
132,P,U,U,U,U,U,U,U,U,U,U,U,U,U,U,U,U,U,U,U,U,1,20,20,1.0
133,D,O,O,H,O,O,O,O,O,O,O,O,O,O,O,O,O,O,O,O,O,2,20,19,2.1052631578947367
134,Y,O,O,H,U,O,O,O,O,O,O,O,O,O,O,O,O,O,O,O,O,3,20,18,3.3333333333333335
135,I,O,O,H,O,O,U,U,U,O,U,O,O,O,O,O,U,U,U,U,U,3,20,10,6.0
136,Y,O,O,O,O,U,O,O,O,O,O,O,O,O,O,U,O,O,O,O,O,2,20,18,2.2222222222222223
137,D,O,U,O,O,O,O,O,O,O,O,O,O,O,O,O,O,O,O,O,O,2,20,19,2.1052631578947367
138,F,U,U,U,U,O,S,S,S,S,S,U,O,U,U,O,O,O,O,O,O,3,20,8,7.5
139,N,U,U,U,U,U,U,U,U,U,U,U,U,U,U,U,U,U,U,U,U,1,20,20,1.0
140,H,O,O,O,O,O,O,O,O,O,O,O,O,O,O,O,O,O,O,O,O,1,20,20,1.0
141,K,U,U,O,O,O,O,O,O,O,O,U,U,U,O,O,O,O,O,O,O,2,20,15,2.6666666666666665
142,G,O,O,U,U,U,O,O,O,O,O,U,U,O,U,U,O,O,O,O,O,2,20,13,3.076923076923077
143,H,U,S,S,S,U,S,S,S,S,S,U,U,U,S,U,S,S,S,S,S,2,20,14,2.857142857142857
144,A,U,S,S,S,U,S,S,S,S,S,U,U,S,U,S,S,S,S,S,S,2,20,15,2.6666666666666665
145,Y,S,U,S,S,U,S,S,S,S,S,U,S,S,U,S,S,S,S,S,S,2,20,16,2.5
146,R,U,U,S,S,U,S,S,S,S,S,U,S,S,S,U,S,S,S,S,S,2,20,15,2.6666666666666665
147,R,U,U,S,U,U,S,S,S,S,S,U,S,S,S,U,S,S,S,S,S,2,20,14,2.857142857142857
148,C,U,U,S,U,S,S,S,S,S,U,U,U,U,S,U,S,S,S,S,S,2,20,12,3.3333333333333335
149,D,U,U,U,U,U,U,U,U,U,U,U,S,U,U,U,U,U,U,U,U,2,20,19,2.1052631578947367
150,R,O,O,O,O,O,O,O,O,O,O,O,O,O,O,O,O,O,O,O,O,1,20,20,1.0
151,N,O,O,O,O,O,O,O,O,O,O,O,O,O,O,O,O,O,O,O,O,1,20,20,1.0
152,G,O,O,O,O,O,O,O,O,O,O,O,O,O,O,O,O,O,O,O,O,1,20,20,1.0
153,S,O,O,U,O,U,U,O,O,U,O,U,S,O,O,U,O,O,O,U,U,3,20,11,5.454545454545454
154,W,O,U,U,U,S,S,S,S,S,U,U,U,U,S,U,S,S,S,S,S,3,20,11,5.454545454545454
155,E,U,U,U,U,U,U,U,U,U,U,U,U,U,U,U,U,U,U,U,U,1,20,20,1.0
156,L,U,U,O,U,U,S,S,S,S,S,U,U,O,U,U,S,S,S,S,S,3,20,10,6.0
157,V,O,U,O,O,U,U,U,U,S,U,O,U,U,O,U,U,U,U,U,U,3,20,14,4.285714285714286
158,P,O,O,O,U,O,O,O,O,O,O,O,O,O,O,O,O,O,O,O,O,2,20,19,2.1052631578947367
159,G,O,O,O,O,O,O,O,O,O,O,O,O,O,O,O,O,O,O,O,O,1,20,20,1.0
160,H,O,O,O,O,O,O,O,O,O,O,O,U,U,O,O,O,O,O,O,O,2,20,18,2.2222222222222223
161,N,O,U,U,U,U,O,O,O,S,O,O,U,O,U,U,O,O,O,O,U,3,20,11,5.454545454545454
162,R,O,U,U,U,U,O,O,O,S,O,O,U,U,U,U,O,O,O,O,O,3,20,11,5.454545454545454
163,T,U,U,U,U,U,S,S,S,S,S,U,U,O,U,O,S,S,S,S,S,3,20,10,6.0
164,W,U,O,U,O,O,U,U,U,U,U,U,O,U,O,O,U,U,U,U,U,2,20,14,2.857142857142857
165,A,S,O,U,U,O,U,U,U,U,U,U,O,U,U,O,U,U,U,U,U,3,20,15,4.0
166,N,O,U,U,S,U,S,S,S,S,S,O,U,U,U,U,S,S,S,S,S,3,20,11,5.454545454545454
167,Y,U,U,U,U,U,U,U,U,U,U,U,U,U,U,U,U,U,U,U,U,1,20,20,1.0
168,S,U,U,O,O,U,O,O,O,O,O,U,U,U,U,U,O,O,O,O,O,2,20,12,3.3333333333333335
169,E,U,U,U,O,O,O,O,O,O,O,U,O,U,U,O,O,O,O,O,O,2,20,14,2.857142857142857
170,C,U,U,O,U,O,O,O,O,O,O,U,U,U,U,O,O,O,O,O,O,2,20,13,3.076923076923077
171,V,U,U,U,U,U,S,S,S,S,S,U,U,U,U,U,U,U,O,O,O,3,20,12,5.0
172,K,U,U,U,U,U,U,U,U,U,U,U,U,U,U,U,O,O,H,H,H,3,20,15,4.0
173,F,O,O,O,U,U,U,O,O,O,U,O,U,O,U,U,O,O,H,H,H,3,20,10,6.0
174,L,O,O,O,U,O,U,O,O,O,H,O,O,O,U,O,U,U,H,H,H,3,20,11,5.454545454545454
175,T,U,O,H,O,O,O,O,O,O,H,U,U,O,O,O,O,O,H,H,H,3,20,12,5.0
176,N,U,O,H,O,U,H,O,H,O,H,U,H,U,O,U,U,U,H,H,H,3,20,8,7.5
177,E,O,U,H,O,O,H,O,H,O,H,O,H,O,O,O,H,H,H,H,H,3,20,10,6.0
178,T,O,H,O,O,O,H,U,H,O,H,O,H,O,O,O,H,H,H,H,H,3,20,10,6.0
179,R,O,H,O,O,H,H,H,H,U,H,O,H,O,O,H,H,H,H,H,H,3,20,13,4.615384615384615
180,E,O,H,H,O,H,H,H,H,H,H,O,H,H,O,H,H,H,H,H,H,2,20,16,2.5
181,R,O,H,H,O,H,H,H,H,H,H,O,H,H,H,H,H,H,H,H,H,2,20,17,2.3529411764705883
182,E,O,H,H,H,H,H,H,H,H,H,O,H,H,H,H,H,H,H,H,H,2,20,18,2.2222222222222223
183,V,H,H,H,H,H,H,H,H,H,H,H,H,H,H,H,H,H,H,H,H,1,20,20,1.0
184,F,H,H,H,H,H,H,H,H,H,H,H,H,H,H,H,H,H,H,H,H,1,20,20,1.0
185,D,H,H,H,H,H,H,H,H,H,H,H,H,H,H,H,H,H,H,H,H,1,20,20,1.0
186,R,H,H,H,H,H,H,H,H,H,H,H,H,H,H,H,H,H,H,H,H,1,20,20,1.0
187,L,H,H,H,H,H,H,H,H,H,H,H,H,H,H,H,H,H,H,H,H,1,20,20,1.0
188,G,H,H,H,H,H,H,H,H,H,H,H,H,H,H,H,H,H,H,H,H,1,20,20,1.0
189,M,H,H,H,H,H,H,H,H,H,H,H,H,H,H,H,H,H,H,H,H,1,20,20,1.0
190,I,H,H,H,H,H,H,H,H,H,H,H,H,H,H,H,H,H,H,H,H,1,20,20,1.0
191,Y,H,H,H,H,H,H,H,H,H,H,H,H,H,H,H,H,H,H,H,H,1,20,20,1.0
192,T,H,H,H,H,H,H,H,H,H,H,H,H,H,H,H,H,H,H,H,H,1,20,20,1.0
193,V,H,H,H,H,H,H,H,H,H,H,H,H,H,H,H,H,H,H,H,H,1,20,20,1.0
194,G,H,O,H,H,H,H,H,H,H,H,H,H,H,H,H,H,H,H,H,H,2,20,19,2.1052631578947367
195,Y,H,O,H,H,H,H,H,H,H,H,H,H,H,H,H,H,H,H,H,H,2,20,19,2.1052631578947367
196,S,H,H,H,H,H,H,H,H,H,H,H,H,H,H,H,H,H,H,H,H,1,20,20,1.0
197,V,H,H,H,H,H,H,H,H,H,H,H,H,H,H,H,H,H,H,H,H,1,20,20,1.0
198,S,H,H,H,H,H,H,H,H,H,H,H,H,H,H,H,H,H,H,H,H,1,20,20,1.0
199,L,H,H,H,H,H,H,H,H,H,H,H,H,H,H,H,H,H,H,H,H,1,20,20,1.0
200,A,H,H,H,H,H,H,H,H,H,H,H,H,H,H,H,H,H,H,H,H,1,20,20,1.0
201,S,H,H,H,H,H,H,H,H,H,H,H,H,H,H,H,H,H,H,H,H,1,20,20,1.0
202,L,H,H,H,H,H,H,H,H,H,H,H,H,H,H,H,H,H,H,H,H,1,20,20,1.0
203,T,H,H,H,H,H,H,H,H,H,H,H,H,H,H,H,H,H,H,H,H,1,20,20,1.0
204,V,H,H,H,H,H,H,H,H,H,H,H,H,H,H,H,H,H,H,H,H,1,20,20,1.0
205,A,H,H,H,H,H,H,H,H,H,H,H,H,H,H,H,H,H,H,H,H,1,20,20,1.0
206,V,H,H,H,H,H,H,H,H,H,H,H,H,H,H,H,H,H,H,H,H,1,20,20,1.0
207,L,H,H,H,H,H,H,H,H,H,H,H,H,H,H,H,H,H,H,H,H,1,20,20,1.0
208,I,H,H,H,H,H,H,H,H,H,H,H,H,H,H,H,H,H,H,H,H,1,20,20,1.0
209,L,H,H,H,H,H,H,H,H,H,H,H,O,H,H,H,H,H,H,H,H,2,20,19,2.1052631578947367
210,A,H,O,H,H,H,H,H,H,H,H,H,O,H,H,H,H,H,H,H,H,2,20,18,2.2222222222222223
211,Y,H,O,H,O,H,H,H,H,H,H,H,O,H,H,H,H,H,H,H,H,2,20,17,2.3529411764705883
212,F,O,O,H,O,O,U,U,U,U,U,O,U,O,H,O,U,U,U,U,U,3,20,11,5.454545454545454
213,R,H,O,U,U,O,H,H,H,H,H,H,O,U,O,U,H,H,H,H,H,3,20,12,5.0
214,R,H,O,U,O,O,H,H,H,H,H,H,O,U,U,O,H,H,H,H,H,3,20,12,5.0
215,L,H,O,O,O,U,H,H,H,H,H,H,O,O,U,U,H,H,H,H,H,3,20,12,5.0
216,H,U,U,O,U,U,U,U,U,U,U,U,U,O,O,U,U,U,U,U,U,2,20,17,2.3529411764705883
217,C,U,O,H,O,U,O,O,O,U,O,U,O,U,H,U,U,U,U,U,U,3,20,11,5.454545454545454
218,T,H,O,H,H,O,H,H,H,H,H,H,H,H,H,O,H,H,H,H,H,2,20,17,2.3529411764705883
219,R,H,H,H,H,O,H,H,H,H,H,H,H,H,H,O,H,H,H,H,H,2,20,18,2.2222222222222223
220,N,H,H,H,H,H,H,H,H,H,H,H,H,H,H,H,H,H,H,H,H,1,20,20,1.0
221,Y,H,H,H,H,H,H,H,H,H,H,H,H,H,H,H,H,H,H,H,H,1,20,20,1.0
222,I,H,H,H,H,H,H,H,H,H,H,H,H,H,H,H,H,H,H,H,H,1,20,20,1.0
223,H,H,H,H,H,H,H,H,H,H,H,H,H,H,H,H,H,H,H,H,H,1,20,20,1.0
224,M,H,H,H,H,H,H,H,H,H,H,H,H,H,H,H,H,H,H,H,H,1,20,20,1.0
225,H,H,H,H,H,H,H,H,H,H,H,H,H,H,H,H,H,H,H,H,H,1,20,20,1.0
226,L,H,H,H,H,H,H,H,H,H,H,H,H,H,H,H,H,H,H,H,H,1,20,20,1.0
227,F,H,H,H,H,H,H,H,H,H,H,H,H,H,H,H,H,H,H,H,H,1,20,20,1.0
228,L,H,H,H,H,H,H,H,H,H,H,H,H,H,H,H,H,H,H,H,H,1,20,20,1.0
229,S,H,H,H,H,H,H,H,H,H,H,H,H,H,H,H,H,H,H,H,H,1,20,20,1.0
230,F,H,H,H,H,H,H,H,H,H,H,H,H,H,H,H,H,H,H,H,H,1,20,20,1.0
231,M,H,H,H,H,H,H,H,H,H,H,H,H,H,H,H,H,H,H,H,H,1,20,20,1.0
232,L,H,H,H,H,H,H,H,H,H,H,H,H,H,H,H,H,H,H,H,H,1,20,20,1.0
233,R,H,H,H,H,H,H,H,H,H,H,H,H,H,H,H,H,H,H,H,H,1,20,20,1.0
234,A,H,H,H,H,H,H,H,H,H,H,H,H,H,H,H,H,H,H,H,H,1,20,20,1.0
235,V,H,H,H,H,H,H,H,H,H,H,H,H,H,H,H,H,H,H,H,H,1,20,20,1.0
236,S,H,H,H,H,H,H,H,H,H,H,H,H,H,H,H,H,H,H,H,H,1,20,20,1.0
237,I,H,H,H,H,H,H,H,H,H,H,H,H,H,H,H,H,H,H,H,H,1,20,20,1.0
238,F,H,H,H,H,H,H,H,H,H,H,H,H,H,H,H,H,H,H,H,H,1,20,20,1.0
239,V,H,H,H,H,H,H,H,H,H,H,H,H,H,H,H,H,H,H,H,H,1,20,20,1.0
240,K,H,H,H,H,H,H,H,H,H,H,H,H,H,H,H,H,H,H,H,H,1,20,20,1.0
241,D,H,H,H,H,H,H,H,H,H,H,H,H,H,H,H,H,H,H,H,H,1,20,20,1.0
242,A,H,H,H,H,H,H,H,H,H,H,H,H,H,H,H,H,H,H,H,H,1,20,20,1.0
243,V,H,H,H,H,H,H,H,H,H,H,H,U,H,H,H,H,H,H,H,H,2,20,19,2.1052631578947367
244,L,O,H,O,H,H,H,H,H,H,H,O,O,U,H,O,H,H,H,H,H,3,20,14,4.285714285714286
245,Y,U,O,U,H,U,H,H,H,H,H,U,O,U,H,O,H,H,H,H,H,3,20,12,5.0
246,S,O,H,U,H,H,H,H,H,O,H,O,U,U,H,O,H,H,H,H,H,3,20,13,4.615384615384615
247,G,O,H,O,H,H,H,H,O,O,H,H,O,O,H,H,H,H,H,H,H,2,20,14,2.857142857142857
248,A,O,H,O,H,H,H,H,U,U,H,H,U,O,H,H,H,H,H,H,H,3,20,14,4.285714285714286
249,T,O,O,H,H,H,H,U,U,U,U,H,O,H,H,H,H,H,H,H,H,3,20,13,4.615384615384615
250,L,O,O,H,O,H,H,O,H,H,H,H,O,H,O,H,H,H,H,H,H,2,20,14,2.857142857142857
251,D,O,O,H,O,O,H,H,H,H,H,H,O,H,O,O,H,H,H,H,H,2,20,13,3.076923076923077
252,E,U,O,H,O,O,H,H,H,H,H,U,O,H,O,O,H,H,H,H,H,3,20,12,5.0
253,A,U,U,U,O,O,H,H,H,H,H,U,U,U,O,O,H,H,H,H,H,3,20,10,6.0
254,E,O,H,O,U,O,H,H,H,H,H,O,O,O,U,O,O,O,H,H,H,3,20,9,6.666666666666667
255,R,O,H,O,H,O,H,H,O,H,O,O,O,O,H,O,U,O,H,H,H,3,20,10,6.0
256,L,O,H,O,H,H,U,U,U,U,U,H,H,O,H,H,U,O,H,H,H,3,20,10,6.0
257,T,H,H,H,H,H,U,U,U,U,U,H,H,H,H,H,U,U,H,O,U,3,20,11,5.454545454545454
258,E,H,H,H,H,H,H,H,O,H,H,H,H,H,H,H,H,O,H,H,H,2,20,18,2.2222222222222223
259,E,H,H,H,H,H,H,H,O,H,H,H,H,H,H,H,H,O,H,H,H,2,20,18,2.2222222222222223
260,E,H,H,H,H,H,H,H,H,H,H,H,H,H,H,H,H,H,H,H,H,1,20,20,1.0
261,L,H,H,H,H,H,H,H,H,H,H,H,H,H,H,H,H,H,H,H,H,1,20,20,1.0
262,R,H,H,H,H,H,H,H,H,H,H,H,H,H,H,H,H,H,O,H,H,2,20,19,2.1052631578947367
263,A,H,H,H,U,H,H,H,H,H,H,H,H,H,O,H,H,H,O,H,H,3,20,17,3.5294117647058822
264,I,H,O,H,O,O,H,H,H,H,H,H,O,H,O,H,H,H,O,H,H,2,20,14,2.857142857142857
265,A,H,O,H,O,O,H,H,H,H,H,H,O,H,O,H,O,O,U,O,O,3,20,10,6.0
266,Q,U,U,U,O,O,H,H,H,O,H,U,U,U,O,O,O,O,U,O,O,3,20,9,6.666666666666667
267,A,O,U,U,O,U,O,O,O,O,O,U,U,O,O,U,U,U,U,O,O,2,20,11,3.6363636363636362
268,P,O,O,U,O,U,U,U,U,O,U,O,O,U,O,U,U,U,U,O,U,2,20,12,3.3333333333333335
269,P,O,O,O,U,O,O,U,U,O,U,O,O,O,U,O,O,O,O,O,O,2,20,15,2.6666666666666665
270,P,O,O,O,U,O,U,U,U,O,U,O,U,O,U,O,U,U,U,U,U,2,20,12,3.3333333333333335
271,P,U,O,H,O,O,O,U,H,U,O,U,O,O,O,O,U,U,U,U,U,3,20,9,6.666666666666667
272,A,O,O,H,O,O,O,O,H,H,O,O,O,O,H,O,H,H,H,H,H,2,20,11,3.6363636363636362
273,T,O,O,H,O,O,U,U,H,H,O,O,O,O,H,O,H,H,H,H,H,3,20,9,6.666666666666667
274,A,O,O,O,H,O,O,H,H,H,O,O,U,O,H,O,H,H,H,H,H,3,20,10,6.0
275,A,O,O,O,H,O,H,H,H,H,O,O,O,H,H,O,H,H,H,H,H,2,20,12,3.3333333333333335
276,A,O,O,O,H,O,H,H,H,O,O,O,O,H,H,O,H,H,H,H,H,2,20,11,3.6363636363636362
277,G,O,O,O,H,O,H,H,H,U,O,O,O,H,H,O,H,H,H,H,H,3,20,11,5.454545454545454
278,Y,U,U,O,U,O,H,U,H,U,U,U,U,H,U,O,H,H,H,H,H,3,20,9,6.666666666666667
279,A,O,H,U,U,O,H,H,H,H,H,O,U,U,U,O,H,H,H,H,H,3,20,11,5.454545454545454
280,G,O,H,H,O,O,H,H,H,H,H,H,H,O,O,O,H,H,H,H,H,2,20,14,2.857142857142857
281,C,O,H,H,O,O,H,H,H,H,H,H,H,O,H,O,H,H,H,H,H,2,20,15,2.6666666666666665
282,R,H,O,H,O,H,H,H,H,H,H,H,H,O,H,H,H,H,H,H,H,2,20,17,2.3529411764705883
283,V,H,O,H,O,H,H,H,H,H,H,H,H,O,H,H,H,H,H,H,H,2,20,17,2.3529411764705883
284,A,H,O,H,O,H,H,H,H,H,H,H,H,H,H,H,H,H,H,H,H,2,20,18,2.2222222222222223
285,V,H,O,H,H,H,H,H,H,H,H,H,H,H,H,H,H,H,H,H,H,2,20,19,2.1052631578947367
286,T,H,O,H,H,H,H,H,H,H,H,H,H,H,H,H,H,H,H,H,H,2,20,19,2.1052631578947367
287,F,H,O,H,H,H,H,H,H,H,H,H,H,H,H,H,H,H,H,H,H,2,20,19,2.1052631578947367
288,F,H,O,H,H,H,H,H,H,H,H,H,H,H,H,H,H,H,H,H,H,2,20,19,2.1052631578947367
289,L,H,O,H,H,H,H,H,H,H,H,H,H,H,H,H,H,H,H,H,H,2,20,19,2.1052631578947367
290,Y,H,H,H,H,H,H,H,H,H,H,H,H,H,H,H,H,H,H,H,H,1,20,20,1.0
291,F,O,H,H,H,H,H,H,H,H,H,H,H,H,H,H,H,H,H,H,H,2,20,19,2.1052631578947367
292,L,O,H,H,H,H,H,H,H,H,H,H,H,H,H,H,H,H,H,H,H,2,20,19,2.1052631578947367
293,A,O,H,H,H,H,H,H,H,H,H,H,H,H,H,H,H,H,H,H,H,2,20,19,2.1052631578947367
294,T,O,H,H,H,H,H,H,H,H,H,H,H,H,H,H,H,H,H,H,H,2,20,19,2.1052631578947367
295,N,H,H,H,H,H,H,H,H,H,H,H,H,H,H,H,H,H,H,H,H,1,20,20,1.0
296,Y,H,H,H,H,H,H,H,H,H,H,H,H,H,H,H,H,H,H,H,H,1,20,20,1.0
297,Y,H,H,H,H,H,H,H,H,H,H,H,H,H,H,H,H,H,H,H,H,1,20,20,1.0
298,W,H,H,H,H,H,H,H,H,H,H,H,H,H,H,H,H,H,H,H,H,1,20,20,1.0
299,I,H,H,H,H,H,H,H,H,H,H,H,H,H,H,H,H,H,H,H,H,1,20,20,1.0
300,L,H,H,H,H,H,H,H,H,H,H,H,H,H,H,H,H,H,H,H,H,1,20,20,1.0
301,V,H,H,H,H,H,H,H,H,H,H,H,H,H,H,H,H,H,H,H,H,1,20,20,1.0
302,E,H,H,H,H,H,H,H,H,H,H,H,H,H,H,H,H,H,H,H,H,1,20,20,1.0
303,G,H,H,H,H,H,H,H,H,H,H,H,H,H,H,H,H,H,H,H,H,1,20,20,1.0
304,L,H,H,H,H,H,H,H,H,H,H,H,H,H,H,H,H,H,H,H,H,1,20,20,1.0
305,Y,H,H,H,H,H,H,H,H,H,H,H,H,H,H,H,H,H,H,H,H,1,20,20,1.0
306,L,H,H,H,H,H,H,H,H,H,H,H,H,H,H,H,H,H,H,H,H,1,20,20,1.0
307,H,H,H,H,O,H,H,H,H,H,H,H,H,H,H,H,H,H,H,H,H,2,20,19,2.1052631578947367
308,S,H,H,H,O,H,H,H,H,H,H,H,H,H,H,H,H,H,H,H,H,2,20,19,2.1052631578947367
309,L,H,H,H,O,H,H,H,H,H,H,H,H,H,H,H,H,H,H,H,H,2,20,19,2.1052631578947367
310,I,H,H,H,O,H,H,H,H,H,H,H,H,H,H,H,H,H,H,H,H,2,20,19,2.1052631578947367
311,F,H,H,H,O,H,H,H,H,H,H,H,H,H,H,H,H,H,H,H,H,2,20,19,2.1052631578947367
312,M,U,U,O,U,O,H,U,O,U,U,U,U,O,U,O,U,U,U,H,H,3,20,12,5.0
313,A,U,O,U,U,U,U,U,U,U,U,U,O,U,O,U,O,O,O,U,U,2,20,14,2.857142857142857
314,F,U,U,U,U,U,U,U,U,U,U,U,U,U,U,U,U,U,O,U,U,2,20,19,2.1052631578947367
315,F,U,O,U,O,O,O,O,O,O,O,U,U,U,U,U,U,U,U,U,U,2,20,12,3.3333333333333335
316,S,U,U,U,O,U,U,U,U,U,U,U,U,U,U,U,U,U,U,U,U,2,20,19,2.1052631578947367
317,E,O,O,O,O,O,O,H,H,H,H,O,O,H,O,O,H,H,H,H,U,3,20,10,6.0
318,K,H,O,O,H,O,H,H,H,H,H,H,O,H,H,O,H,H,H,H,H,2,20,15,2.6666666666666665
319,K,H,O,H,H,O,H,H,H,H,H,H,O,H,H,O,H,H,H,H,H,2,20,16,2.5
320,Y,H,U,H,H,O,H,H,H,H,H,H,U,H,H,O,H,H,H,H,H,3,20,16,3.75
321,L,H,U,H,H,O,H,H,H,H,H,H,U,H,H,O,H,H,H,H,H,3,20,16,3.75
322,W,H,U,H,H,O,H,H,H,H,H,H,U,H,H,O,H,H,H,H,H,3,20,16,3.75
323,G,H,O,H,H,O,H,H,H,H,H,H,O,H,H,O,H,H,H,H,H,2,20,16,2.5
324,F,O,O,H,H,U,H,H,H,H,H,H,O,O,H,U,H,H,H,H,H,3,20,14,4.285714285714286
325,T,O,U,H,H,U,H,H,H,H,H,H,U,O,H,U,H,H,H,H,H,3,20,14,4.285714285714286
326,V,O,U,H,O,U,H,H,H,H,H,H,U,O,H,U,H,H,H,H,H,3,20,13,4.615384615384615
327,F,O,U,O,O,U,H,H,H,H,H,O,U,O,H,U,H,H,H,H,H,3,20,11,5.454545454545454
328,G,O,S,O,O,U,H,H,H,H,H,O,U,O,H,U,H,H,H,H,H,4,20,11,7.2727272727272725
329,W,O,O,O,O,O,H,H,H,O,H,O,O,O,H,O,H,H,H,H,H,2,20,10,4.0
330,G,H,O,O,O,O,H,H,H,O,H,H,O,O,H,O,H,H,H,H,H,2,20,12,3.3333333333333335
331,L,H,S,O,O,O,H,H,H,H,H,H,O,H,H,O,H,H,H,H,H,3,20,14,4.285714285714286
332,P,H,O,H,O,U,H,H,H,H,H,H,U,H,H,U,H,H,H,H,H,3,20,15,4.0
333,A,H,O,H,O,O,H,H,H,H,H,H,O,H,H,O,H,H,H,H,H,2,20,15,2.6666666666666665
334,V,H,O,H,H,O,H,H,H,H,H,H,O,H,H,O,H,H,H,H,H,2,20,16,2.5
335,F,H,H,H,H,U,H,H,H,H,H,H,U,H,H,U,H,H,H,H,H,2,20,17,2.3529411764705883
336,V,H,H,H,H,O,H,H,H,H,H,H,O,H,H,O,H,H,H,H,H,2,20,17,2.3529411764705883
337,A,H,H,H,H,O,H,H,H,H,H,H,O,H,H,O,H,H,H,H,H,2,20,17,2.3529411764705883
338,V,H,H,H,H,O,H,H,H,H,H,H,O,H,H,O,H,H,H,H,H,2,20,17,2.3529411764705883
339,W,H,O,H,H,O,H,H,H,H,H,H,O,H,H,O,H,H,H,H,H,2,20,16,2.5
340,V,H,O,H,H,O,H,H,H,H,H,H,O,H,H,O,H,H,H,H,H,2,20,16,2.5
341,S,H,O,O,H,H,H,H,H,H,H,H,O,H,H,H,H,H,H,H,H,2,20,17,2.3529411764705883
342,V,H,O,H,H,H,H,H,H,H,H,H,H,H,H,H,H,H,H,H,H,2,20,19,2.1052631578947367
343,R,H,O,H,H,H,H,H,H,H,H,H,H,H,H,H,H,H,H,H,H,2,20,19,2.1052631578947367
344,A,H,O,H,H,H,H,H,H,H,H,H,H,H,H,H,H,H,H,H,H,2,20,19,2.1052631578947367
345,T,H,O,H,H,H,H,H,H,H,H,H,H,H,H,H,H,H,H,H,H,2,20,19,2.1052631578947367
346,L,O,O,H,H,H,H,H,H,H,H,O,O,H,H,H,H,H,H,H,H,2,20,16,2.5
347,A,U,U,U,U,O,U,O,U,U,U,U,U,U,U,U,U,U,U,U,U,2,20,18,2.2222222222222223
348,N,U,U,U,U,O,U,U,U,U,U,U,U,O,U,O,U,U,U,U,U,2,20,17,2.3529411764705883
349,T,O,U,O,U,U,U,U,U,U,O,O,U,O,U,O,O,O,O,U,O,2,20,10,4.0
350,G,O,O,O,O,O,O,O,O,O,O,O,O,O,O,O,O,O,O,O,O,1,20,20,1.0
351,C,O,O,O,O,O,O,O,U,U,O,O,O,O,O,O,U,U,O,U,O,2,20,15,2.6666666666666665
352,W,O,O,O,U,O,O,U,O,U,O,O,O,O,O,O,O,O,U,O,U,2,20,15,2.6666666666666665
353,D,U,U,U,U,U,O,O,O,O,O,U,U,U,U,U,O,O,U,O,U,2,20,12,3.3333333333333335
354,L,U,U,U,U,U,U,O,O,U,U,U,U,U,U,U,O,O,O,O,O,2,20,13,3.076923076923077
355,S,U,U,O,U,U,U,U,U,U,U,O,O,U,O,U,U,U,O,O,O,2,20,13,3.076923076923077
356,S,H,O,O,O,O,U,U,U,U,U,H,O,O,O,O,U,U,U,U,U,3,20,10,6.0
357,G,H,O,O,O,O,O,O,O,O,O,H,O,O,O,O,H,H,O,H,O,2,20,15,2.6666666666666665
358,N,H,O,O,O,O,H,H,H,H,O,H,O,O,O,O,H,H,H,H,O,2,20,10,4.0
359,K,H,O,U,O,U,H,H,H,H,O,H,U,U,O,U,H,H,H,H,O,3,20,10,6.0
360,K,H,O,O,O,O,H,H,H,H,O,H,U,O,O,O,H,H,H,O,O,3,20,10,6.0
361,W,H,O,U,H,H,H,H,H,H,H,H,U,U,H,H,H,H,H,H,H,3,20,16,3.75
362,I,H,O,O,H,H,H,H,H,H,H,H,O,O,H,H,H,H,H,H,H,2,20,16,2.5
363,I,H,O,O,H,H,H,H,H,H,H,H,O,O,H,H,H,H,H,H,H,2,20,16,2.5
364,Q,H,H,H,H,H,H,H,H,H,H,H,O,O,H,H,H,H,H,H,H,2,20,18,2.2222222222222223
365,V,H,H,H,H,H,H,H,H,H,H,H,O,H,H,H,H,H,H,H,H,2,20,19,2.1052631578947367
366,P,H,H,H,H,H,H,H,H,H,H,H,H,H,H,H,H,H,H,H,H,1,20,20,1.0
367,I,H,H,H,H,H,H,H,H,H,H,H,H,H,H,H,H,H,H,H,H,1,20,20,1.0
368,L,H,H,H,H,H,H,H,H,H,H,H,H,H,H,H,H,H,H,H,H,1,20,20,1.0
369,A,H,H,H,H,H,H,H,H,H,H,H,H,H,H,H,H,H,H,H,H,1,20,20,1.0
370,S,H,H,H,H,H,H,H,H,H,H,H,H,H,H,H,H,H,H,H,H,1,20,20,1.0
371,I,H,H,H,H,H,H,H,H,H,H,H,H,H,H,H,H,H,H,H,H,1,20,20,1.0
372,V,H,H,H,H,H,H,H,H,H,H,H,H,H,H,H,H,H,H,H,H,1,20,20,1.0
373,L,H,H,H,H,H,H,H,H,H,H,H,H,H,H,H,H,H,H,H,H,1,20,20,1.0
374,N,H,H,H,O,H,H,H,H,H,H,H,H,H,H,H,H,H,H,H,H,2,20,19,2.1052631578947367
375,F,H,H,H,O,H,H,H,H,H,H,H,H,H,H,H,H,H,H,H,H,2,20,19,2.1052631578947367
376,I,H,H,H,H,H,H,H,H,H,H,H,H,H,H,H,H,H,H,H,H,1,20,20,1.0
377,L,H,H,H,H,H,H,H,H,H,H,H,H,H,H,H,H,H,H,H,H,1,20,20,1.0
378,F,H,H,H,H,H,H,H,H,H,H,H,H,H,H,H,H,H,H,H,H,1,20,20,1.0
379,I,H,H,H,H,H,H,H,H,H,H,H,H,H,H,H,H,H,H,H,H,1,20,20,1.0
380,N,H,H,H,H,H,H,H,H,H,H,H,H,H,H,H,H,H,H,H,H,1,20,20,1.0
381,I,H,H,H,H,H,H,H,H,H,H,H,H,H,H,H,H,H,H,H,H,1,20,20,1.0
382,V,H,H,H,H,H,H,H,H,H,H,H,H,H,H,H,H,H,H,H,H,1,20,20,1.0
383,R,H,H,H,H,H,H,H,H,H,H,H,H,H,H,H,H,H,H,H,H,1,20,20,1.0
384,V,H,H,H,H,H,H,H,H,H,H,H,H,H,H,H,H,H,H,H,H,1,20,20,1.0
385,L,H,H,H,H,H,H,H,H,H,H,H,H,H,H,H,H,H,H,H,H,1,20,20,1.0
386,A,H,H,H,H,H,H,H,H,H,H,H,H,H,H,H,H,H,H,H,H,1,20,20,1.0
387,T,H,H,H,O,H,H,H,H,H,H,H,H,H,H,H,H,H,H,H,H,2,20,19,2.1052631578947367
388,K,H,H,H,O,H,H,H,H,H,H,H,H,H,H,H,H,H,H,H,H,2,20,19,2.1052631578947367
389,L,H,H,H,O,H,H,H,H,H,H,H,H,H,H,H,H,H,H,H,H,2,20,19,2.1052631578947367
390,R,H,H,H,O,H,H,H,H,H,H,H,H,H,H,H,H,H,H,H,H,2,20,19,2.1052631578947367
391,E,H,H,H,O,H,H,H,H,H,H,H,H,H,H,H,H,H,H,H,H,2,20,19,2.1052631578947367
392,T,O,O,O,O,O,H,H,H,H,H,O,O,O,H,O,H,H,H,H,H,2,20,11,3.6363636363636362
393,N,U,U,O,H,O,H,H,H,H,H,U,U,U,O,O,H,O,O,O,O,3,20,8,7.5
394,A,U,U,O,H,O,O,O,O,O,O,U,U,O,O,O,O,O,O,O,O,3,20,15,4.0
395,G,O,U,S,H,O,O,O,O,O,O,O,O,O,O,O,O,O,O,O,O,4,20,17,4.705882352941177
396,R,O,O,O,O,O,U,O,O,O,O,O,O,O,U,O,O,U,U,U,O,2,20,15,2.6666666666666665
397,C,O,O,O,O,O,U,U,U,U,U,O,O,O,O,O,U,U,O,U,O,2,20,12,3.3333333333333335
398,D,H,U,S,O,U,U,U,U,U,U,H,U,O,U,U,U,U,U,U,U,4,20,15,5.333333333333333
399,T,H,H,O,O,H,H,H,U,H,H,H,O,O,O,H,H,H,H,H,H,3,20,14,4.285714285714286
400,R,H,H,O,U,H,H,H,H,H,H,H,H,O,O,H,H,H,H,H,H,3,20,16,3.75
401,Q,H,H,O,O,H,H,H,H,H,H,H,H,O,O,H,H,H,H,H,H,2,20,16,2.5
402,Q,H,H,H,O,H,H,H,H,H,H,H,H,O,O,H,H,H,H,H,H,2,20,17,2.3529411764705883
403,Y,H,H,H,H,H,H,H,H,H,H,H,H,H,O,H,H,H,H,H,H,2,20,19,2.1052631578947367
404,R,H,H,H,H,H,H,H,H,H,H,H,H,H,H,H,H,H,H,H,H,1,20,20,1.0
405,K,H,H,H,H,H,H,H,H,H,H,H,H,H,H,H,H,H,H,H,H,1,20,20,1.0
406,L,H,H,H,H,H,H,H,H,H,H,H,H,H,H,H,H,H,H,H,H,1,20,20,1.0
407,L,H,O,H,H,H,H,H,H,H,H,H,H,H,H,H,H,H,H,H,H,2,20,19,2.1052631578947367
408,K,H,O,H,H,H,H,H,H,H,H,H,H,H,H,H,H,H,H,H,H,2,20,19,2.1052631578947367
409,S,H,H,H,H,H,H,H,H,H,H,H,H,H,H,H,H,H,H,H,H,1,20,20,1.0
410,T,H,H,H,H,H,H,H,H,H,H,H,H,H,H,H,H,H,H,H,H,1,20,20,1.0
411,L,H,H,H,H,H,H,H,H,H,H,H,H,H,H,H,H,H,H,H,H,1,20,20,1.0
412,V,H,H,H,H,H,H,H,H,H,H,H,H,H,H,H,H,H,H,H,H,1,20,20,1.0
413,L,H,H,O,H,O,H,H,H,H,H,H,O,H,H,O,H,H,H,H,H,2,20,16,2.5
414,M,H,O,O,H,O,H,H,H,H,H,H,O,O,H,O,H,H,H,O,H,2,20,13,3.076923076923077
415,P,H,O,O,H,O,H,H,H,H,H,H,O,O,H,O,H,H,H,O,H,2,20,13,3.076923076923077
416,L,H,O,O,H,O,H,H,H,H,H,H,O,O,H,O,H,H,H,O,H,2,20,13,3.076923076923077
417,F,H,O,O,H,O,H,H,H,H,O,H,O,O,O,O,H,H,O,O,O,2,20,11,3.6363636363636362
418,G,O,U,U,H,O,O,O,O,O,O,O,O,O,O,O,O,O,O,O,O,3,20,17,3.5294117647058822
419,V,H,O,O,O,O,H,H,O,H,H,H,O,H,U,O,H,O,H,H,H,3,20,11,5.454545454545454
420,H,H,O,O,O,O,H,H,O,H,H,H,O,H,O,O,H,O,H,H,H,2,20,11,3.6363636363636362
421,Y,H,H,O,U,O,H,H,H,H,H,H,H,H,U,O,H,H,H,H,H,3,20,15,4.0
422,I,H,H,O,U,U,H,H,H,H,H,O,H,H,O,U,H,H,H,H,H,3,20,14,4.285714285714286
423,V,O,H,O,O,O,H,H,H,H,H,O,H,H,O,O,O,H,H,H,H,2,20,12,3.3333333333333335
424,F,U,H,U,O,O,O,H,H,H,H,U,H,U,O,O,O,H,H,H,H,3,20,10,6.0
425,M,O,O,O,O,O,O,H,H,H,H,O,U,O,O,O,O,O,H,H,H,3,20,12,5.0
426,A,O,U,U,O,U,O,O,O,O,O,O,O,U,O,U,O,O,O,H,O,3,20,14,4.285714285714286
427,T,O,U,O,U,O,U,O,O,O,O,O,U,O,U,O,U,U,O,O,O,2,20,13,3.076923076923077
428,P,U,U,O,U,U,U,U,U,U,U,U,U,O,U,U,U,U,U,U,U,2,20,18,2.2222222222222223
429,Y,U,U,U,O,S,O,O,O,O,O,U,U,S,O,S,U,U,U,U,U,3,20,10,6.0
430,T,O,O,O,O,O,O,O,O,O,O,O,O,O,O,O,U,U,U,U,U,2,20,15,2.6666666666666665
431,E,O,O,O,U,O,O,O,O,O,O,O,O,U,O,O,U,U,H,O,O,3,20,15,4.0
432,V,O,O,U,U,S,U,U,U,U,U,O,O,U,U,S,O,O,H,O,O,4,20,9,8.88888888888889
433,S,U,U,U,U,U,O,U,U,U,U,U,U,U,U,U,O,O,H,U,U,3,20,16,3.75
434,G,H,U,O,O,O,O,H,H,H,H,H,O,O,O,O,U,U,H,H,H,3,20,9,6.666666666666667
435,T,H,O,H,O,H,H,H,H,H,H,H,O,O,O,H,H,H,H,H,H,2,20,15,2.6666666666666665
436,L,H,H,H,O,H,H,H,H,H,H,H,H,U,O,H,H,H,H,H,H,3,20,17,3.5294117647058822
437,W,H,H,H,O,H,H,H,H,H,H,H,H,U,O,H,H,H,H,H,H,3,20,17,3.5294117647058822
438,Q,H,H,H,O,H,H,H,H,H,H,H,H,H,H,H,H,H,H,H,H,2,20,19,2.1052631578947367
439,V,H,H,O,O,H,H,H,H,H,H,H,H,H,H,H,H,H,H,H,H,2,20,18,2.2222222222222223
440,Q,H,H,O,O,H,H,H,H,H,H,H,H,H,H,H,H,H,H,H,H,2,20,18,2.2222222222222223
441,M,H,H,O,H,H,H,H,H,H,H,H,H,H,H,H,H,H,H,H,H,2,20,19,2.1052631578947367
442,H,H,H,H,H,H,H,H,H,H,H,H,H,H,H,H,H,H,H,H,H,1,20,20,1.0
443,Y,H,H,H,H,H,H,H,H,H,H,H,H,H,H,H,H,H,H,H,H,1,20,20,1.0
444,E,H,H,H,H,H,H,H,H,H,H,H,H,H,H,H,H,H,H,H,H,1,20,20,1.0
445,M,H,H,H,H,H,H,H,H,H,H,H,H,H,H,H,H,H,H,H,H,1,20,20,1.0
446,L,H,H,O,H,H,H,H,H,H,H,H,H,H,H,H,H,H,H,H,H,2,20,19,2.1052631578947367
447,F,H,H,O,H,H,H,H,H,H,H,H,H,H,H,H,H,H,H,H,H,2,20,19,2.1052631578947367
448,N,H,H,O,H,H,H,H,H,H,H,H,H,H,H,H,H,H,H,H,H,2,20,19,2.1052631578947367
449,S,H,H,H,H,H,H,H,H,H,H,H,H,H,O,H,H,H,H,H,H,2,20,19,2.1052631578947367
450,F,H,H,H,H,H,O,O,O,O,O,H,H,H,O,H,H,H,O,O,H,2,20,12,3.3333333333333335
451,Q,H,H,H,H,H,H,H,H,H,H,H,H,O,H,H,H,H,H,H,H,2,20,19,2.1052631578947367
452,G,H,H,H,O,H,H,H,H,H,H,H,H,O,H,H,H,H,H,H,H,2,20,18,2.2222222222222223
453,F,H,H,H,O,H,H,H,H,H,H,H,H,H,H,H,H,H,H,H,H,2,20,19,2.1052631578947367
454,F,H,H,H,H,H,H,H,H,H,H,H,H,H,H,H,H,H,H,H,H,1,20,20,1.0
455,V,H,H,H,H,H,H,H,H,H,H,H,H,H,H,H,H,H,H,H,H,1,20,20,1.0
456,A,H,H,H,H,H,H,H,H,H,H,H,H,H,H,H,H,H,H,H,H,1,20,20,1.0
457,I,H,H,H,O,H,H,H,H,H,H,H,H,H,H,H,H,H,H,H,H,2,20,19,2.1052631578947367
458,I,H,H,H,S,O,H,H,H,H,H,H,H,H,S,O,H,H,H,H,H,3,20,16,3.75
459,Y,H,H,O,O,O,H,H,H,H,H,H,H,H,O,O,H,H,H,H,H,2,20,15,2.6666666666666665
460,C,H,O,U,O,O,H,H,H,H,H,H,O,H,O,O,H,H,H,H,H,3,20,13,4.615384615384615
461,F,H,O,O,S,O,H,H,H,H,H,H,O,O,S,O,H,H,H,H,H,3,20,12,5.0
462,C,O,U,O,O,O,O,O,O,O,O,O,U,U,O,O,O,O,O,O,O,2,20,17,2.3529411764705883
463,N,O,O,O,O,O,U,U,U,U,U,O,O,U,U,O,U,U,U,U,U,2,20,12,3.3333333333333335
464,G,H,O,O,O,H,H,H,H,H,H,H,O,H,H,H,H,H,H,H,H,2,20,16,2.5
465,E,H,H,H,H,H,H,H,H,H,H,H,H,H,H,H,H,H,H,H,H,1,20,20,1.0
466,V,H,H,H,H,H,H,H,H,H,H,H,H,H,H,H,H,H,H,H,H,1,20,20,1.0
467,Q,H,H,H,H,H,H,H,H,H,H,H,H,H,H,H,H,H,H,H,H,1,20,20,1.0
468,A,H,H,H,H,H,H,H,H,H,H,H,H,H,H,H,H,H,H,H,H,1,20,20,1.0
469,E,H,H,H,H,H,H,H,H,H,H,H,H,H,H,H,H,H,H,H,H,1,20,20,1.0
470,I,H,H,H,H,H,H,H,H,H,H,H,H,H,H,H,H,H,H,H,H,1,20,20,1.0
471,K,H,H,H,H,H,H,H,H,H,H,H,H,H,H,H,H,H,H,H,H,1,20,20,1.0
472,K,H,H,H,H,H,H,H,H,H,O,H,H,H,H,H,H,H,H,H,H,2,20,19,2.1052631578947367
473,S,H,H,H,H,H,H,H,H,H,O,H,H,H,H,H,H,H,H,H,H,2,20,19,2.1052631578947367
474,W,H,H,H,H,H,H,H,H,H,O,H,H,H,H,H,H,H,H,H,H,2,20,19,2.1052631578947367
475,S,H,H,H,H,H,H,H,H,H,O,H,H,H,H,H,H,H,H,H,H,2,20,19,2.1052631578947367
476,R,H,H,H,H,H,H,H,H,H,H,H,H,H,H,H,H,H,H,H,H,1,20,20,1.0
477,W,H,H,H,H,H,H,H,H,H,H,H,H,H,H,H,H,H,H,H,H,1,20,20,1.0
478,T,H,H,H,H,H,H,H,H,H,H,H,H,H,H,H,H,H,H,H,H,1,20,20,1.0
479,L,H,H,O,H,H,H,H,H,H,H,H,H,H,H,H,H,H,H,H,H,2,20,19,2.1052631578947367
480,A,O,H,U,O,H,H,H,H,H,H,O,H,O,H,H,H,H,H,H,H,3,20,15,4.0
481,L,U,H,O,U,U,H,O,H,H,H,O,O,O,U,U,H,H,H,H,H,3,20,10,6.0
482,D,O,U,O,O,U,O,O,H,O,H,O,O,O,O,U,H,H,H,H,H,3,20,10,6.0
483,F,O,O,U,O,O,O,O,H,O,O,O,O,U,O,O,H,H,H,H,H,3,20,12,5.0
484,K,O,O,O,O,U,H,O,H,O,O,O,O,H,O,U,H,H,H,H,H,3,20,10,6.0
485,R,O,U,O,O,O,H,O,H,O,O,O,U,H,U,O,H,H,H,H,H,3,20,9,6.666666666666667
486,K,O,O,O,O,U,H,U,H,U,U,O,O,H,O,U,H,H,H,H,H,3,20,8,7.5
487,A,U,U,O,U,U,H,U,H,U,O,U,U,O,U,U,H,H,H,H,H,3,20,10,6.0
488,R,U,U,O,U,U,O,H,O,H,O,U,U,O,U,U,H,H,H,H,H,3,20,8,7.5
489,S,U,O,U,O,U,U,H,U,H,O,U,O,O,O,O,H,H,O,H,O,3,20,9,6.666666666666667
490,G,U,U,U,U,S,U,H,O,H,O,U,U,U,U,S,U,O,O,U,O,4,20,11,7.2727272727272725
491,S,O,U,O,U,O,O,H,O,H,U,O,U,O,U,O,U,O,U,O,U,3,20,10,6.0
492,S,O,U,U,U,O,O,H,O,O,O,O,U,O,U,O,O,O,U,O,U,3,20,12,5.0
493,S,O,U,O,U,O,O,H,O,U,U,U,U,U,U,O,U,U,U,U,U,3,20,13,4.615384615384615
494,Y,O,O,U,O,S,S,U,U,U,U,O,O,O,O,S,U,U,U,U,U,3,20,10,6.0
495,S,U,U,O,O,O,S,U,U,U,U,U,U,U,O,O,U,U,U,U,U,3,20,14,4.285714285714286
496,Y,O,O,U,U,O,O,O,U,U,O,O,O,O,U,O,U,U,U,U,U,2,20,10,4.0
497,G,O,U,U,U,U,O,O,H,O,O,O,U,U,U,U,U,U,U,U,U,3,20,13,4.615384615384615
498,P,U,O,U,U,O,O,O,H,O,O,U,H,S,U,O,U,U,U,U,U,4,20,10,8.0
499,M,U,O,U,U,U,U,U,H,U,O,U,H,S,U,U,U,U,U,U,U,4,20,15,5.333333333333333
500,V,U,O,O,U,U,S,U,U,U,U,U,H,O,U,U,U,U,U,U,U,4,20,15,5.333333333333333
501,S,U,O,O,U,U,S,U,U,H,U,U,H,O,U,U,U,U,U,U,U,4,20,14,5.714285714285714
502,H,O,O,U,U,U,U,H,U,H,U,O,O,S,U,U,U,U,U,U,U,4,20,13,6.153846153846154
503,T,U,O,U,U,U,U,H,U,H,U,U,O,S,U,U,U,U,U,U,U,4,20,15,5.333333333333333
504,S,U,U,U,U,U,U,H,U,H,U,U,U,U,U,U,U,U,U,U,U,2,20,18,2.2222222222222223
505,V,U,U,U,U,U,O,U,U,H,U,U,U,U,U,U,U,U,U,U,U,3,20,18,3.3333333333333335
506,T,U,U,U,U,U,O,U,U,U,U,U,U,U,U,U,U,U,U,U,U,2,20,19,2.1052631578947367
507,N,U,U,U,U,O,U,U,U,U,U,U,O,U,U,U,U,U,U,U,U,2,20,18,2.2222222222222223
508,V,U,U,U,U,O,U,U,U,U,U,U,U,U,U,U,U,U,U,U,U,2,20,19,2.1052631578947367
509,G,U,U,U,U,O,U,H,U,H,O,U,U,U,U,U,U,U,U,U,U,3,20,16,3.75
510,P,U,U,O,O,O,U,H,U,H,U,U,U,U,H,O,U,U,U,U,U,3,20,13,4.615384615384615
511,R,U,O,O,O,U,U,H,H,H,H,U,O,O,H,U,U,U,U,U,U,3,20,10,6.0
512,V,U,O,O,O,U,U,H,H,U,H,U,O,O,H,U,U,U,U,U,U,3,20,11,5.454545454545454
513,G,U,U,U,U,U,O,H,H,U,H,U,U,U,H,U,U,U,U,U,U,3,20,15,4.0
514,L,U,U,U,U,U,U,U,H,U,U,U,U,U,U,U,U,U,U,U,U,2,20,19,2.1052631578947367
515,G,U,U,U,U,U,O,O,H,O,O,U,U,U,U,U,U,U,U,U,U,3,20,15,4.0
516,L,O,U,U,U,U,O,O,O,O,O,O,U,U,U,U,U,U,U,U,U,2,20,13,3.076923076923077
517,P,O,U,O,U,U,O,U,O,U,U,O,U,O,U,U,U,U,U,U,U,2,20,14,2.857142857142857
518,L,U,U,O,U,U,U,U,O,U,U,U,U,O,U,U,U,U,U,U,U,2,20,17,2.3529411764705883
519,S,U,U,H,U,U,U,U,O,U,U,U,U,U,U,U,U,U,U,U,U,3,20,18,3.3333333333333335
520,P,O,O,H,O,O,O,O,O,O,O,O,H,O,O,O,U,U,U,U,U,3,20,13,4.615384615384615
521,R,O,O,H,O,O,O,O,O,O,O,O,H,O,O,O,U,U,U,U,U,3,20,13,4.615384615384615
522,L,O,O,H,O,O,O,O,U,O,O,O,H,O,O,O,U,U,U,U,U,3,20,12,5.0
523,L,O,O,O,O,O,H,O,H,O,O,O,O,H,O,H,U,U,U,U,U,3,20,11,5.454545454545454
524,P,O,U,O,O,O,H,U,H,O,U,O,U,H,O,H,U,U,U,U,U,3,20,9,6.666666666666667
525,T,O,O,U,U,O,H,H,H,O,O,O,O,H,O,H,U,U,U,U,U,3,20,8,7.5
526,A,U,O,U,U,U,H,H,H,U,U,U,O,U,U,U,U,U,U,U,U,3,20,15,4.0
527,T,O,O,U,U,O,H,H,U,U,U,U,O,U,U,O,U,U,U,U,U,3,20,13,4.615384615384615
528,T,O,U,O,U,U,H,O,U,U,U,O,U,U,U,U,U,U,U,U,U,3,20,15,4.0
529,N,U,U,O,U,U,O,U,U,U,U,U,U,O,U,U,U,U,U,U,U,2,20,17,2.3529411764705883
530,G,O,U,O,O,U,O,U,O,U,U,O,U,O,U,U,U,U,U,U,U,2,20,13,3.076923076923077
531,H,O,O,O,U,U,U,U,U,U,U,O,O,U,U,U,U,U,U,U,U,2,20,15,2.6666666666666665
532,P,U,O,U,U,U,U,U,U,U,U,U,O,U,U,U,U,U,U,U,U,2,20,18,2.2222222222222223
533,Q,O,U,U,U,U,U,U,U,U,U,O,U,U,U,U,U,U,U,U,U,2,20,18,2.2222222222222223
534,L,O,U,U,U,U,U,U,U,U,U,O,U,O,O,U,U,U,U,U,U,2,20,16,2.5
535,P,U,U,U,U,U,H,O,H,H,H,O,U,U,U,U,U,U,U,U,U,3,20,14,4.285714285714286
536,G,S,U,U,U,U,H,O,H,H,H,S,U,U,U,U,U,U,U,U,U,4,20,13,6.153846153846154
537,H,S,U,U,U,U,H,U,H,H,H,S,U,U,U,U,U,U,U,U,U,3,20,14,4.285714285714286
538,A,U,U,U,O,O,O,U,U,U,U,U,U,U,O,O,U,U,U,U,U,2,20,15,2.6666666666666665
539,K,O,O,U,O,U,U,U,U,U,U,O,O,O,O,U,U,U,U,U,U,2,20,13,3.076923076923077
540,P,O,O,O,O,U,O,O,O,O,O,O,O,O,O,U,U,U,U,U,U,2,20,13,3.076923076923077
541,G,O,O,O,U,U,O,O,O,O,O,O,O,O,U,U,U,U,U,U,U,2,20,11,3.6363636363636362
542,T,U,O,U,H,H,O,O,U,O,O,U,O,H,H,H,U,U,U,U,U,3,20,9,6.666666666666667
543,P,S,U,O,H,H,H,H,H,U,O,S,U,H,H,H,U,U,U,U,U,4,20,8,10.0
544,A,S,U,O,H,H,H,H,H,U,O,S,U,H,H,H,U,U,U,U,U,4,20,8,10.0
545,L,U,U,O,H,H,H,H,H,O,O,U,U,H,H,H,U,U,U,U,U,3,20,9,6.666666666666667
546,E,U,O,O,H,H,H,H,H,O,O,U,H,H,H,H,U,U,U,U,U,3,20,9,6.666666666666667
547,T,U,O,O,H,H,H,H,H,U,O,U,H,H,H,H,U,U,U,U,U,3,20,9,6.666666666666667
548,L,O,O,O,H,H,H,H,H,O,U,O,H,H,H,H,U,U,U,U,U,3,20,9,6.666666666666667
549,E,U,O,O,O,H,O,H,H,O,O,U,H,H,U,H,U,U,U,U,U,3,20,8,7.5
550,T,O,O,U,O,U,O,O,O,U,U,U,H,U,U,U,U,U,U,U,U,3,20,13,4.615384615384615
551,T,O,U,U,U,U,U,O,U,U,U,U,U,U,O,U,U,U,U,U,U,2,20,17,2.3529411764705883
552,P,O,U,O,U,U,U,U,U,U,U,H,O,O,U,U,U,U,U,U,U,3,20,15,4.0
553,P,H,U,O,U,O,U,U,U,U,U,H,O,H,U,O,U,U,U,U,U,3,20,13,4.615384615384615
554,A,H,O,O,O,O,U,U,U,U,U,H,U,H,O,O,U,U,U,U,U,3,20,11,5.454545454545454
555,M,H,O,O,O,O,U,U,U,U,U,O,O,H,O,O,U,U,U,U,U,3,20,10,6.0
556,A,H,U,O,O,O,U,U,U,U,U,O,U,H,O,O,U,U,U,U,U,3,20,12,5.0
557,A,U,U,O,U,U,U,U,U,U,U,U,U,O,U,U,U,U,U,U,U,2,20,18,2.2222222222222223
558,P,O,U,O,U,O,U,U,U,H,U,O,U,O,O,U,U,U,U,U,U,3,20,13,4.615384615384615
559,K,U,U,O,U,O,U,U,U,H,U,U,U,U,U,U,U,U,U,U,U,3,20,17,3.5294117647058822
560,D,U,U,O,O,O,U,O,U,H,U,U,U,O,U,U,U,U,U,U,U,3,20,14,4.285714285714286
561,D,U,O,O,U,U,H,O,H,O,O,U,O,O,U,U,U,U,U,U,U,3,20,11,5.454545454545454
562,G,U,O,U,O,U,H,O,H,U,O,U,U,O,O,U,U,U,U,U,U,3,20,12,5.0
563,F,O,O,U,O,U,H,O,H,U,O,O,U,O,O,U,U,U,U,U,U,3,20,10,6.0
564,L,U,U,O,O,O,H,O,H,O,O,U,U,O,O,O,U,U,U,U,U,3,20,9,6.666666666666667
565,N,U,U,O,O,O,O,O,O,O,U,U,U,O,O,U,U,U,U,U,U,2,20,11,3.6363636363636362
566,G,U,U,O,U,O,O,O,O,O,O,U,U,O,U,U,U,U,U,U,U,2,20,12,3.3333333333333335
567,S,O,U,O,O,U,O,U,U,O,O,O,U,U,O,O,U,U,U,U,U,2,20,11,3.6363636363636362
568,C,O,O,O,O,U,U,U,U,U,U,O,U,H,U,U,U,U,U,U,U,3,20,14,4.285714285714286
569,S,O,O,H,U,O,U,U,U,U,U,O,O,H,U,O,U,U,U,U,U,3,20,12,5.0
570,G,U,O,H,U,O,U,O,O,H,O,U,O,H,U,O,U,U,U,U,U,3,20,10,6.0
571,L,H,O,H,U,O,U,O,O,H,H,H,U,H,U,O,U,U,U,U,U,3,20,9,6.666666666666667
572,D,H,U,H,U,O,U,O,O,H,H,H,O,H,U,O,U,U,U,U,U,3,20,9,6.666666666666667
573,E,H,O,H,U,O,O,H,O,H,H,H,O,H,U,O,U,U,U,U,U,3,20,7,8.571428571428571
574,E,H,O,O,O,H,H,H,O,H,H,H,O,O,O,O,U,U,U,U,U,3,20,8,7.5
575,A,U,O,U,O,H,H,H,O,H,O,U,U,O,O,O,U,U,U,U,U,3,20,9,6.666666666666667
576,S,U,U,U,U,H,H,H,O,H,U,U,U,U,O,O,U,U,U,U,U,3,20,13,4.615384615384615
577,G,O,U,O,U,U,U,U,O,O,H,O,O,U,U,O,U,U,U,U,U,3,20,12,5.0
578,P,O,U,O,U,O,O,O,O,O,H,O,U,O,O,U,U,U,U,U,U,3,20,10,6.0
579,E,O,U,O,U,O,O,U,O,U,H,O,O,O,O,U,U,U,U,U,U,3,20,10,6.0
580,R,U,U,O,U,O,O,U,U,U,U,U,O,U,U,O,U,U,U,U,U,2,20,15,2.6666666666666665
581,P,H,U,O,U,U,U,U,U,U,U,H,H,U,U,U,U,U,U,U,U,3,20,16,3.75
582,P,H,O,U,U,U,U,H,H,U,U,H,H,U,H,U,U,U,U,U,U,3,20,13,4.615384615384615
583,A,H,H,O,U,U,O,H,H,U,U,H,H,O,H,U,O,U,U,U,O,3,20,8,7.5
584,L,H,H,U,O,O,O,H,H,U,U,H,H,U,H,U,H,U,U,U,O,3,20,8,7.5
585,L,H,H,U,O,O,U,O,H,U,O,H,H,O,H,U,H,U,U,U,H,3,20,8,7.5
586,Q,H,H,O,O,O,O,U,H,H,U,H,H,O,U,O,H,U,O,U,H,3,20,8,7.5
587,E,H,H,O,U,O,O,O,H,H,O,O,H,O,U,O,H,U,U,U,H,3,20,8,7.5
588,E,H,H,O,H,U,U,O,H,H,O,O,H,O,O,U,H,U,U,U,H,3,20,8,7.5
589,W,O,H,H,H,U,O,O,H,H,U,O,H,H,O,U,H,U,U,U,H,3,20,9,6.666666666666667
590,E,O,H,H,H,O,O,O,H,H,U,O,H,H,H,O,H,U,U,U,H,3,20,10,6.0
591,T,O,H,H,U,O,O,O,H,H,U,O,H,H,H,O,O,U,U,U,H,3,20,8,7.5
592,V,U,H,H,U,U,U,O,H,H,U,U,H,H,H,U,O,U,U,U,H,3,20,10,6.0
593,M,U,U,U,U,U,U,U,U,U,U,U,U,U,U,U,U,U,U,U,U,1,20,20,1.0
