Pos,Res,Q5W9E8_CIT_model1_dssp_acc_SS,Q5W9E8_CIT_model2_dssp_acc_SS,Q5W9E8_CIT_model3_dssp_acc_SS,Q5W9E8_CIT_model4_dssp_acc_SS,Q5W9E8_CIT_model5_dssp_acc_SS,Q5W9E8_full_model_501148_1_dssp_acc_SS,Q5W9E8_full_model_501148_2_dssp_acc_SS,Q5W9E8_full_model_501148_3_dssp_acc_SS,Q5W9E8_full_model_501148_4_dssp_acc_SS,Q5W9E8_full_model_501148_5_dssp_acc_SS,Q5W9E8_IT_model1_dssp_acc_SS,Q5W9E8_IT_model2_dssp_acc_SS,Q5W9E8_IT_model3_dssp_acc_SS,Q5W9E8_IT_model4_dssp_acc_SS,Q5W9E8_IT_model5_dssp_acc_SS,Q5W9E8_ranked_0_dssp_acc_SS,Q5W9E8_ranked_1_dssp_acc_SS,Q5W9E8_ranked_2_dssp_acc_SS,Q5W9E8_ranked_3_dssp_acc_SS,Q5W9E8_ranked_4_dssp_acc_SS,dssp_k,dssp_N,dssp_n1,dssp_vkabat
1,M,U,U,U,U,U,U,U,U,U,U,U,U,U,U,U,U,U,U,U,U,1,20,20,1.0
2,E,U,O,U,U,O,H,H,H,H,H,H,O,U,U,O,U,U,U,U,U,3,20,10,6.0
3,A,H,O,U,O,O,H,H,H,H,H,H,O,O,O,O,U,U,U,U,U,3,20,7,8.571428571428571
4,V,H,O,O,O,O,H,H,H,H,H,H,O,U,O,O,U,U,U,U,U,3,20,7,8.571428571428571
5,L,H,O,O,U,O,H,H,H,H,H,H,O,U,U,O,U,U,U,U,U,3,20,8,7.5
6,S,H,O,O,O,U,H,H,H,H,H,H,O,O,O,U,U,U,U,U,U,3,20,7,8.571428571428571
7,R,H,O,O,H,H,H,H,H,H,H,H,O,O,H,H,O,H,H,H,H,2,20,15,2.6666666666666665
8,Q,H,O,O,H,H,H,H,H,H,H,H,U,O,H,H,O,H,H,H,H,3,20,15,4.0
9,A,H,O,O,H,H,H,O,H,H,H,H,O,O,H,H,O,H,H,H,H,2,20,14,2.857142857142857
10,A,H,O,O,H,H,H,O,H,H,H,O,U,O,H,H,O,H,H,H,H,3,20,13,4.615384615384615
11,T,O,O,H,H,H,H,U,H,H,H,O,O,H,H,H,O,H,H,H,H,3,20,14,4.285714285714286
12,A,H,O,H,H,H,H,O,H,H,H,H,O,H,H,H,O,H,H,H,H,2,20,16,2.5
13,E,H,O,H,H,H,H,H,H,H,H,H,O,H,H,H,O,H,H,H,H,2,20,17,2.3529411764705883
14,A,H,O,H,H,U,H,H,H,H,H,H,O,H,H,U,U,H,H,H,H,3,20,15,4.0
15,I,H,O,H,H,O,H,H,H,H,H,H,O,H,H,O,U,H,H,H,H,3,20,15,4.0
16,G,H,O,H,H,H,H,H,H,H,H,H,O,H,H,H,O,O,H,H,H,2,20,16,2.5
17,R,H,U,H,H,H,H,H,H,H,H,H,O,H,H,H,U,O,H,H,O,3,20,15,4.0
18,F,U,U,H,H,H,H,H,H,H,H,U,O,H,H,H,U,O,H,O,O,3,20,12,5.0
19,Q,U,O,H,H,H,H,H,H,H,O,U,O,H,H,H,U,U,H,U,U,3,20,11,5.454545454545454
20,D,U,U,U,H,O,O,H,H,H,U,U,U,U,H,O,U,U,O,U,U,3,20,11,5.454545454545454
21,S,O,U,O,O,O,O,H,O,H,U,O,U,O,O,O,U,U,U,U,U,3,20,10,6.0
22,S,O,O,U,U,U,O,H,O,H,U,O,U,U,U,U,U,U,U,U,U,3,20,13,4.615384615384615
23,T,U,O,U,U,U,O,H,O,H,H,U,O,U,U,U,U,U,U,U,U,3,20,13,4.615384615384615
24,S,U,O,S,U,U,O,H,O,O,H,U,O,S,U,U,U,U,U,U,U,4,20,11,7.2727272727272725
25,V,U,U,O,S,O,U,H,U,U,H,U,U,O,S,O,U,U,U,U,U,4,20,12,6.666666666666667
26,G,O,O,O,S,O,O,U,U,O,U,O,O,O,S,U,U,U,U,U,U,3,20,9,6.666666666666667
27,L,O,O,S,S,U,U,U,U,U,O,O,O,S,S,U,U,U,U,U,U,3,20,11,5.454545454545454
28,V,U,O,U,O,U,U,U,U,U,U,U,O,U,O,U,U,U,U,U,U,2,20,16,2.5
29,A,U,U,O,O,U,U,O,O,O,O,U,U,U,O,U,U,U,O,U,U,2,20,12,3.3333333333333335
30,G,O,O,O,O,O,U,O,O,O,O,O,O,U,O,O,U,U,U,U,U,2,20,13,3.076923076923077
31,S,O,O,U,O,U,O,O,O,U,U,O,O,U,O,U,U,U,O,U,U,2,20,10,4.0
32,P,O,O,U,O,O,O,H,O,H,U,O,O,U,O,O,U,U,U,U,U,3,20,10,6.0
33,S,O,O,U,U,O,O,H,H,H,O,O,O,U,U,O,U,U,U,U,U,3,20,9,6.666666666666667
34,T,U,U,U,U,O,H,H,H,H,O,O,U,U,U,O,U,U,U,U,U,3,20,12,5.0
35,R,O,O,U,U,O,H,H,H,H,H,O,O,U,U,U,U,U,U,U,U,3,20,10,6.0
36,I,U,U,U,O,O,H,H,H,H,H,U,U,U,O,O,U,U,U,U,U,3,20,11,5.454545454545454
37,R,U,U,S,O,U,H,H,H,O,H,U,U,U,O,O,U,U,U,U,U,4,20,11,7.2727272727272725
38,R,O,O,O,U,U,H,H,H,U,H,O,O,O,U,O,U,U,U,U,U,3,20,9,6.666666666666667
39,Q,O,O,U,U,U,H,H,H,O,H,O,O,U,U,U,U,U,U,U,U,3,20,11,5.454545454545454
40,A,O,O,O,O,O,H,H,H,O,H,O,O,O,O,O,U,U,U,U,U,3,20,11,5.454545454545454
41,D,O,O,O,O,O,H,H,H,U,O,O,O,O,O,O,U,U,U,U,U,3,20,11,5.454545454545454
42,N,O,O,U,O,O,H,H,H,U,O,O,O,U,O,O,U,U,U,U,U,3,20,9,6.666666666666667
43,V,O,U,U,U,S,H,H,H,O,U,O,U,U,U,S,U,U,U,U,U,4,20,12,6.666666666666667
44,V,O,O,U,U,U,H,H,H,O,U,O,O,U,U,U,U,U,U,U,U,3,20,12,5.0
45,L,U,O,O,O,O,H,H,H,U,U,U,O,O,O,O,U,U,U,U,U,3,20,9,6.666666666666667
46,K,U,O,O,O,O,H,H,H,H,O,U,O,O,O,O,U,U,U,U,U,3,20,9,6.666666666666667
47,S,U,O,U,U,O,H,U,H,H,H,U,O,U,U,O,U,U,U,U,U,3,20,12,5.0
48,T,O,H,U,U,O,H,U,H,H,H,O,H,U,U,O,U,U,U,U,U,3,20,10,6.0
49,S,O,H,O,O,O,H,O,H,H,H,O,H,O,O,O,U,U,U,U,U,3,20,9,6.666666666666667
50,Q,O,H,O,O,O,O,O,H,H,H,O,H,O,O,O,U,U,U,U,U,3,20,10,6.0
51,A,O,H,O,U,O,U,O,H,H,O,O,H,U,U,O,U,U,U,U,U,3,20,9,6.666666666666667
52,G,O,O,O,U,U,U,H,O,O,O,O,O,O,U,U,U,U,U,U,U,3,20,10,6.0
53,D,O,U,U,O,U,O,H,O,O,O,O,U,U,O,U,U,U,U,U,U,3,20,11,5.454545454545454
54,T,U,S,U,O,U,O,H,O,H,O,U,S,U,O,U,U,U,U,U,U,4,20,11,7.2727272727272725
55,L,U,S,U,O,O,H,H,O,H,H,U,S,U,O,O,H,H,H,H,H,4,20,9,8.88888888888889
56,N,O,U,O,U,U,H,H,O,H,H,O,U,O,U,U,H,H,H,H,H,3,20,9,6.666666666666667
57,D,O,O,O,U,U,H,H,O,H,H,O,O,O,U,U,H,H,H,H,H,3,20,9,6.666666666666667
58,V,O,O,U,O,U,H,H,O,H,H,O,O,U,O,U,H,H,H,H,H,3,20,9,6.666666666666667
59,I,O,O,O,O,O,H,H,O,H,H,O,O,O,O,O,H,H,H,H,H,2,20,11,3.6363636363636362
60,Q,O,O,U,O,O,H,H,O,H,H,O,O,U,O,O,H,H,H,H,H,3,20,9,6.666666666666667
61,D,U,U,O,U,O,U,U,O,U,O,U,U,O,U,O,O,O,O,O,O,2,20,11,3.6363636363636362
62,P,O,O,O,O,O,H,H,H,H,H,O,O,O,O,O,H,H,H,H,H,2,20,10,4.0
63,T,O,O,O,O,O,H,H,H,H,H,O,O,O,O,O,H,H,H,H,H,2,20,10,4.0
64,R,O,O,O,U,U,H,H,H,H,H,O,O,O,U,U,H,H,H,H,H,3,20,10,6.0
65,R,U,O,U,U,O,H,H,H,H,H,U,O,U,U,O,H,H,H,H,H,3,20,10,6.0
66,N,O,O,U,U,O,H,H,H,H,H,O,O,U,U,O,H,H,H,H,H,3,20,10,6.0
67,K,O,O,U,O,O,H,H,H,H,H,O,O,U,O,O,H,H,H,H,H,3,20,10,6.0
68,L,U,O,S,O,U,H,H,H,H,H,U,O,U,O,U,H,H,H,H,H,4,20,10,8.0
69,I,O,U,U,O,O,H,H,H,H,H,O,U,U,O,O,H,H,H,H,H,3,20,10,6.0
70,N,U,U,U,U,O,H,H,H,H,H,U,U,U,U,O,H,H,H,H,H,3,20,10,6.0
71,D,U,U,U,U,U,H,H,H,H,H,U,U,U,U,U,H,H,H,H,H,2,20,10,4.0
72,N,U,U,U,U,S,O,O,H,O,O,U,U,U,U,S,O,O,O,O,O,4,20,9,8.88888888888889
73,N,U,U,U,U,U,O,O,O,O,O,U,U,U,U,U,O,O,O,O,O,2,20,10,4.0
74,L,U,U,O,U,U,O,O,O,O,O,U,U,O,U,U,O,O,O,O,O,2,20,12,3.3333333333333335
75,L,U,U,O,U,U,O,O,O,O,O,U,U,O,U,U,O,O,O,O,O,2,20,12,3.3333333333333335
76,K,S,U,U,U,U,S,S,S,S,S,S,U,U,U,U,S,S,S,S,S,2,20,12,3.3333333333333335
77,G,S,U,U,S,O,S,S,S,S,S,S,U,U,S,O,S,S,S,S,S,3,20,14,4.285714285714286
78,I,S,U,U,S,O,S,S,S,S,S,S,U,U,S,O,S,S,S,S,S,3,20,14,4.285714285714286
79,I,S,S,U,S,U,S,S,S,S,S,S,S,U,S,U,S,S,S,S,S,2,20,16,2.5
80,M,U,S,U,U,U,S,S,S,U,S,U,S,U,U,U,S,S,S,S,S,2,20,11,3.6363636363636362
81,G,O,O,O,U,O,S,S,S,U,S,O,O,O,U,O,S,S,S,S,S,3,20,9,6.666666666666667
82,R,O,O,O,O,O,O,O,O,O,O,O,O,O,O,O,O,O,O,O,O,1,20,20,1.0
83,D,O,O,O,O,O,O,O,O,O,O,O,O,O,O,O,O,O,O,O,O,1,20,20,1.0
84,G,U,O,U,O,O,S,S,S,O,S,U,O,U,O,O,S,S,S,S,S,3,20,9,6.666666666666667
85,P,U,S,U,U,U,S,S,S,U,S,U,S,U,U,U,S,S,S,S,S,2,20,11,3.6363636363636362
86,V,S,S,U,U,U,S,S,S,S,S,S,S,U,U,U,S,S,S,S,S,2,20,14,2.857142857142857
87,P,S,U,U,U,U,S,S,S,S,S,S,U,U,U,U,S,S,S,S,S,2,20,12,3.3333333333333335
88,S,S,U,U,U,U,S,S,S,S,S,S,U,U,U,U,S,S,S,S,S,2,20,12,3.3333333333333335
89,S,S,U,O,O,O,S,S,S,S,S,S,U,O,O,O,S,S,S,S,S,3,20,12,5.0
90,R,O,O,O,O,O,S,S,S,S,S,O,O,O,O,O,S,S,S,S,S,2,20,10,4.0
91,E,O,O,O,O,O,S,S,S,S,S,O,O,O,O,O,S,S,S,S,S,2,20,10,4.0
92,L,U,O,O,O,U,U,U,O,U,U,U,O,O,O,O,O,O,U,U,U,2,20,10,4.0
93,I,O,O,S,U,U,S,S,S,S,S,O,O,S,U,U,S,S,S,S,S,3,20,12,5.0
94,V,O,U,O,U,U,U,U,U,U,U,O,U,O,U,U,U,U,U,U,U,2,20,16,2.5
95,R,O,O,S,U,U,U,U,U,U,U,O,U,S,U,U,U,U,U,U,U,3,20,15,4.0
96,P,O,O,O,O,U,U,U,U,U,U,O,O,O,O,U,U,U,U,U,U,2,20,12,3.3333333333333335
97,D,O,O,O,O,O,O,O,O,O,O,O,O,O,O,O,O,O,O,O,O,1,20,20,1.0
98,T,O,O,S,U,O,O,O,O,O,O,O,O,S,U,O,O,O,O,O,O,3,20,16,3.75
99,L,U,U,U,U,U,U,U,U,U,U,U,U,U,U,O,U,U,U,U,U,2,20,19,2.1052631578947367
100,R,S,S,S,U,U,U,U,U,S,S,S,S,S,U,U,S,S,S,S,S,2,20,13,3.076923076923077
101,A,S,S,U,U,S,S,S,S,S,S,S,S,U,U,U,S,S,S,S,S,2,20,15,2.6666666666666665
102,I,U,S,U,U,S,S,S,S,S,S,S,S,U,U,U,S,S,S,S,S,2,20,14,2.857142857142857
103,I,U,S,U,U,U,S,S,S,S,S,S,S,U,U,U,S,S,S,S,S,2,20,13,3.076923076923077
104,N,U,S,S,S,U,U,U,U,U,U,S,S,S,S,U,U,U,U,U,U,2,20,13,3.076923076923077
105,N,S,S,S,S,U,U,U,U,U,U,S,S,S,S,U,U,U,U,U,U,2,20,12,3.3333333333333335
106,R,S,S,S,S,U,U,U,U,U,U,S,S,S,S,U,U,U,U,U,U,2,20,12,3.3333333333333335
107,A,S,S,S,S,S,U,U,U,U,U,S,S,S,S,S,U,U,U,U,U,2,20,10,4.0
108,T,S,S,S,S,S,S,S,S,S,S,S,S,S,S,S,S,S,S,S,S,1,20,20,1.0
109,I,U,S,S,S,S,S,S,S,S,S,U,S,S,S,S,S,S,S,S,S,2,20,18,2.2222222222222223
110,E,U,S,S,S,S,S,S,S,S,S,U,S,S,S,S,S,S,S,S,S,2,20,18,2.2222222222222223
111,T,S,U,U,S,U,S,S,S,S,S,S,U,U,S,U,S,S,S,S,S,2,20,14,2.857142857142857
112,T,S,U,U,S,U,S,S,S,S,S,S,U,U,S,U,S,S,S,S,S,2,20,14,2.857142857142857
113,T,O,O,O,S,U,S,S,S,S,S,O,O,O,S,U,S,S,S,S,S,3,20,12,5.0
114,M,O,S,O,O,U,S,S,S,S,S,O,O,O,O,U,S,S,S,S,S,3,20,11,5.454545454545454
115,E,H,H,O,O,O,U,O,O,O,O,H,H,O,O,O,U,U,U,S,U,4,20,10,8.0
116,A,H,H,O,O,O,U,U,U,U,U,H,H,O,O,O,U,U,U,H,U,3,20,9,6.666666666666667
117,E,H,H,O,H,U,O,H,H,H,H,H,H,H,H,U,O,H,O,H,H,3,20,14,4.285714285714286
118,F,H,H,O,H,O,O,H,H,H,H,H,H,H,H,O,O,H,O,H,H,2,20,14,2.857142857142857
119,T,H,H,O,H,H,O,H,H,H,H,H,H,H,H,H,U,H,H,O,H,3,20,16,3.75
120,E,H,H,H,H,H,H,H,H,H,H,H,H,H,H,H,H,H,H,H,H,1,20,20,1.0
121,T,H,H,H,H,H,H,H,H,H,H,H,H,H,H,H,H,H,H,H,H,1,20,20,1.0
122,L,H,H,H,H,H,H,H,H,H,H,H,H,H,H,H,H,H,H,H,H,1,20,20,1.0
123,M,O,H,H,H,H,H,H,H,H,H,O,H,H,H,H,H,H,H,H,H,2,20,18,2.2222222222222223
124,E,U,O,H,H,H,O,H,H,O,H,U,O,H,H,H,H,H,H,H,H,3,20,14,4.285714285714286
125,S,O,O,O,O,O,O,O,O,O,O,O,O,O,O,O,O,O,O,O,O,1,20,20,1.0
126,N,O,O,O,O,O,O,O,O,O,O,O,O,O,O,O,O,O,O,O,O,1,20,20,1.0
127,Y,O,U,O,O,O,S,S,S,S,S,O,O,O,O,O,S,S,S,S,S,3,20,10,6.0
128,N,U,O,O,O,O,U,U,U,U,U,U,O,O,O,O,U,U,U,U,U,2,20,12,3.3333333333333335
129,S,S,O,U,O,O,H,H,H,H,H,U,O,U,O,O,H,H,H,H,H,4,20,10,8.0
130,A,O,U,O,U,O,H,H,H,H,H,O,U,U,U,O,H,H,H,H,H,3,20,10,6.0
131,S,U,S,U,U,O,H,H,H,H,H,U,U,U,U,O,H,H,H,H,H,4,20,10,8.0
132,V,O,U,U,U,O,H,H,H,H,H,O,U,U,U,O,H,H,H,H,H,3,20,10,6.0
133,K,O,U,U,U,O,H,H,H,H,H,O,U,U,U,O,H,H,H,H,H,3,20,10,6.0
134,V,O,O,O,O,O,H,H,H,H,H,O,O,O,O,O,H,H,H,H,H,2,20,10,4.0
135,S,O,O,U,O,U,H,H,H,H,H,O,O,U,O,U,H,H,H,H,H,3,20,10,6.0
136,A,U,O,O,O,U,H,H,H,H,H,U,O,O,O,U,H,H,H,O,H,3,20,9,6.666666666666667
137,P,O,U,U,U,H,H,H,H,H,H,O,U,U,U,H,H,H,H,O,H,3,20,11,5.454545454545454
138,F,O,U,O,U,H,H,H,H,H,H,O,U,O,U,H,H,H,H,O,H,3,20,11,5.454545454545454
139,I,U,O,O,U,H,H,H,H,H,H,U,O,O,U,H,H,H,H,U,O,3,20,10,6.0
140,T,U,O,H,U,H,H,H,H,H,H,U,U,H,U,H,H,H,H,U,U,3,20,12,5.0
141,A,U,O,H,O,H,H,H,H,H,H,U,H,H,O,H,H,H,H,U,U,3,20,13,4.615384615384615
142,N,O,H,H,O,H,H,H,O,H,H,O,H,H,O,H,H,H,H,O,U,3,20,13,4.615384615384615
143,S,U,H,H,U,H,O,O,U,U,O,U,H,H,U,H,O,O,O,O,O,3,20,8,7.5
144,E,S,H,H,U,H,U,U,U,H,U,U,O,H,U,H,U,U,U,U,O,4,20,11,7.2727272727272725
145,Y,O,H,H,O,H,U,O,H,H,U,O,O,H,O,H,U,U,U,U,H,3,20,8,7.5
146,S,U,O,O,O,H,U,O,H,H,U,U,O,O,O,H,U,U,U,U,H,3,20,8,7.5
147,E,U,O,O,O,O,O,O,H,H,H,U,O,O,O,O,O,O,O,O,H,3,20,14,4.285714285714286
148,S,U,U,U,O,U,O,U,H,H,H,U,U,U,O,U,O,O,U,U,O,3,20,11,5.454545454545454
149,S,H,O,O,O,H,U,U,U,U,H,H,O,O,O,O,U,U,U,U,U,3,20,9,6.666666666666667
150,S,H,H,O,O,H,O,U,O,O,U,H,H,O,O,O,O,O,O,U,U,3,20,11,5.454545454545454
151,F,H,H,O,O,H,U,U,U,U,U,H,H,O,O,O,U,U,U,U,U,3,20,10,6.0
152,K,H,H,O,O,H,U,U,U,U,U,H,H,O,O,O,U,U,U,U,U,3,20,10,6.0
153,N,H,H,O,O,H,U,S,U,U,S,H,H,O,O,O,U,S,S,S,S,4,20,6,13.333333333333334
154,T,H,O,U,O,O,U,U,U,U,U,H,O,O,O,O,U,U,O,O,O,3,20,10,6.0
155,E,H,O,U,O,O,O,O,O,O,O,H,O,U,O,O,O,O,O,O,O,3,20,16,3.75
156,T,H,O,O,O,O,O,O,O,O,O,H,O,O,O,O,O,O,O,O,O,2,20,18,2.2222222222222223
157,E,U,O,U,O,U,S,S,S,S,S,U,O,U,O,U,S,S,S,S,S,3,20,10,6.0
158,K,O,O,U,O,O,S,S,S,S,S,O,O,U,O,O,S,S,S,S,S,3,20,10,6.0
159,S,O,S,O,O,O,S,S,S,U,S,O,U,O,O,O,S,S,S,S,S,3,20,10,6.0
160,M,O,S,O,O,O,S,S,S,U,S,O,S,O,O,U,S,S,S,S,S,3,20,11,5.454545454545454
161,Y,O,O,O,O,U,S,S,S,S,S,O,O,O,O,U,S,S,S,S,S,3,20,10,6.0
162,T,O,O,O,O,U,S,S,S,S,S,O,O,O,O,U,S,S,S,S,S,3,20,10,6.0
163,S,U,S,O,O,S,S,S,S,S,S,U,S,O,O,U,S,S,S,S,S,3,20,13,4.615384615384615
164,S,O,O,U,O,U,S,S,S,S,S,O,O,U,O,U,S,S,S,S,S,3,20,10,6.0
165,R,O,O,U,O,U,S,S,S,S,S,O,U,U,O,U,S,S,S,S,S,3,20,10,6.0
166,Y,S,U,U,U,U,S,S,S,S,S,S,U,U,U,U,S,S,S,S,S,2,20,12,3.3333333333333335
167,L,S,U,S,S,U,S,S,S,S,S,S,U,S,S,U,S,S,S,S,S,2,20,16,2.5
168,F,S,U,U,S,U,S,S,S,S,S,S,U,U,S,U,S,S,S,S,S,2,20,14,2.857142857142857
169,P,S,U,U,S,U,S,S,S,S,S,S,U,U,S,U,S,S,S,S,S,2,20,14,2.857142857142857
170,Q,U,S,S,S,S,S,S,S,S,S,U,S,S,S,S,S,S,S,S,S,2,20,18,2.2222222222222223
171,G,U,S,S,S,S,S,S,S,S,S,U,S,S,S,S,S,S,S,S,S,2,20,18,2.2222222222222223
172,R,S,S,S,S,S,S,S,S,S,S,S,S,S,S,S,S,S,S,S,S,1,20,20,1.0
173,I,S,S,S,S,S,S,S,S,S,S,S,S,S,S,S,S,S,S,S,S,1,20,20,1.0
174,D,S,S,S,S,S,S,S,S,S,S,S,S,S,S,S,S,S,S,S,S,1,20,20,1.0
175,F,S,S,S,S,S,O,U,U,U,U,S,S,S,S,S,U,U,U,U,U,3,20,10,6.0
176,T,U,S,S,S,U,O,O,U,U,U,S,S,S,S,U,S,U,U,U,U,3,20,10,6.0
177,T,U,S,S,U,U,U,U,U,U,U,S,S,S,U,U,U,U,U,U,U,2,20,15,2.6666666666666665
178,P,S,S,S,U,U,O,U,U,U,O,S,S,S,U,U,H,O,H,H,H,4,20,7,11.428571428571429
179,D,S,S,S,S,S,O,O,O,O,O,S,S,S,S,S,H,O,H,H,H,3,20,10,6.0
180,S,U,S,S,S,S,O,O,H,O,O,U,S,S,S,U,H,O,H,H,H,4,20,7,11.428571428571429
181,G,U,U,S,S,U,O,O,H,U,O,U,U,S,S,U,U,U,U,O,O,4,20,10,8.0
182,F,U,U,U,U,U,U,O,H,U,O,U,U,U,U,U,U,U,U,U,U,3,20,17,3.5294117647058822
183,D,U,U,U,U,U,U,O,O,O,O,U,U,U,U,U,O,O,O,O,O,2,20,11,3.6363636363636362
184,D,U,U,U,U,U,O,O,O,O,U,U,U,U,U,U,U,U,U,U,U,2,20,16,2.5
185,V,O,O,O,O,O,O,U,O,O,O,O,O,O,O,H,S,U,U,U,U,4,20,13,6.153846153846154
186,I,O,O,O,O,O,O,U,U,U,U,O,O,O,O,H,U,U,U,U,U,3,20,10,6.0
187,K,O,O,O,O,O,U,U,U,U,U,O,O,O,O,H,U,U,U,U,U,3,20,10,6.0
188,L,O,U,U,O,U,S,S,S,S,S,O,U,U,O,H,S,S,S,S,S,4,20,10,8.0
189,S,O,U,U,O,O,U,U,U,U,U,O,U,U,O,O,U,U,U,U,U,2,20,14,2.857142857142857
190,P,O,U,U,O,O,H,H,H,H,H,O,U,U,O,O,H,H,H,H,H,3,20,10,6.0
191,Q,U,O,O,O,O,H,H,H,H,H,U,O,O,O,O,H,H,H,H,H,3,20,10,6.0
192,F,U,O,O,O,O,H,H,H,H,H,U,O,O,O,O,H,H,H,H,H,3,20,10,6.0
193,T,U,U,O,U,U,H,H,H,H,H,U,U,O,U,U,H,H,H,H,H,3,20,10,6.0
194,S,O,H,O,H,O,H,H,H,H,H,O,H,O,H,O,H,H,H,H,H,2,20,14,2.857142857142857
195,G,H,H,O,H,H,H,H,H,H,H,H,H,O,H,H,H,H,H,H,H,2,20,18,2.2222222222222223
196,V,H,H,H,H,H,H,H,H,H,H,H,H,O,H,H,H,H,H,H,H,2,20,19,2.1052631578947367
197,Q,H,H,H,O,H,H,H,H,H,H,H,H,O,O,H,H,H,H,H,H,2,20,17,2.3529411764705883
198,A,H,H,H,O,H,H,H,H,H,H,H,H,O,O,H,H,H,H,H,H,2,20,17,2.3529411764705883
199,A,H,H,H,O,H,H,H,H,H,H,H,H,O,O,H,H,H,H,H,H,2,20,17,2.3529411764705883
200,L,H,H,O,O,H,H,H,H,H,H,H,H,O,O,H,H,H,H,H,H,2,20,16,2.5
201,A,O,H,O,O,H,O,O,O,O,O,H,H,O,O,H,O,O,O,O,O,2,20,15,2.6666666666666665
202,K,U,U,O,O,U,O,U,O,O,O,U,U,O,O,U,O,O,O,O,O,2,20,13,3.076923076923077
203,A,O,O,U,U,O,U,O,O,O,O,O,O,U,U,O,O,O,O,O,O,2,20,15,2.6666666666666665
204,T,O,O,O,O,O,O,O,O,O,O,O,O,O,O,O,O,O,O,O,O,1,20,20,1.0
205,G,S,U,U,O,U,H,H,H,H,H,O,U,U,O,U,H,H,H,H,H,4,20,10,8.0
206,T,O,O,O,O,S,H,H,H,H,H,O,O,O,O,S,H,H,H,H,H,3,20,10,6.0
207,E,O,O,O,O,S,H,H,H,H,H,O,O,O,O,S,H,H,H,H,H,3,20,10,6.0
208,K,S,O,O,H,O,H,H,H,H,H,O,O,O,H,O,H,H,H,H,H,3,20,12,5.0
209,R,O,O,O,H,O,H,H,H,H,H,O,O,O,H,O,H,H,H,H,H,2,20,12,3.3333333333333335
210,E,O,O,O,H,O,H,H,H,H,H,O,O,O,H,O,H,H,H,H,H,2,20,12,3.3333333333333335
211,A,U,O,U,H,O,H,H,H,H,H,U,O,U,H,O,H,H,H,H,H,3,20,12,5.0
212,L,U,O,O,H,S,H,H,H,H,H,U,O,O,H,S,H,H,H,H,H,4,20,12,6.666666666666667
213,Q,H,O,U,H,S,H,H,H,H,H,H,O,U,H,S,H,H,H,H,H,4,20,14,5.714285714285714
214,N,H,H,O,H,H,H,H,H,H,H,H,H,O,H,O,H,H,H,H,H,2,20,17,2.3529411764705883
215,L,H,H,O,S,H,H,H,H,H,H,H,H,H,S,O,H,H,H,H,H,3,20,16,3.75
216,F,H,H,O,O,H,H,H,H,H,H,H,H,H,O,O,H,H,H,H,H,2,20,16,2.5
217,Q,H,H,O,O,O,H,H,H,H,H,H,H,H,O,O,H,H,H,H,H,2,20,15,2.6666666666666665
218,E,H,H,O,O,O,H,H,H,H,H,H,H,H,O,O,H,H,H,H,H,2,20,15,2.6666666666666665
219,Y,H,O,O,S,O,H,H,H,H,H,H,O,O,S,O,H,H,H,H,H,3,20,12,5.0
220,G,U,U,U,U,U,U,U,U,U,U,U,U,U,U,U,U,U,U,U,U,1,20,20,1.0
221,H,O,O,O,O,O,O,O,O,O,O,O,O,O,O,O,O,O,O,O,O,1,20,20,1.0
222,V,O,S,O,S,S,S,S,S,S,S,O,S,O,S,S,S,S,S,S,S,2,20,16,2.5
223,F,U,S,S,S,S,S,S,S,S,S,U,S,S,S,S,S,S,S,S,S,2,20,18,2.2222222222222223
224,R,U,S,S,S,S,S,S,S,S,S,U,S,S,S,S,S,S,S,S,S,2,20,18,2.2222222222222223
225,T,U,S,U,U,U,O,O,O,O,O,U,S,U,U,U,S,S,S,S,S,3,20,8,7.5
226,K,O,S,S,S,O,S,S,S,S,S,O,S,S,S,O,S,S,S,S,S,2,20,16,2.5
227,V,U,S,S,S,S,S,S,S,S,S,U,S,S,S,U,S,S,S,S,S,2,20,17,2.3529411764705883
228,H,S,S,S,S,S,S,S,S,S,S,S,S,S,S,S,S,S,S,S,S,1,20,20,1.0
229,I,U,U,S,U,U,S,S,S,S,S,U,U,S,U,U,S,S,S,S,S,2,20,12,3.3333333333333335
230,G,O,O,S,O,O,S,S,S,S,S,O,O,S,O,O,S,S,S,S,S,2,20,12,3.3333333333333335
231,G,S,S,S,U,U,S,S,S,S,S,S,S,S,U,U,S,S,S,S,S,2,20,16,2.5
232,V,S,S,S,S,U,S,S,S,S,S,S,S,S,S,U,S,S,S,S,S,2,20,18,2.2222222222222223
233,L,S,S,S,S,U,S,S,S,S,S,S,S,S,S,U,S,S,S,S,S,2,20,18,2.2222222222222223
234,S,S,S,S,S,S,S,S,S,S,S,S,S,S,S,S,S,S,S,S,S,1,20,20,1.0
235,A,S,S,S,S,S,S,S,S,S,S,S,S,S,S,S,S,S,S,S,S,1,20,20,1.0
236,H,S,S,S,S,S,S,S,S,S,S,S,S,S,S,S,S,S,S,S,S,1,20,20,1.0
237,T,S,S,S,U,S,S,S,S,S,S,S,S,S,U,S,S,S,S,S,S,2,20,18,2.2222222222222223
238,M,S,U,U,U,U,S,S,S,S,S,S,U,U,U,U,S,S,S,S,S,2,20,12,3.3333333333333335
239,E,S,U,S,S,U,S,S,S,U,S,S,U,S,S,U,S,S,S,S,S,2,20,15,2.6666666666666665
240,T,S,U,U,U,U,S,S,S,U,S,S,U,U,U,U,S,S,S,S,S,2,20,11,3.6363636363636362
241,F,O,U,O,O,O,S,S,S,S,S,H,U,O,O,O,S,S,S,S,S,4,20,10,8.0
242,S,O,O,O,O,U,S,S,S,S,S,H,O,O,O,U,S,S,S,S,S,4,20,10,8.0
243,R,O,O,O,O,O,O,O,O,O,O,H,O,O,O,O,O,O,O,O,O,2,20,19,2.1052631578947367
244,S,O,O,O,U,U,O,O,O,O,O,H,O,O,U,U,O,O,O,O,O,3,20,15,4.0
245,E,O,U,O,U,U,O,O,O,O,O,O,U,O,U,U,O,O,O,O,O,2,20,14,2.857142857142857
246,N,O,U,O,U,U,U,U,U,U,U,O,U,U,U,U,U,U,U,U,U,2,20,17,2.3529411764705883
247,E,O,O,O,U,O,H,H,O,H,H,O,O,O,U,O,H,H,H,H,H,3,20,9,6.666666666666667
248,T,U,H,O,O,O,H,H,O,H,H,U,H,O,O,O,H,H,H,H,H,3,20,11,5.454545454545454
249,E,U,H,U,U,O,H,H,H,H,H,U,H,U,U,U,H,H,H,H,H,3,20,12,5.0
250,V,O,H,H,H,U,H,H,H,H,H,O,H,H,H,U,H,H,H,H,H,3,20,16,3.75
251,K,O,H,H,H,O,H,H,H,H,H,O,H,H,H,O,H,H,H,H,H,2,20,16,2.5
252,Q,H,H,H,H,O,H,H,H,H,H,H,H,H,H,O,H,H,H,H,H,2,20,18,2.2222222222222223
253,D,H,H,H,H,O,H,H,H,H,H,H,H,H,H,O,H,H,H,H,H,2,20,18,2.2222222222222223
254,V,H,H,H,H,S,H,H,H,H,H,H,H,H,H,S,H,H,H,H,H,2,20,18,2.2222222222222223
255,K,H,H,H,H,O,H,H,H,H,H,H,H,H,H,O,H,H,H,H,H,2,20,18,2.2222222222222223
256,A,H,H,H,O,O,H,H,H,H,H,H,H,H,O,O,H,H,H,H,H,2,20,16,2.5
257,G,H,H,U,O,O,H,H,H,H,H,H,H,U,O,O,H,H,H,H,H,3,20,14,4.285714285714286
258,L,H,H,U,O,O,H,H,H,H,H,H,H,U,O,O,H,H,H,H,H,3,20,14,4.285714285714286
259,E,H,H,O,U,U,H,H,H,H,H,H,H,O,U,U,H,H,H,H,H,3,20,14,4.285714285714286
260,G,H,H,O,U,S,H,H,H,H,H,H,H,O,U,S,H,H,H,H,H,4,20,14,5.714285714285714
261,A,H,H,O,U,U,H,H,H,H,H,O,H,O,U,U,H,H,H,H,H,3,20,13,4.615384615384615
262,V,H,H,O,U,U,H,H,H,H,H,O,H,O,U,U,H,H,H,H,H,3,20,13,4.615384615384615
263,K,O,U,H,O,O,H,H,H,H,H,O,U,H,O,O,H,H,H,H,H,3,20,12,5.0
264,G,O,O,H,O,O,H,H,H,H,H,O,O,H,O,O,H,H,O,O,O,2,20,11,3.6363636363636362
265,W,U,U,H,O,O,H,H,H,H,H,U,U,H,O,O,H,H,O,O,O,3,20,9,6.666666666666667
266,G,O,O,H,U,O,H,O,H,H,H,O,O,H,U,O,H,H,O,O,O,3,20,10,6.0
267,G,O,O,U,U,O,O,O,H,O,O,O,O,U,U,O,O,O,O,O,O,3,20,15,4.0
268,G,U,U,O,U,O,O,O,O,O,O,U,U,O,U,O,O,O,O,O,O,2,20,14,2.857142857142857
269,A,O,U,O,U,O,U,U,O,U,U,O,U,O,U,U,O,O,O,O,O,2,20,11,3.6363636363636362
270,T,O,U,U,U,U,O,O,O,O,O,O,U,U,U,U,O,O,O,O,O,2,20,12,3.3333333333333335
271,A,U,U,U,U,U,U,U,U,U,U,U,U,U,U,U,U,U,U,U,U,1,20,20,1.0
272,G,U,O,U,U,U,U,U,O,U,U,U,O,U,U,U,U,U,U,U,U,2,20,17,2.3529411764705883
273,H,O,O,O,U,O,O,U,U,U,U,O,O,O,U,O,U,U,U,U,O,2,20,10,4.0
274,G,O,U,O,O,O,O,O,O,O,O,O,O,U,O,O,U,U,O,O,O,2,20,16,2.5
275,N,O,O,O,U,O,S,O,S,S,O,O,O,O,U,O,O,O,O,O,O,3,20,15,4.0
276,T,H,H,H,O,H,S,S,S,S,S,H,H,H,O,H,S,S,S,S,U,4,20,9,8.88888888888889
277,Q,H,H,H,O,H,S,S,S,S,S,H,H,H,O,H,S,S,S,S,S,3,20,10,6.0
278,G,H,H,H,O,H,S,S,S,S,U,H,H,H,O,H,S,S,S,S,S,4,20,9,8.88888888888889
279,T,O,H,H,O,H,S,S,S,S,U,O,H,H,O,H,S,S,S,S,S,4,20,9,8.88888888888889
280,I,O,H,H,H,H,S,S,S,S,U,O,H,H,H,H,S,S,S,S,S,4,20,9,8.88888888888889
281,T,O,H,H,H,H,S,S,S,S,S,O,H,H,H,H,S,S,S,S,S,3,20,10,6.0
282,T,H,H,H,H,H,U,U,U,U,U,H,H,H,H,H,U,U,U,U,U,2,20,10,4.0
283,S,H,H,H,H,H,O,O,O,O,O,H,H,H,H,H,O,O,O,O,O,2,20,10,4.0
284,Q,H,H,H,H,H,O,O,O,O,O,H,H,H,H,H,O,O,O,O,O,2,20,10,4.0
285,N,H,H,H,H,O,O,U,U,U,U,H,H,H,H,H,U,U,U,U,U,3,20,9,6.666666666666667
286,R,O,H,H,H,O,U,U,U,U,U,O,H,H,H,H,U,U,U,U,U,3,20,10,6.0
287,K,O,O,H,H,O,S,S,S,S,S,O,O,H,H,H,S,S,S,S,S,3,20,10,6.0
288,L,S,O,O,H,O,S,S,S,S,U,S,O,O,H,O,S,S,S,S,S,4,20,11,7.2727272727272725
289,N,S,U,U,U,U,S,S,S,S,U,S,U,U,U,U,S,S,S,S,S,2,20,11,3.6363636363636362
290,V,S,S,S,U,S,S,S,S,S,U,S,S,S,U,S,S,S,S,S,S,2,20,17,2.3529411764705883
291,K,S,S,S,U,S,S,S,S,S,S,S,S,S,U,S,S,S,S,S,S,2,20,18,2.2222222222222223
292,Y,S,S,S,S,S,S,S,S,S,S,S,S,S,S,S,S,S,S,S,S,1,20,20,1.0
293,I,S,S,S,S,U,S,S,S,S,S,S,S,S,S,U,S,S,S,S,S,2,20,18,2.2222222222222223
294,V,S,S,S,S,U,S,S,S,S,S,S,S,S,S,U,S,S,S,S,S,2,20,18,2.2222222222222223
295,N,U,S,O,S,O,S,S,S,S,U,U,S,O,S,O,S,S,S,S,S,3,20,13,4.615384615384615
296,G,O,O,O,O,O,O,O,O,O,O,O,O,O,O,O,O,O,O,O,O,1,20,20,1.0
297,G,O,O,O,O,O,O,O,O,O,O,O,O,O,O,O,O,O,O,O,O,1,20,20,1.0
298,D,O,U,O,U,O,U,U,U,U,U,O,U,O,U,U,U,U,U,U,U,2,20,15,2.6666666666666665
299,Y,O,O,O,O,O,H,H,H,H,H,O,O,O,O,O,H,H,H,H,H,2,20,10,4.0
300,T,O,O,U,U,O,H,H,H,H,H,O,O,U,U,O,H,H,H,H,H,3,20,10,6.0
301,K,U,U,U,U,U,H,H,H,H,H,U,U,U,U,U,H,H,H,H,H,2,20,10,4.0
302,I,O,O,O,H,O,O,H,H,O,O,O,O,O,H,O,O,O,O,O,O,2,20,16,2.5
303,Q,O,O,O,H,O,O,H,H,O,O,O,O,O,H,O,O,O,O,O,O,2,20,16,2.5
304,N,O,O,O,H,O,O,H,H,O,O,O,O,O,H,H,O,O,O,O,U,3,20,14,4.285714285714286
305,T,U,U,H,H,H,H,H,H,H,H,U,O,H,H,H,H,H,H,H,H,3,20,16,3.75
306,E,O,H,H,H,H,H,H,H,H,H,O,H,H,H,H,H,H,H,H,H,2,20,18,2.2222222222222223
307,E,O,H,H,H,H,H,H,H,H,H,O,H,H,H,H,H,H,H,H,H,2,20,18,2.2222222222222223
308,W,O,H,H,H,H,H,H,H,H,H,O,H,H,H,H,H,H,H,H,H,2,20,18,2.2222222222222223
309,V,O,H,O,H,H,H,H,H,H,H,H,H,O,H,H,H,H,H,H,H,2,20,17,2.3529411764705883
310,A,O,H,O,H,H,H,H,H,H,H,H,H,O,H,H,H,H,H,H,H,2,20,17,2.3529411764705883
311,S,H,H,O,H,O,H,H,H,H,H,H,H,O,H,O,H,H,H,H,H,2,20,16,2.5
312,T,H,O,U,H,O,O,O,O,O,O,O,O,U,H,O,O,O,O,O,O,3,20,15,4.0
313,N,H,O,O,O,O,O,O,O,O,O,O,O,O,O,O,O,O,O,O,O,2,20,19,2.1052631578947367
314,Q,H,O,O,O,O,O,U,O,U,O,O,O,O,O,O,O,U,O,O,O,3,20,16,3.75
315,S,O,O,O,O,O,H,H,H,H,H,O,O,O,O,O,H,H,H,H,H,2,20,10,4.0
316,E,U,O,U,U,U,H,H,H,H,H,U,O,U,U,U,H,H,H,H,H,3,20,10,6.0
317,H,U,O,U,U,U,H,H,H,H,H,U,U,U,U,U,H,H,H,H,H,3,20,10,6.0
318,W,U,U,O,U,U,U,U,U,U,U,U,U,O,U,U,U,U,U,U,U,2,20,18,2.2222222222222223
319,R,S,U,U,U,U,S,S,S,S,S,S,U,U,U,U,S,S,S,S,S,2,20,12,3.3333333333333335
320,V,U,U,U,S,U,S,S,S,S,S,U,U,U,S,U,S,S,S,S,S,2,20,12,3.3333333333333335
321,I,U,U,U,U,U,S,S,S,S,S,U,U,U,U,U,S,S,S,S,S,2,20,10,4.0
322,E,U,U,U,U,U,S,S,S,S,S,U,U,U,U,U,S,S,S,S,S,2,20,10,4.0
323,V,O,S,O,O,O,S,S,S,S,S,O,S,O,O,O,S,S,S,S,S,2,20,12,3.3333333333333335
324,T,O,S,O,O,O,U,U,U,U,U,O,S,O,O,O,S,S,S,S,S,3,20,8,7.5
325,E,U,S,U,U,U,U,U,U,U,U,U,S,U,U,U,S,S,S,S,S,2,20,13,3.076923076923077
326,V,U,S,S,S,S,S,S,S,S,S,U,S,S,S,S,S,S,S,S,S,2,20,18,2.2222222222222223
327,T,U,S,S,S,S,S,S,S,S,S,U,S,S,S,S,S,S,S,S,S,2,20,18,2.2222222222222223
328,A,U,S,U,S,S,S,S,S,S,S,U,S,U,S,S,S,S,S,S,S,2,20,16,2.5
329,V,O,O,H,O,O,H,H,H,H,H,O,O,O,O,O,H,H,H,H,H,2,20,11,3.6363636363636362
330,A,O,O,H,O,O,H,H,H,H,H,O,O,H,O,U,H,H,H,H,H,3,20,12,5.0
331,D,O,O,H,O,O,H,H,H,H,H,O,O,H,O,O,H,H,H,H,H,2,20,12,3.3333333333333335
332,L,O,O,H,O,O,H,H,H,H,H,O,O,H,O,O,H,H,H,H,H,2,20,12,3.3333333333333335
333,L,O,U,U,O,O,O,O,O,O,O,O,U,O,O,O,O,O,O,O,O,2,20,17,2.3529411764705883
334,P,O,O,U,U,U,U,U,U,U,U,O,O,U,U,U,U,U,U,U,U,2,20,16,2.5
335,Q,O,O,O,H,O,H,H,H,H,H,O,O,O,H,H,O,O,O,O,O,2,20,12,3.3333333333333335
336,P,H,O,O,H,H,H,H,H,H,H,H,O,O,H,H,O,O,O,O,O,2,20,11,3.6363636363636362
337,I,H,O,H,H,H,H,H,H,H,H,H,O,O,H,H,H,H,H,H,H,2,20,17,2.3529411764705883
338,R,H,O,H,H,H,H,H,H,H,H,H,O,H,H,H,H,H,H,H,H,2,20,18,2.2222222222222223
339,G,H,O,H,H,H,H,H,H,H,H,H,O,H,H,H,H,H,H,H,H,2,20,18,2.2222222222222223
340,Q,H,O,H,H,H,H,H,H,H,H,H,O,H,H,H,H,H,H,H,H,2,20,18,2.2222222222222223
341,V,H,H,H,H,H,H,H,H,H,H,H,H,H,H,H,H,H,H,H,H,1,20,20,1.0
342,K,H,H,H,H,H,H,H,H,H,H,H,H,H,H,H,H,H,H,H,H,1,20,20,1.0
343,D,H,H,H,H,H,H,H,H,H,H,H,H,H,H,H,H,H,H,H,H,1,20,20,1.0
344,L,H,H,H,H,H,H,H,H,H,H,H,H,H,H,H,H,H,H,H,H,1,20,20,1.0
345,L,H,H,H,H,H,O,H,H,H,H,H,H,H,H,H,H,H,H,H,O,2,20,18,2.2222222222222223
346,K,O,H,H,H,H,U,U,U,U,U,H,H,H,H,H,U,U,U,U,U,3,20,10,6.0
347,P,O,H,H,H,H,U,U,U,U,U,H,H,H,H,H,O,O,O,O,O,3,20,9,6.666666666666667
348,L,O,H,H,H,H,S,S,S,S,S,H,H,H,H,H,S,S,S,S,S,3,20,10,6.0
349,L,O,H,H,H,H,S,S,S,S,S,O,H,H,H,H,S,S,S,S,S,3,20,10,6.0
350,G,H,H,H,H,H,S,S,S,S,S,H,H,H,H,H,S,S,S,S,S,2,20,10,4.0
351,K,H,H,H,H,H,S,S,S,S,S,H,H,H,H,H,S,S,S,S,S,2,20,10,4.0
352,W,H,H,H,H,H,S,S,S,S,S,H,H,H,H,H,S,S,S,S,S,2,20,10,4.0
353,V,H,H,U,H,O,S,S,S,S,S,H,H,U,H,O,S,S,S,S,S,4,20,10,8.0
354,D,H,H,U,H,U,U,U,U,U,U,O,H,U,H,U,S,S,U,U,U,4,20,12,6.666666666666667
355,V,O,O,U,H,U,S,S,S,S,S,O,O,U,H,U,S,S,S,S,S,4,20,10,8.0
356,E,U,O,U,H,U,S,S,S,S,S,U,O,U,H,U,S,S,S,S,S,4,20,10,8.0
357,K,U,U,U,U,U,S,S,S,S,S,U,U,U,U,U,S,S,S,S,S,2,20,10,4.0
358,V,U,U,U,O,U,U,U,U,U,U,U,U,U,O,U,U,U,U,U,U,2,20,18,2.2222222222222223
359,P,U,U,U,O,U,O,O,H,H,O,U,U,U,O,U,O,O,O,O,O,3,20,10,6.0
360,G,U,U,U,U,S,O,O,H,H,O,U,U,U,U,U,O,O,O,O,O,4,20,9,8.88888888888889
361,L,U,U,U,U,U,U,U,H,H,U,U,U,U,U,U,U,U,U,U,U,2,20,18,2.2222222222222223
362,E,U,U,U,O,U,O,O,O,O,O,U,U,U,O,U,O,O,O,O,O,2,20,12,3.3333333333333335
363,S,U,U,U,O,U,O,O,O,O,O,U,U,U,O,U,O,O,O,O,O,2,20,12,3.3333333333333335
364,L,U,U,U,O,U,O,O,O,O,O,U,U,U,O,U,O,O,O,O,O,2,20,12,3.3333333333333335
365,P,U,U,U,O,U,O,O,O,O,O,U,U,U,O,U,O,O,O,O,O,2,20,12,3.3333333333333335
366,V,U,U,U,U,U,O,O,O,O,O,U,U,U,U,U,O,O,O,O,O,2,20,10,4.0
367,S,U,U,U,O,U,U,U,U,U,U,U,U,U,O,U,U,U,U,U,U,2,20,18,2.2222222222222223
368,V,U,U,U,U,U,U,U,U,U,U,U,U,U,U,U,U,U,U,U,U,1,20,20,1.0
369,Y,U,U,U,O,U,S,S,S,S,S,U,U,U,O,U,S,S,S,S,S,3,20,10,6.0
370,R,U,U,U,U,U,S,S,S,S,S,U,U,U,U,U,S,S,S,S,S,2,20,10,4.0
371,P,U,O,U,O,U,S,S,S,S,S,U,O,U,O,U,S,S,S,S,S,3,20,10,6.0
372,K,U,O,U,O,U,U,O,O,O,U,U,O,U,O,U,U,U,U,U,U,2,20,13,3.076923076923077
373,G,U,U,U,U,U,O,O,O,O,O,U,U,U,U,U,O,O,O,O,O,2,20,10,4.0
374,A,U,U,U,O,O,U,U,U,O,U,U,U,U,O,O,U,U,U,U,U,2,20,15,2.6666666666666665
375,I,U,O,O,O,O,U,U,U,U,U,U,O,O,O,O,U,U,U,U,U,2,20,12,3.3333333333333335
376,P,O,U,O,O,O,U,U,U,U,U,O,U,O,O,O,U,U,U,U,U,2,20,12,3.3333333333333335
377,A,O,O,O,O,O,O,O,O,O,O,O,O,O,O,O,O,O,O,O,O,1,20,20,1.0
378,G,O,O,U,U,U,O,O,O,O,O,O,O,U,U,U,O,O,O,O,O,2,20,14,2.857142857142857
379,W,O,U,U,U,S,U,U,U,U,U,U,U,S,U,S,U,U,U,U,U,3,20,16,3.75
380,F,U,U,U,U,U,S,S,S,S,S,U,U,U,U,U,S,S,S,S,S,2,20,10,4.0
381,W,U,U,U,U,U,S,S,S,S,S,U,U,U,U,U,S,S,S,S,S,2,20,10,4.0
382,L,U,O,U,S,U,U,U,U,U,U,U,O,U,S,U,U,U,U,U,U,3,20,16,3.75
383,G,U,U,U,U,U,U,U,U,U,U,U,U,U,U,U,U,U,U,U,U,1,20,20,1.0
384,D,U,U,U,U,U,U,U,U,U,U,U,U,U,U,U,U,U,U,U,U,1,20,20,1.0
385,T,U,O,U,O,U,S,S,S,U,S,U,O,U,O,U,S,S,S,S,S,3,20,9,6.666666666666667
386,A,U,S,S,U,U,O,O,O,U,O,U,S,S,U,U,O,O,O,O,O,3,20,9,6.666666666666667
387,D,U,U,U,O,U,U,U,U,U,U,U,U,U,O,U,U,U,U,U,U,2,20,18,2.2222222222222223
388,A,O,O,O,O,O,O,O,O,O,O,O,O,O,O,O,O,O,O,O,O,1,20,20,1.0
389,S,O,O,O,O,O,O,O,O,O,O,O,O,O,O,O,O,O,O,O,O,1,20,20,1.0
390,K,O,O,U,U,U,U,U,U,U,U,O,O,U,U,U,S,S,U,U,U,3,20,14,4.285714285714286
391,A,U,U,S,U,U,S,S,S,S,S,U,U,S,U,U,S,S,S,S,S,2,20,12,3.3333333333333335
392,L,U,U,U,S,U,S,S,S,S,S,U,U,U,S,U,S,S,S,S,S,2,20,12,3.3333333333333335
393,L,O,U,U,U,O,S,S,S,S,S,O,U,U,U,O,S,S,S,S,S,3,20,10,6.0
394,V,U,U,U,U,U,S,S,S,S,S,U,U,U,U,U,S,S,S,S,S,2,20,10,4.0
395,K,U,U,U,U,U,S,S,S,S,S,U,U,U,U,U,S,S,S,S,S,2,20,10,4.0
396,P,U,U,U,U,U,S,S,S,S,S,U,U,U,U,U,S,S,S,S,S,2,20,10,4.0
397,T,U,O,U,U,U,O,O,O,O,O,U,O,U,U,U,O,O,O,O,O,2,20,12,3.3333333333333335
398,L,U,U,U,U,U,O,O,O,O,O,U,U,U,U,U,O,O,O,O,O,2,20,10,4.0
399,P,U,U,U,U,S,U,U,U,U,U,O,U,S,U,S,U,U,U,U,U,3,20,16,3.75
400,A,U,O,U,U,O,U,U,U,U,U,U,O,U,U,O,U,U,U,U,U,2,20,16,2.5
401,R,U,O,O,U,U,U,S,O,S,U,U,O,O,U,U,U,U,U,U,U,3,20,13,4.615384615384615
402,S,U,U,U,U,U,O,O,O,O,O,U,U,U,U,U,O,O,O,O,O,2,20,10,4.0
403,G,U,U,U,O,U,O,O,O,O,O,U,U,U,O,U,O,O,O,O,O,2,20,12,3.3333333333333335
404,R,O,U,O,U,U,O,S,U,S,O,O,U,O,U,U,U,U,O,O,U,3,20,10,6.0
405,N,U,U,U,U,U,U,U,U,U,U,U,U,U,U,U,U,U,U,U,U,1,20,20,1.0
406,P,U,U,U,U,U,U,U,U,U,U,U,U,U,U,U,U,U,U,U,U,1,20,20,1.0
407,A,U,U,U,U,U,O,O,O,O,O,U,U,U,U,U,O,O,O,O,O,2,20,10,4.0
408,L,U,O,U,U,U,S,S,S,S,S,U,O,U,U,U,S,S,S,S,S,3,20,10,6.0
409,T,U,U,U,U,U,S,S,S,S,S,U,U,U,U,U,S,S,S,S,S,2,20,10,4.0
410,S,O,U,U,U,U,S,S,S,S,S,O,U,U,U,U,U,U,U,U,U,3,20,13,4.615384615384615
411,L,O,S,U,U,U,S,S,S,S,S,O,S,U,U,U,S,S,S,S,S,3,20,12,5.0
412,H,U,U,U,U,U,S,S,S,S,S,U,U,U,U,U,S,S,S,S,S,2,20,10,4.0
413,Q,U,U,U,O,U,S,U,S,S,S,U,U,U,O,U,S,S,U,U,U,3,20,12,5.0
414,G,U,O,O,O,U,U,O,U,U,U,U,O,U,O,U,U,U,U,U,U,2,20,14,2.857142857142857
415,S,U,U,O,S,O,O,O,U,O,U,U,U,O,S,O,O,O,O,U,O,3,20,11,5.454545454545454
416,G,U,U,U,U,O,O,O,O,O,S,U,U,U,U,O,O,O,O,O,O,3,20,11,5.454545454545454
417,M,O,U,O,U,U,O,O,O,O,O,O,U,O,U,U,O,O,O,O,O,2,20,14,2.857142857142857
418,T,O,U,O,U,U,U,O,U,O,U,O,U,U,U,U,U,U,U,S,U,3,20,14,4.285714285714286
419,E,U,O,U,U,U,U,U,U,U,U,U,O,U,U,U,U,U,U,O,U,2,20,17,2.3529411764705883
420,Q,U,O,U,U,O,U,U,U,U,U,S,O,U,U,O,O,O,O,O,O,3,20,10,6.0
421,P,U,U,U,U,U,S,U,S,S,S,U,U,U,U,U,S,S,U,U,U,2,20,14,2.857142857142857
422,F,U,U,O,U,U,S,S,S,S,S,U,U,O,U,U,S,S,S,S,S,3,20,10,6.0
423,V,U,U,O,U,O,S,S,S,S,S,U,U,O,U,O,S,S,S,S,S,3,20,10,6.0
424,D,U,S,O,O,U,O,O,O,O,O,U,S,O,O,U,O,O,O,O,O,3,20,14,4.285714285714286
425,L,U,U,U,O,U,O,O,O,O,O,U,U,U,O,U,O,O,O,O,O,2,20,12,3.3333333333333335
426,P,O,U,O,O,O,O,O,O,O,O,O,U,O,O,O,O,O,O,O,O,2,20,18,2.2222222222222223
427,Q,O,O,O,O,O,O,O,O,O,O,O,O,O,O,O,O,O,O,O,O,1,20,20,1.0
428,Y,U,O,U,U,U,U,U,U,U,U,U,O,U,U,U,U,U,U,U,U,2,20,18,2.2222222222222223
429,Q,U,O,U,S,U,S,S,S,S,S,U,O,U,S,U,S,S,S,S,S,3,20,12,5.0
430,Y,U,U,U,U,U,U,U,U,U,U,U,U,U,U,U,U,U,U,U,U,1,20,20,1.0
431,L,U,U,U,U,U,O,O,O,O,O,U,U,U,U,U,O,O,O,O,O,2,20,10,4.0
432,S,U,U,U,U,U,O,O,O,O,O,U,U,U,U,U,O,O,O,O,O,2,20,10,4.0
433,T,U,U,U,U,U,U,U,U,U,U,U,U,U,U,U,U,U,U,U,U,1,20,20,1.0
434,Y,U,U,U,O,U,U,U,U,U,U,S,U,U,O,U,U,U,U,U,U,3,20,17,3.5294117647058822
435,F,U,U,U,O,U,U,U,U,U,U,U,U,U,O,U,O,O,U,U,U,2,20,16,2.5
436,G,U,U,U,O,U,O,O,O,O,O,U,U,S,O,U,O,O,O,O,O,3,20,12,5.0
437,S,O,O,O,U,U,U,U,U,U,U,O,O,O,U,U,U,U,U,U,U,2,20,14,2.857142857142857
438,F,O,O,O,U,O,U,U,U,U,U,O,O,O,U,O,U,U,U,U,U,2,20,12,3.3333333333333335
439,A,O,U,O,O,O,U,U,U,U,U,O,U,O,O,O,U,U,U,S,S,3,20,10,6.0
440,H,U,U,O,U,U,O,O,O,O,O,U,U,O,U,U,O,O,O,O,O,2,20,12,3.3333333333333335
441,D,U,U,U,U,U,O,O,O,O,O,U,U,S,U,U,O,O,O,O,O,3,20,10,6.0
442,T,U,U,U,U,U,O,O,O,O,O,U,U,U,U,U,O,O,O,S,S,3,20,10,6.0
443,P,U,U,U,U,U,O,H,O,O,H,U,U,U,U,U,O,O,U,U,U,3,20,13,4.615384615384615
444,P,U,U,U,O,U,O,H,O,O,H,U,U,U,O,U,O,O,O,O,O,3,20,10,6.0
445,G,U,U,U,O,U,H,H,H,H,H,U,U,U,O,U,H,H,O,U,O,3,20,9,6.666666666666667
446,S,O,O,O,O,O,H,H,H,H,H,O,O,O,O,O,H,H,O,O,O,2,20,13,3.076923076923077
447,T,U,O,O,U,O,H,O,H,H,O,O,O,O,U,O,H,H,O,O,O,3,20,12,5.0
448,L,U,U,U,U,U,S,S,S,S,S,O,U,U,U,U,S,S,S,S,S,3,20,10,6.0
449,R,U,U,U,U,U,S,S,S,S,S,U,U,U,U,U,U,U,U,U,U,2,20,15,2.6666666666666665
450,G,U,U,U,U,U,S,S,S,S,S,U,U,U,U,U,S,S,S,S,S,2,20,10,4.0
451,L,U,U,U,S,U,S,S,S,S,S,U,U,U,S,U,S,S,S,S,S,2,20,12,3.3333333333333335
452,R,U,U,U,O,U,U,U,U,U,U,U,U,U,O,U,U,U,U,U,U,2,20,18,2.2222222222222223
453,P,H,O,O,O,O,H,H,H,H,O,H,O,O,O,H,H,H,H,H,H,2,20,12,3.3333333333333335
454,D,H,O,O,O,O,H,H,H,H,O,H,O,O,O,H,H,H,H,H,H,2,20,12,3.3333333333333335
455,H,H,O,O,O,O,H,H,H,H,O,H,O,O,O,H,H,H,H,H,H,2,20,12,3.3333333333333335
456,V,U,U,U,U,S,S,S,S,S,S,U,U,U,U,S,S,S,S,S,S,2,20,12,3.3333333333333335
457,L,U,U,U,U,S,S,S,S,S,S,U,U,U,U,S,S,S,S,S,S,2,20,12,3.3333333333333335
458,P,U,U,U,U,S,S,S,S,S,S,U,U,U,U,S,S,S,S,S,S,2,20,12,3.3333333333333335
459,G,S,U,U,U,S,S,S,S,S,S,U,U,U,U,S,U,S,U,U,S,2,20,10,4.0
460,R,U,U,U,U,S,S,S,S,S,S,U,U,U,U,S,S,S,S,S,S,2,20,12,3.3333333333333335
461,Y,U,U,U,U,U,S,S,S,S,S,U,U,U,U,U,S,S,S,S,S,2,20,10,4.0
462,E,U,U,U,U,U,S,S,S,S,S,U,U,U,U,U,S,S,S,S,S,2,20,10,4.0
463,M,U,U,S,U,U,S,S,S,S,S,U,U,U,U,U,S,S,S,S,S,2,20,11,3.6363636363636362
464,H,U,S,U,O,U,S,S,S,S,S,U,S,U,O,U,S,S,S,S,S,3,20,12,5.0
465,G,U,U,U,O,U,O,U,U,O,U,U,U,U,O,U,U,U,O,O,U,2,20,14,2.857142857142857
466,D,U,O,U,O,U,O,O,O,O,O,U,O,U,O,U,O,O,O,O,O,2,20,14,2.857142857142857
467,T,O,U,O,U,O,O,O,O,O,O,U,U,O,U,O,O,O,O,O,O,2,20,15,2.6666666666666665
468,I,U,U,O,U,O,O,O,O,O,O,U,U,O,U,O,O,O,O,O,O,2,20,14,2.857142857142857
469,S,O,O,O,O,O,O,O,O,O,O,O,O,O,O,O,O,O,O,O,O,1,20,20,1.0
470,T,O,O,O,O,O,O,O,O,O,O,O,O,O,O,O,O,O,O,O,O,1,20,20,1.0
471,A,U,U,U,U,U,U,U,U,U,U,U,U,U,U,U,U,U,U,U,U,1,20,20,1.0
472,V,U,U,U,U,U,S,S,S,S,S,U,S,U,U,U,S,S,S,S,S,2,20,11,3.6363636363636362
473,Y,U,S,U,U,U,S,S,S,S,S,U,S,U,U,U,S,S,S,S,S,2,20,12,3.3333333333333335
474,V,U,S,U,O,U,S,S,S,S,S,U,S,U,O,U,S,S,S,S,S,3,20,12,5.0
475,T,U,U,U,O,U,S,S,S,S,S,U,U,U,O,U,S,S,S,S,S,3,20,10,6.0
476,R,U,U,U,O,U,S,S,S,S,S,U,U,U,O,U,S,S,S,S,S,3,20,10,6.0
477,P,U,U,U,U,U,S,S,S,S,S,U,U,U,U,U,U,S,U,U,S,2,20,13,3.076923076923077
478,V,U,U,U,U,S,U,U,U,U,U,U,U,U,U,S,U,U,U,U,U,2,20,18,2.2222222222222223
479,D,S,U,U,U,U,U,U,U,U,U,U,U,U,U,U,U,U,U,U,U,2,20,19,2.1052631578947367
480,V,O,O,O,O,O,U,U,U,U,U,O,O,O,O,O,U,U,U,U,U,2,20,10,4.0
481,P,O,O,O,O,O,O,O,O,O,O,O,O,O,O,O,O,O,O,O,O,1,20,20,1.0
482,F,U,O,O,O,O,O,O,O,O,O,U,O,O,O,O,O,O,O,O,O,2,20,18,2.2222222222222223
483,P,U,U,U,U,U,U,U,U,U,U,U,U,U,U,U,U,U,H,H,H,2,20,17,2.3529411764705883
484,E,U,U,U,U,U,O,O,O,O,O,U,U,U,U,U,O,O,H,H,H,3,20,10,6.0
485,D,O,U,U,O,U,O,O,O,O,O,O,U,U,O,U,O,O,H,H,H,3,20,11,5.454545454545454
486,E,O,U,U,O,U,U,U,U,U,U,O,U,U,O,U,U,U,U,U,U,2,20,16,2.5
487,C,O,U,U,O,U,S,S,S,U,S,O,U,U,O,U,S,S,S,S,S,3,20,9,6.666666666666667
488,F,U,O,U,O,U,U,U,S,U,U,U,O,U,O,U,U,U,U,U,U,3,20,15,4.0
489,D,U,O,O,U,U,U,U,U,U,U,U,U,U,U,U,U,U,U,U,U,2,20,18,2.2222222222222223
490,L,U,O,O,U,U,U,U,U,U,U,U,O,O,U,U,U,U,U,U,U,2,20,16,2.5
491,K,O,O,O,O,O,U,U,U,U,U,O,O,O,O,O,U,U,U,U,U,2,20,10,4.0
492,S,O,S,O,O,O,S,S,S,S,S,O,S,O,O,O,S,S,S,S,S,2,20,12,3.3333333333333335
493,L,U,O,U,U,U,S,S,S,S,S,U,O,U,U,U,S,S,S,S,S,3,20,10,6.0
494,V,O,U,U,U,U,S,S,S,S,S,O,U,U,U,U,S,S,S,S,S,3,20,10,6.0
495,R,U,U,U,U,O,S,S,S,S,S,U,U,O,U,O,S,S,S,U,S,3,20,9,6.666666666666667
496,V,U,U,O,U,O,O,O,O,O,O,U,U,O,U,O,O,O,U,S,U,3,20,11,5.454545454545454
497,K,O,S,S,U,O,O,O,O,O,O,O,S,U,U,O,O,O,U,O,U,3,20,12,5.0
498,L,U,S,U,O,U,U,U,U,U,U,U,S,U,O,U,U,U,U,U,U,3,20,16,3.75
499,P,U,U,O,O,U,O,O,O,O,O,U,S,U,O,U,O,O,O,U,O,3,20,12,5.0
500,G,O,O,O,U,O,O,O,O,O,O,O,U,O,U,O,O,O,O,U,O,2,20,16,2.5
501,S,U,U,O,U,U,O,O,O,O,S,U,U,O,U,U,O,O,O,O,O,3,20,11,5.454545454545454
502,G,U,U,U,O,U,O,O,O,U,O,U,U,U,O,U,O,O,U,U,U,2,20,12,3.3333333333333335
503,N,O,O,O,U,O,U,U,U,U,U,O,O,O,U,O,U,U,U,U,U,2,20,12,3.3333333333333335
504,P,O,O,O,O,O,U,U,U,U,U,O,O,O,O,O,U,U,U,U,U,2,20,10,4.0
505,P,U,U,U,O,U,U,U,U,U,U,U,U,U,O,U,U,U,U,U,U,2,20,18,2.2222222222222223
506,K,U,U,O,U,U,U,U,U,U,U,U,U,O,U,O,U,U,U,U,U,2,20,17,2.3529411764705883
507,P,O,O,U,U,O,U,U,U,U,U,O,O,U,U,O,U,U,U,U,U,2,20,14,2.857142857142857
508,R,U,U,O,O,U,U,U,U,U,U,U,U,O,O,U,U,U,U,U,U,2,20,16,2.5
509,S,O,U,O,U,S,S,S,S,S,S,O,U,O,U,S,S,S,S,S,S,3,20,12,5.0
510,A,U,O,O,U,S,S,S,S,S,S,O,O,O,U,S,S,S,S,S,S,3,20,12,5.0
511,L,U,U,O,O,S,S,S,S,S,S,U,U,O,O,S,S,S,S,S,S,3,20,12,5.0
512,K,U,O,U,O,S,S,S,S,U,S,U,O,O,O,S,S,S,S,S,S,3,20,11,5.454545454545454
513,K,O,O,O,O,S,H,H,H,O,O,O,O,O,O,S,H,H,H,H,H,3,20,10,6.0
514,S,O,O,O,O,O,H,H,H,O,O,O,O,O,O,O,H,H,H,H,H,2,20,12,3.3333333333333335
515,M,U,O,O,O,O,H,H,H,O,O,U,O,O,O,O,H,H,H,H,H,3,20,10,6.0
516,V,U,U,U,U,O,S,S,S,S,S,U,U,U,U,O,S,S,S,S,S,3,20,10,6.0
517,L,O,U,U,U,U,S,S,S,S,S,O,O,U,U,U,S,S,S,S,S,3,20,10,6.0
518,F,U,O,U,U,U,O,O,U,U,O,U,O,U,U,U,U,U,S,U,U,3,20,14,4.285714285714286
519,D,U,U,U,O,U,U,U,U,U,U,U,U,U,O,U,U,U,O,U,U,2,20,17,2.3529411764705883
520,S,U,U,U,O,O,U,H,U,O,U,U,U,U,O,O,O,U,O,O,U,3,20,11,5.454545454545454
521,G,U,O,U,S,O,O,H,O,O,O,U,O,O,S,O,O,U,O,U,U,4,20,11,7.2727272727272725
522,E,U,U,U,U,U,O,H,O,U,O,U,U,U,U,U,U,U,U,U,U,3,20,16,3.75
523,K,U,U,U,U,U,U,U,U,U,U,U,U,U,U,U,U,U,U,U,U,1,20,20,1.0
