Pos,Res,Q816F1_CIT_model1_dssp_acc_SS,Q816F1_CIT_model2_dssp_acc_SS,Q816F1_CIT_model3_dssp_acc_SS,Q816F1_CIT_model4_dssp_acc_SS,Q816F1_CIT_model5_dssp_acc_SS,Q816F1_full_model_500951_1_dssp_acc_SS,Q816F1_full_model_500951_2_dssp_acc_SS,Q816F1_full_model_500951_3_dssp_acc_SS,Q816F1_full_model_500951_4_dssp_acc_SS,Q816F1_full_model_500951_5_dssp_acc_SS,Q816F1_IT_model1_dssp_acc_SS,Q816F1_IT_model2_dssp_acc_SS,Q816F1_IT_model3_dssp_acc_SS,Q816F1_IT_model4_dssp_acc_SS,Q816F1_IT_model5_dssp_acc_SS,Q816F1_ranked_0_dssp_acc_SS,Q816F1_ranked_1_dssp_acc_SS,Q816F1_ranked_2_dssp_acc_SS,Q816F1_ranked_3_dssp_acc_SS,Q816F1_ranked_4_dssp_acc_SS,dssp_k,dssp_N,dssp_n1,dssp_vkabat
1,M,U,U,U,U,U,U,U,U,U,U,U,U,U,U,U,U,U,U,U,U,1,20,20,1.0
2,R,U,U,O,U,U,U,U,U,U,U,U,U,U,U,U,U,U,U,U,U,2,20,19,2.1052631578947367
3,E,O,O,O,O,O,U,U,U,U,U,U,O,O,O,U,U,U,U,U,U,2,20,12,3.3333333333333335
4,T,U,O,O,O,U,U,U,U,U,U,U,O,U,O,U,U,U,U,U,U,2,20,15,2.6666666666666665
5,F,O,U,U,U,S,U,U,U,U,U,U,U,U,U,U,U,U,U,U,U,3,20,18,3.3333333333333335
6,E,O,U,U,U,U,U,U,U,U,U,S,U,S,O,U,U,U,U,U,U,3,20,16,3.75
7,I,S,O,O,O,O,O,O,O,O,O,O,O,O,O,U,O,O,O,O,O,3,20,18,3.3333333333333335
8,G,S,O,O,O,O,O,O,O,O,O,O,O,S,O,U,O,O,O,O,O,3,20,17,3.5294117647058822
9,E,S,U,U,S,U,U,U,U,U,U,U,S,S,U,O,U,U,U,U,U,3,20,15,4.0
10,I,U,U,U,S,U,S,S,S,S,S,S,S,S,U,U,S,S,S,S,S,2,20,14,2.857142857142857
11,V,U,S,U,S,S,S,S,S,S,S,S,S,S,S,S,S,S,S,S,S,2,20,18,2.2222222222222223
12,T,S,U,S,S,S,S,S,S,S,S,S,S,S,S,U,S,S,S,S,S,2,20,18,2.2222222222222223
13,G,U,U,S,S,S,S,S,S,S,S,S,S,S,S,U,S,S,S,S,S,2,20,17,2.3529411764705883
14,I,U,S,S,S,S,S,S,S,S,S,U,U,S,S,S,S,S,S,S,S,2,20,17,2.3529411764705883
15,Y,U,O,S,S,O,S,S,S,S,S,U,U,O,S,S,S,S,S,S,S,3,20,14,4.285714285714286
16,K,O,O,O,O,O,O,O,O,O,O,O,O,O,O,O,O,O,O,O,O,1,20,20,1.0
17,T,O,O,O,O,O,O,O,O,O,O,O,O,O,O,O,O,O,O,O,O,1,20,20,1.0
18,G,O,O,S,O,S,S,S,S,S,S,O,O,O,S,S,S,S,S,S,S,2,20,14,2.857142857142857
19,K,U,S,S,S,S,S,S,S,S,S,U,U,S,S,S,S,S,S,S,S,2,20,17,2.3529411764705883
20,Y,U,S,S,S,S,S,S,S,S,S,S,S,S,S,U,S,S,S,S,S,2,20,18,2.2222222222222223
21,I,S,U,S,S,S,S,S,S,S,S,S,S,S,S,U,S,S,S,S,S,2,20,18,2.2222222222222223
22,G,S,S,S,S,S,S,S,S,S,S,S,S,S,S,S,S,S,S,S,S,1,20,20,1.0
23,E,S,S,U,S,U,S,S,S,S,S,S,S,S,S,S,S,S,S,S,S,2,20,18,2.2222222222222223
24,V,S,S,U,S,U,S,S,S,S,S,S,S,S,S,S,S,S,S,S,S,2,20,18,2.2222222222222223
25,T,S,U,U,S,U,S,S,S,S,S,U,S,S,U,S,S,S,S,S,S,2,20,15,2.6666666666666665
26,N,S,U,S,S,S,S,S,S,S,S,S,S,S,U,U,S,S,S,S,S,2,20,17,2.3529411764705883
27,S,S,U,U,S,U,S,S,S,S,S,U,S,S,O,U,S,S,S,S,S,3,20,14,4.285714285714286
28,R,S,O,O,S,O,S,S,S,S,S,O,S,O,O,U,S,S,S,S,S,3,20,13,4.615384615384615
29,P,O,O,O,O,O,O,O,O,O,O,O,O,O,O,O,O,O,O,O,O,1,20,20,1.0
30,G,O,O,O,O,O,O,O,O,O,O,O,O,O,O,O,O,O,O,O,O,1,20,20,1.0
31,S,S,U,U,S,U,S,S,S,S,S,O,S,O,U,U,S,S,S,S,S,3,20,13,4.615384615384615
32,Y,S,U,S,S,U,S,S,S,S,S,U,S,S,U,U,S,S,S,S,S,2,20,15,2.6666666666666665
33,V,S,S,U,S,U,S,S,S,S,S,U,S,S,U,S,S,S,S,S,S,2,20,16,2.5
34,V,S,S,U,S,U,S,S,S,S,S,S,S,S,S,S,S,S,S,S,S,2,20,18,2.2222222222222223
35,K,S,S,U,S,S,S,S,S,S,S,S,S,S,S,S,S,S,S,S,S,2,20,19,2.1052631578947367
36,V,S,U,U,S,S,S,S,S,S,S,U,S,S,S,U,S,S,S,S,S,2,20,16,2.5
37,L,S,U,U,S,U,S,S,S,S,S,U,S,S,S,U,S,S,S,S,S,2,20,15,2.6666666666666665
38,A,S,U,U,S,U,S,S,S,S,S,S,S,S,S,U,S,S,S,S,S,2,20,16,2.5
39,V,U,S,U,U,U,S,S,S,S,S,S,S,S,S,U,S,S,S,S,S,2,20,15,2.6666666666666665
40,L,O,S,U,U,U,S,S,S,S,S,U,O,S,O,S,S,S,S,S,S,3,20,13,4.615384615384615
41,K,O,O,O,O,O,S,S,S,S,S,O,O,O,O,O,S,S,S,S,S,2,20,10,4.0
42,H,U,U,O,O,O,U,U,U,U,U,O,O,U,U,O,U,U,U,U,U,2,20,14,2.857142857142857
43,P,U,O,U,U,U,U,U,U,U,U,U,U,O,U,O,U,U,U,U,U,2,20,17,2.3529411764705883
44,V,O,O,O,O,O,U,U,U,U,U,O,O,O,S,O,U,U,U,U,U,3,20,10,6.0
45,Q,O,O,O,O,O,H,O,O,H,O,O,O,O,O,O,U,U,U,U,U,3,20,13,4.615384615384615
46,G,O,O,O,O,O,H,O,O,H,H,O,O,O,O,O,O,O,O,O,O,2,20,17,2.3529411764705883
47,D,O,O,S,O,U,H,O,O,H,H,O,O,O,O,U,U,U,U,U,U,4,20,9,8.88888888888889
48,L,O,O,O,O,O,O,O,O,O,H,O,O,O,O,S,O,O,O,O,O,3,20,18,3.3333333333333335
49,H,U,U,U,O,S,O,O,O,O,O,U,U,U,S,O,O,O,O,O,O,3,20,12,5.0
50,N,U,U,O,O,S,U,U,O,O,U,U,U,S,U,U,O,O,O,O,O,3,20,9,6.666666666666667
51,V,U,U,U,O,S,O,O,O,O,O,U,S,S,U,O,O,O,O,O,O,3,20,12,5.0
52,K,U,U,S,O,U,O,O,O,O,O,U,U,S,U,O,O,O,O,O,O,3,20,12,5.0
53,Q,U,U,S,O,U,U,O,O,U,O,O,U,O,U,U,U,U,U,U,U,3,20,13,4.615384615384615
54,A,O,O,O,O,O,U,U,U,O,U,O,O,O,O,U,O,O,O,O,O,2,20,15,2.6666666666666665
55,N,O,O,O,O,O,U,U,U,O,U,O,O,O,O,O,U,O,U,U,U,2,20,12,3.3333333333333335
56,V,O,U,S,O,U,U,U,U,O,O,U,O,U,U,O,O,O,O,O,O,3,20,11,5.454545454545454
57,P,U,U,S,U,U,H,H,H,O,O,U,O,S,U,U,O,O,O,O,O,4,20,8,10.0
58,F,U,U,U,U,S,H,H,H,O,O,U,U,S,U,U,U,U,U,O,O,4,20,11,7.2727272727272725
59,F,O,U,U,U,S,H,H,H,H,H,O,S,S,U,O,U,U,U,U,U,4,20,9,8.88888888888889
60,H,U,U,U,U,S,O,O,H,H,H,U,U,U,U,U,U,U,U,U,U,4,20,14,5.714285714285714
61,E,O,O,S,O,O,U,O,U,H,H,O,U,U,U,S,U,U,U,U,U,4,20,10,8.0
62,R,O,O,O,O,O,U,U,U,U,U,O,U,O,U,H,U,U,U,U,U,3,20,12,5.0
63,R,O,U,O,O,U,U,U,U,U,U,U,O,O,O,H,U,U,U,U,U,3,20,13,4.615384615384615
64,A,O,O,U,O,O,U,U,U,U,U,O,O,O,O,H,U,U,U,U,U,3,20,11,5.454545454545454
65,L,U,O,O,O,O,U,U,U,U,U,S,O,O,O,H,U,U,U,U,U,4,20,11,7.2727272727272725
66,A,U,O,U,U,O,U,U,U,U,U,S,U,O,U,H,U,U,U,U,U,4,20,15,5.333333333333333
67,F,U,U,O,U,U,O,O,O,O,O,U,U,O,O,H,O,O,O,O,O,3,20,13,4.615384615384615
68,R,U,U,O,U,O,O,O,O,O,O,U,U,O,O,H,O,O,O,O,O,3,20,14,4.285714285714286
69,E,S,U,U,U,U,U,U,U,U,U,U,U,U,U,O,U,U,U,U,U,3,20,18,3.3333333333333335
70,Q,U,S,O,U,S,S,S,S,S,S,S,S,S,U,O,S,S,S,S,S,3,20,15,4.0
71,T,U,S,U,U,U,S,S,S,S,S,U,S,S,O,O,S,S,S,S,S,3,20,13,4.615384615384615
72,N,U,S,U,S,U,S,S,S,S,S,U,S,S,O,O,S,S,S,S,S,3,20,14,4.285714285714286
73,I,U,U,U,S,U,S,S,S,S,S,U,S,U,U,O,S,S,S,S,S,3,20,12,5.0
74,P,U,O,U,S,U,S,S,S,S,S,U,O,U,O,U,S,S,S,S,S,3,20,11,5.454545454545454
75,E,O,O,O,H,O,H,H,H,H,H,U,O,O,U,O,H,H,H,H,H,3,20,11,5.454545454545454
76,Q,O,O,O,H,U,H,H,H,H,H,O,O,O,O,O,H,H,H,H,H,3,20,11,5.454545454545454
77,M,U,O,U,H,O,H,H,H,H,H,U,U,U,O,U,H,H,H,H,H,3,20,11,5.454545454545454
78,V,O,U,U,O,H,S,S,S,S,S,U,U,U,O,O,S,S,S,S,S,4,20,10,8.0
79,K,U,U,O,O,H,S,S,S,S,S,U,U,U,U,O,S,S,S,S,S,4,20,10,8.0
80,K,O,O,O,U,H,S,S,S,S,S,S,U,U,U,O,S,S,S,S,S,4,20,11,7.2727272727272725
81,Y,U,O,O,O,H,U,U,U,U,U,O,O,H,U,U,U,U,U,U,U,3,20,13,4.615384615384615
82,E,U,U,U,S,H,U,U,U,U,U,U,U,H,O,U,U,U,U,U,U,4,20,16,5.0
83,G,O,U,O,O,H,O,O,O,O,O,O,O,H,O,U,O,O,O,O,O,3,20,16,3.75
84,E,U,U,O,U,O,U,U,U,U,U,U,U,H,U,U,U,U,U,U,U,3,20,17,3.5294117647058822
85,I,O,U,U,U,O,U,U,U,U,U,U,O,O,U,U,U,U,U,U,U,2,20,16,2.5
86,P,O,O,O,U,O,U,U,U,U,U,U,U,U,O,U,U,U,U,U,U,2,20,15,2.6666666666666665
87,D,O,O,O,O,O,U,U,U,U,U,O,U,O,O,O,U,U,U,U,U,2,20,11,3.6363636363636362
88,Y,O,H,U,U,H,H,H,H,H,H,H,O,H,O,O,H,H,H,H,H,3,20,14,4.285714285714286
89,T,O,H,O,H,H,H,H,H,H,H,H,H,H,H,O,H,H,H,H,H,2,20,17,2.3529411764705883
90,E,O,H,O,H,H,H,H,H,H,H,H,H,H,H,H,H,H,H,H,H,2,20,18,2.2222222222222223
91,S,O,H,O,H,H,H,H,H,H,H,H,H,H,H,H,H,H,H,H,H,2,20,18,2.2222222222222223
92,L,H,H,H,H,H,H,H,H,H,H,H,H,H,H,H,H,H,H,H,H,1,20,20,1.0
93,K,H,H,H,H,H,H,H,H,H,H,H,H,H,H,H,H,H,H,H,H,1,20,20,1.0
94,L,H,H,H,H,H,H,H,H,H,H,H,H,H,H,H,H,H,H,H,H,1,20,20,1.0
95,A,H,H,H,H,H,H,H,H,H,H,H,H,H,H,H,H,H,H,H,H,1,20,20,1.0
96,L,H,H,H,H,H,H,H,H,H,H,H,H,H,H,H,H,H,H,H,H,1,20,20,1.0
97,E,H,H,H,H,H,H,H,H,H,H,H,H,H,H,H,H,H,H,H,H,1,20,20,1.0
98,T,H,H,H,H,H,H,H,H,H,H,H,H,H,H,H,H,H,H,H,H,1,20,20,1.0
99,Q,H,H,H,H,H,H,H,H,H,H,H,H,H,H,H,H,H,H,H,H,1,20,20,1.0
100,M,H,H,H,H,H,H,H,H,H,H,H,H,H,H,H,H,H,H,H,H,1,20,20,1.0
101,N,H,H,H,H,H,H,H,H,H,H,H,H,H,H,H,H,H,H,H,H,1,20,20,1.0
102,S,H,H,H,H,H,H,H,H,H,H,H,H,H,H,H,O,O,O,O,O,2,20,15,2.6666666666666665
103,F,H,O,H,H,H,H,H,H,H,H,H,H,H,H,H,O,O,O,O,O,2,20,14,2.857142857142857
104,S,H,O,H,H,H,H,H,H,H,H,H,H,H,H,H,O,O,O,O,O,2,20,14,2.857142857142857
105,E,H,O,H,H,H,O,O,O,O,O,H,H,H,H,H,O,O,O,O,O,2,20,11,3.6363636363636362
106,D,H,O,O,H,H,U,U,U,U,U,H,H,H,H,U,U,U,U,U,U,3,20,11,5.454545454545454
107,D,U,U,U,U,U,U,U,U,U,U,U,U,U,U,O,U,U,U,U,U,2,20,19,2.1052631578947367
108,S,O,O,S,O,U,O,O,O,O,O,U,O,O,U,O,O,O,O,O,O,3,20,16,3.75
109,P,O,H,O,H,H,H,H,H,H,H,H,H,H,H,O,H,H,H,H,H,2,20,17,2.3529411764705883
110,F,O,H,O,H,H,H,H,H,H,H,H,H,H,H,O,H,H,H,H,H,2,20,17,2.3529411764705883
111,A,H,H,S,H,H,H,H,H,H,H,H,H,H,H,U,H,H,H,H,H,3,20,18,3.3333333333333335
112,E,H,H,O,H,H,H,H,H,H,H,H,H,H,H,O,H,H,H,H,H,2,20,18,2.2222222222222223
113,R,H,H,H,H,H,H,H,H,H,H,H,H,H,H,O,H,H,H,H,H,2,20,19,2.1052631578947367
114,S,H,H,H,H,H,H,H,H,H,H,H,H,H,H,O,H,H,H,H,H,2,20,19,2.1052631578947367
115,L,H,H,H,H,H,H,H,H,H,H,H,H,H,H,O,H,H,H,H,H,2,20,19,2.1052631578947367
116,E,H,H,H,H,H,H,H,H,H,H,H,H,H,H,O,H,H,H,H,H,2,20,19,2.1052631578947367
117,T,H,H,H,H,H,H,H,H,H,H,H,H,H,H,O,H,H,H,H,H,2,20,19,2.1052631578947367
118,L,H,H,H,H,H,H,H,H,H,H,H,H,H,H,O,H,H,H,H,H,2,20,19,2.1052631578947367
119,Q,H,H,H,H,H,H,H,H,H,H,H,H,H,H,O,H,H,H,H,H,2,20,19,2.1052631578947367
120,Q,H,H,H,H,H,H,H,H,H,H,H,H,H,H,O,H,H,H,H,H,2,20,19,2.1052631578947367
121,L,H,H,H,H,H,H,H,H,H,H,H,H,H,H,H,H,H,H,H,H,1,20,20,1.0
122,K,H,H,H,H,H,H,H,H,H,H,H,H,H,H,H,H,H,H,H,H,1,20,20,1.0
123,K,H,H,H,H,H,H,H,H,O,H,H,H,H,H,H,H,H,H,H,H,2,20,19,2.1052631578947367
124,D,H,H,H,H,H,H,H,H,O,H,H,H,H,H,H,H,H,H,H,H,2,20,19,2.1052631578947367
125,Y,H,H,H,H,H,H,H,O,O,O,H,H,H,H,H,O,O,H,O,O,2,20,13,3.076923076923077
126,K,H,H,H,H,H,O,O,O,O,O,H,H,H,U,H,O,O,O,O,O,3,20,10,6.0
127,L,U,U,U,U,U,U,U,U,U,U,U,U,U,U,U,U,U,U,U,U,1,20,20,1.0
