Pos,Res,Q8IWU4_CIT_model1_dssp_acc_SS,Q8IWU4_CIT_model2_dssp_acc_SS,Q8IWU4_CIT_model3_dssp_acc_SS,Q8IWU4_CIT_model4_dssp_acc_SS,Q8IWU4_CIT_model5_dssp_acc_SS,Q8IWU4_full_model_499607_1_dssp_acc_SS,Q8IWU4_full_model_499607_2_dssp_acc_SS,Q8IWU4_full_model_499607_3_dssp_acc_SS,Q8IWU4_full_model_499607_4_dssp_acc_SS,Q8IWU4_full_model_499607_5_dssp_acc_SS,Q8IWU4_IT_model1_dssp_acc_SS,Q8IWU4_IT_model2_dssp_acc_SS,Q8IWU4_IT_model3_dssp_acc_SS,Q8IWU4_IT_model4_dssp_acc_SS,Q8IWU4_IT_model5_dssp_acc_SS,Q8IWU4_ranked_0_dssp_acc_SS,Q8IWU4_ranked_1_dssp_acc_SS,Q8IWU4_ranked_2_dssp_acc_SS,Q8IWU4_ranked_3_dssp_acc_SS,Q8IWU4_ranked_4_dssp_acc_SS,dssp_k,dssp_N,dssp_n1,dssp_vkabat
1,M,U,U,U,U,U,U,U,U,U,U,U,U,U,U,U,U,U,U,U,U,1,20,20,1.0
2,E,U,U,H,O,O,H,U,H,H,H,U,U,H,U,O,U,U,U,U,U,3,20,11,5.454545454545454
3,F,U,U,H,O,O,H,O,H,H,H,U,U,H,O,O,U,U,U,U,U,3,20,9,6.666666666666667
4,L,O,U,H,O,O,H,O,H,H,H,O,U,H,O,U,U,U,O,U,U,3,20,7,8.571428571428571
5,E,O,O,H,U,O,H,U,H,H,H,O,O,H,O,O,U,U,U,U,U,3,20,7,8.571428571428571
6,R,O,O,H,U,O,H,U,H,H,H,U,O,H,O,O,U,U,O,U,U,3,20,7,8.571428571428571
7,T,O,U,U,O,U,H,U,H,H,H,U,U,U,O,U,U,U,O,U,U,3,20,12,5.0
8,Y,U,U,O,U,U,H,H,H,O,H,U,U,U,U,U,U,O,U,U,U,3,20,13,4.615384615384615
9,L,U,U,U,U,S,H,H,H,O,O,U,U,U,U,U,U,O,U,U,O,4,20,12,6.666666666666667
10,V,U,U,U,U,S,H,H,O,O,U,U,U,U,U,S,U,O,O,U,O,4,20,11,7.2727272727272725
11,N,O,O,U,U,S,U,O,O,U,U,O,O,O,U,S,U,U,U,U,U,3,20,11,5.454545454545454
12,D,O,U,U,H,U,H,O,O,H,H,O,U,U,O,U,O,H,H,O,H,3,20,7,8.571428571428571
13,K,H,H,U,H,O,H,H,H,H,H,O,H,U,H,O,O,H,H,U,H,3,20,13,4.615384615384615
14,A,H,H,O,H,O,H,H,H,H,H,O,H,U,H,O,O,H,H,U,H,3,20,13,4.615384615384615
15,A,H,H,O,H,O,H,H,H,H,H,O,H,O,H,O,O,H,H,U,H,3,20,13,4.615384615384615
16,K,O,H,U,H,O,H,H,H,H,H,O,H,O,H,O,O,H,H,U,H,3,20,12,5.0
17,M,U,O,U,H,U,H,H,H,H,H,U,O,U,H,U,O,H,H,U,H,3,20,10,6.0
18,Y,U,U,U,U,S,H,H,H,H,H,U,U,U,U,S,O,H,H,U,H,4,20,9,8.88888888888889
19,A,U,U,U,U,S,H,H,H,H,H,U,U,U,U,S,O,H,H,U,H,4,20,9,8.88888888888889
20,F,U,U,U,U,S,O,H,H,H,H,U,U,U,U,U,U,H,H,U,H,4,20,11,7.2727272727272725
21,T,O,U,H,U,U,U,H,H,H,H,O,U,O,U,U,U,H,H,U,O,3,20,9,6.666666666666667
22,L,O,U,H,U,O,O,H,H,H,H,O,U,O,U,O,U,H,H,U,O,3,20,7,8.571428571428571
23,E,O,U,H,O,O,O,H,H,H,H,O,U,U,O,O,U,O,H,U,O,3,20,9,6.666666666666667
24,S,U,U,H,O,O,O,H,H,H,H,U,U,H,O,O,U,O,H,U,O,3,20,7,8.571428571428571
25,V,U,U,H,O,U,O,H,H,H,H,U,U,H,O,U,U,O,O,U,U,3,20,9,6.666666666666667
26,E,O,U,H,U,U,O,H,H,H,H,U,U,H,U,U,U,O,O,U,U,3,20,10,6.0
27,L,U,U,H,U,U,O,H,H,H,H,U,U,H,U,U,U,O,U,U,U,3,20,12,5.0
28,Q,O,U,H,U,U,O,H,O,H,H,O,U,H,U,U,U,U,U,U,U,3,20,11,5.454545454545454
29,Q,O,O,H,O,U,U,U,U,H,O,O,O,H,O,U,U,U,U,U,U,3,20,10,6.0
30,K,U,U,O,U,U,U,U,U,O,U,U,U,O,U,U,U,U,U,U,U,2,20,17,2.3529411764705883
31,P,H,O,U,U,U,U,U,U,U,U,H,O,O,U,U,U,U,U,U,U,3,20,15,4.0
32,V,H,O,O,U,O,U,U,U,U,U,H,O,O,U,O,U,U,U,U,U,3,20,12,5.0
33,N,H,U,O,U,O,U,U,U,U,U,H,U,U,U,O,U,U,U,U,U,3,20,15,4.0
34,K,H,O,O,O,O,O,O,O,O,H,H,U,O,O,O,U,U,U,U,U,3,20,11,5.454545454545454
35,D,H,O,O,O,O,O,O,O,O,H,H,O,O,O,O,U,U,U,U,U,3,20,12,5.0
36,Q,H,O,O,O,O,O,O,O,O,H,H,O,O,U,O,U,U,U,U,U,3,20,11,5.454545454545454
37,C,U,U,U,U,O,U,O,U,O,U,U,U,O,U,O,U,U,U,U,U,2,20,15,2.6666666666666665
38,P,O,U,U,U,U,O,O,O,O,O,O,U,U,U,U,U,U,U,U,U,2,20,13,3.076923076923077
39,R,U,O,U,U,U,O,O,O,O,O,U,O,U,U,U,U,U,U,U,U,2,20,13,3.076923076923077
40,E,O,O,U,U,U,O,O,O,O,O,O,U,U,U,U,U,U,U,U,U,2,20,12,3.3333333333333335
41,R,U,O,U,U,U,U,U,U,U,U,U,O,O,U,U,U,U,U,U,U,2,20,17,2.3529411764705883
42,P,O,O,H,U,H,O,O,H,H,O,O,O,O,U,H,U,U,U,U,U,3,20,8,7.5
43,E,O,H,H,U,H,O,H,H,H,O,O,H,O,U,H,U,U,U,U,U,3,20,8,7.5
44,E,S,H,H,U,H,O,H,H,H,H,O,H,O,U,H,U,U,U,U,U,4,20,9,8.88888888888889
45,L,O,H,H,U,H,O,H,H,H,H,O,H,O,U,H,U,U,U,U,U,3,20,9,6.666666666666667
46,E,O,H,H,U,H,O,H,H,H,H,O,H,O,U,H,U,U,U,U,U,3,20,9,6.666666666666667
47,S,S,H,H,O,H,O,O,O,H,O,O,H,O,O,H,U,U,O,U,U,4,20,9,8.88888888888889
48,G,O,U,H,U,H,O,O,O,O,O,O,U,O,U,H,U,U,U,U,U,3,20,9,6.666666666666667
49,G,O,O,U,U,U,U,O,U,H,O,O,O,U,U,U,U,U,U,U,U,3,20,13,4.615384615384615
50,M,U,U,U,U,O,U,U,U,H,U,U,U,O,O,O,U,U,U,U,U,3,20,15,4.0
51,Y,U,O,U,U,O,U,U,O,H,U,U,O,U,U,O,U,U,U,U,U,3,20,14,4.285714285714286
52,H,O,U,U,U,U,U,U,O,U,U,O,U,U,U,U,U,U,U,U,U,2,20,17,2.3529411764705883
53,C,U,U,U,U,U,H,U,U,O,O,U,U,U,U,U,O,O,U,O,O,3,20,13,4.615384615384615
54,H,O,U,O,U,U,H,O,U,O,U,O,U,O,U,U,O,O,U,O,O,3,20,10,6.0
55,S,O,U,U,U,U,H,O,H,H,H,O,U,U,U,U,O,O,U,O,O,3,20,9,6.666666666666667
56,G,U,U,U,U,U,H,O,H,H,H,U,U,U,U,U,O,O,U,O,O,3,20,11,5.454545454545454
57,S,U,U,U,O,U,H,O,H,H,H,U,U,U,O,O,U,U,U,U,U,3,20,12,5.0
58,K,O,O,O,O,U,U,U,O,O,U,O,O,O,U,O,U,U,U,U,U,2,20,10,4.0
59,P,U,O,U,U,U,U,U,O,U,U,U,O,U,U,U,U,U,U,U,U,2,20,17,2.3529411764705883
60,T,O,O,U,O,U,U,O,U,H,H,O,O,U,O,U,U,U,U,U,U,3,20,11,5.454545454545454
61,E,O,U,O,O,U,H,O,H,H,H,O,U,O,O,U,H,H,H,H,H,3,20,9,6.666666666666667
62,K,O,U,U,O,U,H,H,H,H,H,O,S,U,O,U,H,H,H,H,H,4,20,10,8.0
63,G,O,O,O,O,O,H,H,H,H,H,O,O,O,O,O,H,H,H,H,H,2,20,10,4.0
64,A,O,O,O,O,O,H,H,H,H,H,O,O,O,O,O,H,H,H,H,H,2,20,10,4.0
65,N,O,O,O,O,O,H,H,H,H,H,O,O,O,O,O,H,H,H,H,H,2,20,10,4.0
66,E,O,O,O,O,O,H,H,H,H,H,O,O,O,O,O,H,H,H,H,H,2,20,10,4.0
67,Y,O,O,O,O,U,H,H,H,H,H,O,O,O,O,O,H,H,H,H,H,3,20,10,6.0
68,A,O,O,O,O,U,H,H,H,H,H,O,S,O,O,U,H,H,H,H,H,4,20,10,8.0
69,Y,O,O,O,O,O,H,H,H,H,H,O,O,O,O,O,H,H,H,H,H,2,20,10,4.0
70,A,U,U,U,U,U,H,H,H,H,H,U,U,U,U,U,H,H,H,H,H,2,20,10,4.0
71,K,O,O,O,O,O,H,H,H,H,H,O,O,O,O,O,H,H,H,H,H,2,20,10,4.0
72,W,O,O,O,U,O,H,H,H,H,H,O,O,O,U,O,H,H,H,H,H,3,20,10,6.0
73,K,U,O,O,U,U,H,H,H,H,H,H,O,O,U,U,H,H,H,H,H,3,20,11,5.454545454545454
74,L,O,H,H,H,O,H,H,H,H,H,H,H,H,O,O,H,H,H,H,H,2,20,16,2.5
75,C,O,H,H,H,O,H,H,H,H,H,H,H,H,O,O,H,H,H,H,H,2,20,16,2.5
76,S,O,H,H,H,O,H,H,H,H,H,O,H,H,O,U,H,H,H,H,H,3,20,15,4.0
77,A,O,H,H,H,U,H,H,H,H,H,O,H,H,O,U,H,H,H,H,H,3,20,15,4.0
78,S,H,H,H,H,O,H,H,H,H,H,H,H,H,O,U,H,H,H,H,H,3,20,17,3.5294117647058822
79,A,H,H,H,O,H,H,H,H,H,H,H,H,H,H,H,H,H,H,H,H,2,20,19,2.1052631578947367
80,I,H,H,H,O,H,H,H,H,H,H,H,H,H,H,H,H,H,H,H,H,2,20,19,2.1052631578947367
81,C,H,H,H,O,H,H,H,H,H,H,H,H,H,H,H,H,H,H,H,H,2,20,19,2.1052631578947367
82,F,O,H,H,H,H,H,H,H,H,H,O,H,H,H,H,H,H,H,H,H,2,20,18,2.2222222222222223
83,I,O,H,H,H,O,H,H,H,H,H,O,H,H,H,O,H,H,H,H,H,2,20,16,2.5
84,F,O,H,H,H,O,H,H,H,H,H,O,H,H,H,O,H,H,H,H,H,2,20,16,2.5
85,M,U,H,H,H,O,H,H,H,H,H,U,H,H,H,O,H,H,H,H,H,3,20,16,3.75
86,I,U,H,H,H,O,H,H,H,H,H,U,H,H,H,O,H,H,H,H,H,3,20,16,3.75
87,A,O,H,H,H,O,H,H,H,H,H,H,H,H,H,O,H,H,H,H,H,2,20,17,2.3529411764705883
88,E,O,H,H,H,O,H,H,H,H,H,H,H,H,H,O,H,H,H,H,H,2,20,17,2.3529411764705883
89,V,H,H,H,H,O,H,H,H,H,H,H,H,H,H,O,H,H,H,H,H,2,20,18,2.2222222222222223
90,V,H,H,H,H,O,H,H,H,H,H,H,H,H,H,O,H,H,H,H,H,2,20,18,2.2222222222222223
91,G,H,O,H,H,O,H,H,H,H,H,H,O,H,H,O,H,H,H,H,H,2,20,16,2.5
92,G,O,O,U,O,U,H,H,H,H,H,O,U,O,O,U,H,H,H,H,H,3,20,10,6.0
93,H,O,O,U,O,U,H,H,H,H,H,O,O,O,O,U,H,H,H,H,H,3,20,10,6.0
94,I,O,O,U,O,O,H,H,H,H,H,U,O,O,O,O,H,H,H,H,H,3,20,10,6.0
95,A,O,O,O,O,U,H,O,H,H,H,O,O,U,O,U,H,H,H,H,H,3,20,9,6.666666666666667
96,G,O,U,O,O,O,O,U,O,O,O,O,U,O,O,O,O,O,O,O,O,2,20,17,2.3529411764705883
97,S,O,O,O,U,O,U,U,U,U,U,O,O,O,U,O,U,U,U,U,U,2,20,12,3.3333333333333335
98,L,O,O,O,O,O,H,H,H,H,H,O,O,U,O,O,H,H,H,H,H,3,20,10,6.0
99,A,U,O,O,O,O,H,H,H,H,H,U,O,O,O,O,H,H,H,H,H,3,20,10,6.0
100,V,O,O,O,O,O,H,H,H,H,H,O,O,U,O,O,H,H,H,H,H,3,20,10,6.0
101,V,U,U,O,U,U,H,H,H,H,H,U,U,O,U,U,H,H,H,H,H,3,20,10,6.0
102,T,H,O,O,O,O,H,H,H,H,H,H,O,H,O,O,H,H,H,H,H,2,20,13,3.076923076923077
103,D,H,H,H,H,O,H,H,H,H,H,H,H,H,H,O,H,H,H,H,H,2,20,18,2.2222222222222223
104,A,H,H,H,H,H,H,H,H,H,H,H,H,H,H,H,H,H,H,H,H,1,20,20,1.0
105,A,H,H,H,H,H,H,H,H,H,H,H,H,H,H,H,H,H,H,H,H,1,20,20,1.0
106,H,H,H,H,H,H,H,H,H,H,H,H,H,H,H,H,H,H,H,H,H,1,20,20,1.0
107,L,H,H,H,H,H,H,H,H,H,H,H,H,H,H,H,H,H,H,H,H,1,20,20,1.0
108,L,H,H,H,H,H,H,H,H,H,H,H,H,H,H,H,H,H,H,H,H,1,20,20,1.0
109,I,H,H,H,H,H,H,H,H,H,H,H,H,H,H,H,H,H,H,H,H,1,20,20,1.0
110,D,H,H,H,H,H,H,H,H,H,H,H,H,H,H,H,H,H,H,H,H,1,20,20,1.0
111,L,H,H,H,H,H,H,H,H,H,H,H,H,H,H,H,H,H,H,H,H,1,20,20,1.0
112,T,H,H,H,H,H,H,H,H,H,H,H,H,H,H,H,H,H,H,H,H,1,20,20,1.0
113,S,H,H,H,H,H,H,H,H,H,H,H,H,H,H,H,H,H,H,H,H,1,20,20,1.0
114,F,H,H,H,H,H,H,H,H,H,H,H,H,H,H,H,H,H,H,H,H,1,20,20,1.0
115,L,H,H,H,H,H,H,H,H,H,H,H,H,H,H,H,H,H,H,H,H,1,20,20,1.0
116,L,H,H,H,H,H,H,H,H,H,H,H,H,H,H,H,H,H,H,H,H,1,20,20,1.0
117,S,H,H,H,H,H,H,H,H,H,H,H,H,H,H,H,H,H,H,H,H,1,20,20,1.0
118,L,H,H,H,H,H,H,H,H,H,H,H,H,H,H,H,H,H,H,H,H,1,20,20,1.0
119,F,H,H,H,H,H,H,H,H,H,H,H,H,H,H,H,H,H,H,H,H,1,20,20,1.0
120,S,H,H,H,H,H,H,H,H,H,H,H,H,H,H,H,H,H,H,H,H,1,20,20,1.0
121,L,H,H,H,H,H,H,H,H,H,H,H,H,H,H,H,H,H,H,H,H,1,20,20,1.0
122,W,H,H,H,H,H,H,H,H,H,H,H,H,H,H,H,H,H,H,H,H,1,20,20,1.0
123,L,H,H,H,H,H,H,H,H,H,H,H,H,H,H,H,H,H,H,H,H,1,20,20,1.0
124,S,H,H,H,H,H,H,H,H,H,H,H,H,H,H,H,H,H,H,H,H,1,20,20,1.0
125,S,H,H,H,O,H,O,O,O,O,O,H,H,O,O,H,O,O,O,O,O,2,20,13,3.076923076923077
126,K,O,O,O,O,O,O,O,O,O,O,O,O,O,O,O,O,O,O,O,O,1,20,20,1.0
127,P,U,U,U,U,U,U,U,U,U,U,U,U,U,U,U,U,U,U,U,U,1,20,20,1.0
128,P,U,U,U,U,U,U,U,U,U,U,U,U,U,U,U,U,U,U,U,U,1,20,20,1.0
129,S,U,U,U,U,U,U,U,S,U,U,U,U,U,U,U,S,S,S,S,S,2,20,14,2.857142857142857
130,K,U,U,U,O,U,O,O,O,O,O,U,U,U,O,U,O,O,O,O,O,2,20,12,3.3333333333333335
131,R,U,U,U,U,S,O,O,O,O,O,U,U,U,U,S,O,O,O,O,O,3,20,10,6.0
132,L,O,O,O,O,O,O,O,S,O,U,O,O,O,O,O,S,S,S,S,S,3,20,13,4.615384615384615
133,T,O,O,O,O,O,O,H,O,O,O,O,O,O,O,O,O,O,O,O,O,2,20,19,2.1052631578947367
134,F,O,O,U,O,O,O,H,O,O,O,O,O,O,O,O,O,O,O,O,O,3,20,18,3.3333333333333335
135,G,O,O,U,O,S,O,H,O,O,O,O,O,O,O,S,O,O,O,O,O,4,20,16,5.0
136,W,O,U,O,O,O,O,H,O,O,O,O,U,O,O,O,O,O,O,O,O,3,20,17,3.5294117647058822
137,H,O,U,O,U,O,H,H,H,O,O,O,U,U,U,O,O,O,O,O,O,3,20,12,5.0
138,R,O,U,O,O,O,H,H,H,H,H,O,U,O,O,O,O,H,O,O,O,3,20,12,5.0
139,A,O,O,H,U,H,H,H,H,H,H,O,O,H,U,H,H,H,H,H,H,3,20,14,4.285714285714286
140,E,O,H,H,H,H,H,H,H,H,H,O,H,H,H,H,H,H,H,H,H,2,20,18,2.2222222222222223
141,I,O,H,H,H,H,H,H,H,H,H,O,H,H,H,H,H,H,H,H,H,2,20,18,2.2222222222222223
142,L,H,H,H,H,H,H,H,H,H,H,H,H,H,H,H,H,H,H,H,H,1,20,20,1.0
143,G,H,H,H,H,H,H,H,H,H,H,H,H,H,H,H,H,H,H,H,H,1,20,20,1.0
144,A,H,H,H,H,H,H,H,H,H,H,H,H,H,H,H,H,H,H,H,H,1,20,20,1.0
145,L,H,H,H,H,H,H,H,H,H,H,H,H,H,H,H,H,H,H,H,H,1,20,20,1.0
146,L,O,H,H,H,H,H,H,H,H,H,H,H,H,H,H,H,H,H,H,H,2,20,19,2.1052631578947367
147,S,O,H,H,H,H,H,H,H,H,H,H,H,H,H,H,H,H,H,H,H,2,20,19,2.1052631578947367
148,I,O,H,H,H,H,H,H,H,H,H,O,H,H,H,H,H,H,H,H,H,2,20,18,2.2222222222222223
149,L,O,H,H,H,H,H,H,H,H,H,O,H,H,H,H,H,H,H,H,H,2,20,18,2.2222222222222223
150,C,O,H,H,H,H,H,H,H,H,H,O,H,H,H,H,H,H,H,H,H,2,20,18,2.2222222222222223
151,I,H,H,H,H,H,H,H,H,H,H,H,H,H,H,H,H,H,H,H,H,1,20,20,1.0
152,W,H,H,H,H,H,H,H,H,H,H,H,H,H,H,H,H,H,H,H,H,1,20,20,1.0
153,V,H,H,H,H,H,H,H,H,H,H,H,H,H,H,H,H,H,H,H,H,1,20,20,1.0
154,V,H,H,H,H,H,H,H,H,H,H,H,H,H,H,H,H,H,H,H,H,1,20,20,1.0
155,T,H,H,H,H,H,H,H,H,H,H,H,H,H,H,H,H,H,H,H,H,1,20,20,1.0
156,G,H,H,H,H,H,H,H,H,H,H,H,H,H,H,H,H,H,H,H,H,1,20,20,1.0
157,V,H,H,H,H,H,H,H,H,H,H,H,H,H,H,H,H,H,H,H,H,1,20,20,1.0
158,L,H,H,H,H,H,H,H,H,H,H,H,H,H,H,H,H,H,H,H,H,1,20,20,1.0
159,V,H,O,H,H,H,H,H,H,H,H,H,H,H,H,H,H,H,H,H,H,2,20,19,2.1052631578947367
160,Y,H,O,H,H,H,H,H,H,H,H,H,H,H,H,H,H,H,H,H,H,2,20,19,2.1052631578947367
161,L,H,O,H,H,O,H,H,H,H,H,H,H,H,H,O,H,H,H,H,H,2,20,17,2.3529411764705883
162,A,H,O,H,H,O,H,H,H,H,H,H,H,O,H,O,H,H,H,H,H,2,20,16,2.5
163,C,H,O,H,H,O,H,H,H,H,H,H,H,O,H,O,H,H,H,H,H,2,20,16,2.5
164,E,H,O,H,H,O,H,H,H,H,H,H,H,O,H,O,H,H,H,H,H,2,20,16,2.5
165,R,H,O,O,H,O,H,H,H,H,H,H,O,O,H,O,H,H,H,H,H,2,20,14,2.857142857142857
166,L,O,O,O,O,O,H,H,H,H,H,O,O,O,O,O,H,H,H,H,H,2,20,10,4.0
167,L,O,O,O,O,O,H,H,H,H,H,O,O,O,O,O,H,H,H,H,H,2,20,10,4.0
168,Y,O,U,O,O,U,O,O,O,O,O,O,O,U,O,U,U,U,U,U,U,2,20,11,3.6363636363636362
169,P,O,O,O,O,O,O,U,O,O,O,O,O,O,O,O,U,U,U,U,U,2,20,14,2.857142857142857
170,D,U,U,O,O,U,O,U,O,O,O,U,U,U,O,U,U,U,U,U,U,2,20,13,3.076923076923077
171,Y,O,U,U,O,U,U,U,U,U,U,O,U,U,O,U,U,U,U,U,U,2,20,16,2.5
172,Q,O,O,O,O,O,U,U,U,U,U,O,O,O,O,O,U,U,U,U,U,2,20,10,4.0
173,I,O,O,O,O,O,U,U,U,U,U,O,O,O,U,O,U,U,U,U,U,2,20,11,3.6363636363636362
174,Q,O,O,O,O,O,U,U,U,U,U,O,O,O,O,O,U,U,U,U,U,2,20,10,4.0
175,A,O,O,O,O,O,H,H,H,H,H,O,O,O,O,O,H,H,H,H,H,2,20,10,4.0
176,T,U,U,U,U,U,H,H,H,H,H,U,U,U,U,U,H,H,H,H,H,2,20,10,4.0
177,V,U,U,O,U,U,H,H,H,H,H,U,U,U,U,U,H,H,H,H,H,3,20,10,6.0
178,M,U,U,U,U,U,H,H,H,H,H,U,U,U,U,U,H,H,H,H,H,2,20,10,4.0
179,I,O,O,H,U,U,H,H,H,H,H,O,O,O,U,U,H,H,H,H,H,3,20,11,5.454545454545454
180,I,H,O,H,H,H,H,H,H,H,H,H,O,H,O,H,H,H,H,H,H,2,20,17,2.3529411764705883
181,V,H,O,H,H,H,H,H,H,H,H,H,O,H,O,H,H,H,H,H,H,2,20,17,2.3529411764705883
182,S,H,H,H,H,H,H,H,H,H,H,H,H,H,O,H,H,H,H,H,H,2,20,19,2.1052631578947367
183,S,H,H,H,H,H,H,H,H,H,H,H,H,H,H,H,H,H,H,H,H,1,20,20,1.0
184,C,H,H,H,H,H,H,H,H,H,H,H,H,H,H,H,H,H,H,H,H,1,20,20,1.0
185,A,H,H,H,H,H,H,H,H,H,H,H,H,H,H,H,H,H,H,H,H,1,20,20,1.0
186,V,H,H,H,H,H,H,H,H,H,H,H,H,H,H,H,H,H,H,H,H,1,20,20,1.0
187,A,H,H,H,H,H,H,H,H,H,H,H,H,H,H,H,H,H,H,H,H,1,20,20,1.0
188,A,H,H,H,H,H,H,H,H,H,H,H,H,H,H,H,H,H,H,H,H,1,20,20,1.0
189,N,H,H,H,H,H,H,H,H,H,H,H,H,H,H,H,H,H,H,H,H,1,20,20,1.0
190,I,H,H,H,H,H,H,H,H,H,H,H,H,H,H,H,H,H,H,H,H,1,20,20,1.0
191,V,H,H,H,H,H,H,H,H,H,H,H,H,H,H,H,H,H,H,H,H,1,20,20,1.0
192,L,H,H,H,H,H,H,H,H,H,H,H,H,H,H,H,H,H,H,H,H,1,20,20,1.0
193,T,H,H,H,H,H,H,H,H,H,H,H,H,H,H,H,H,H,H,H,H,1,20,20,1.0
194,V,H,H,H,H,H,H,H,H,H,H,H,H,H,H,H,H,H,H,H,H,1,20,20,1.0
195,V,H,H,H,H,H,H,H,H,H,H,H,H,H,H,H,H,H,H,H,H,1,20,20,1.0
196,L,H,H,H,H,H,H,H,H,H,H,H,H,H,H,H,H,H,H,H,H,1,20,20,1.0
197,H,H,H,H,H,H,H,O,O,H,H,H,H,H,H,H,U,H,H,U,H,3,20,16,3.75
198,Q,U,H,H,H,H,O,U,O,O,O,U,H,S,H,H,U,H,H,U,H,4,20,10,8.0
199,R,O,H,O,H,O,O,U,O,O,U,O,H,O,H,O,U,H,H,U,O,3,20,10,6.0
200,C,O,U,O,H,O,U,U,H,H,U,O,U,O,H,U,U,H,H,U,O,3,20,8,7.5
201,L,O,U,O,O,O,H,O,H,H,O,O,U,O,O,O,U,H,U,U,O,3,20,11,5.454545454545454
202,G,O,O,O,O,O,H,H,H,H,O,O,O,O,O,O,U,O,U,U,O,3,20,13,4.615384615384615
203,H,O,O,O,O,O,H,H,H,U,O,O,O,O,O,O,U,U,U,U,O,3,20,12,5.0
204,N,O,O,O,O,U,O,H,H,O,O,O,O,O,O,U,U,U,U,U,U,3,20,11,5.454545454545454
205,H,O,O,U,U,U,O,O,H,O,O,O,O,S,U,U,O,O,O,O,O,4,20,13,6.153846153846154
206,K,O,U,O,U,U,O,O,O,O,H,O,U,U,U,U,O,O,O,O,U,3,20,11,5.454545454545454
207,E,O,O,O,U,U,O,O,O,O,H,O,O,O,U,U,O,U,U,U,O,3,20,12,5.0
208,V,O,O,O,U,U,O,O,O,U,H,O,O,O,U,U,H,O,H,U,O,3,20,11,5.454545454545454
209,Q,U,U,O,U,U,U,U,U,U,U,U,U,O,U,U,H,O,H,U,O,3,20,14,4.285714285714286
210,A,U,U,U,O,O,U,U,U,U,U,U,U,U,O,O,H,H,H,U,O,3,20,12,5.0
211,N,U,U,U,U,H,U,U,U,O,U,U,U,U,H,H,H,H,H,U,H,3,20,12,5.0
212,A,H,H,O,H,H,H,H,H,H,H,H,H,O,H,H,H,H,H,H,H,2,20,18,2.2222222222222223
213,S,H,H,H,H,H,H,H,H,H,H,H,H,H,H,H,H,H,H,H,H,1,20,20,1.0
214,V,H,H,H,H,H,H,H,H,H,H,H,H,H,H,H,H,H,H,H,H,1,20,20,1.0
215,R,H,H,H,H,H,H,H,H,H,H,H,H,H,H,H,H,H,H,H,H,1,20,20,1.0
216,A,H,H,H,H,H,H,H,H,H,H,H,H,H,H,H,H,H,H,H,H,1,20,20,1.0
217,A,H,H,H,H,H,H,H,H,H,H,H,H,H,H,H,H,H,H,H,H,1,20,20,1.0
218,F,H,H,H,H,H,H,H,H,H,H,H,H,H,H,H,H,H,H,H,H,1,20,20,1.0
219,V,H,H,H,H,H,H,H,H,H,H,H,H,H,H,H,H,H,H,H,H,1,20,20,1.0
220,H,H,H,H,H,H,H,H,H,H,H,H,H,H,H,H,H,H,H,H,H,1,20,20,1.0
221,A,H,H,H,H,H,H,H,H,H,H,H,H,H,H,H,H,H,H,H,H,1,20,20,1.0
222,L,H,H,H,H,H,H,H,H,H,H,H,H,H,H,H,H,H,H,H,H,1,20,20,1.0
223,G,H,H,H,H,H,H,H,H,H,H,H,H,H,H,H,H,H,H,H,H,1,20,20,1.0
224,D,H,H,H,H,H,H,H,H,H,H,H,H,H,H,H,H,H,H,H,H,1,20,20,1.0
225,L,H,H,H,H,O,H,H,H,H,H,H,H,H,H,O,H,H,H,H,H,2,20,18,2.2222222222222223
226,F,O,H,H,H,O,H,H,H,H,H,O,H,H,H,O,H,H,H,H,H,2,20,16,2.5
227,Q,O,O,O,O,U,H,H,H,H,H,U,H,O,O,U,H,H,H,H,H,3,20,11,5.454545454545454
228,S,O,O,O,O,O,H,H,H,H,H,O,O,O,O,O,H,H,H,H,H,2,20,10,4.0
229,I,O,H,H,O,H,H,H,H,H,H,O,H,O,O,H,H,H,H,H,H,2,20,15,2.6666666666666665
230,S,O,H,H,O,H,H,H,H,H,H,O,H,H,O,H,H,H,H,H,H,2,20,16,2.5
231,V,O,H,H,U,H,H,H,H,H,H,O,H,H,U,H,H,H,H,H,H,3,20,16,3.75
232,L,O,H,H,H,H,H,H,H,H,H,H,H,H,H,H,H,H,H,H,H,2,20,19,2.1052631578947367
233,I,O,O,H,H,H,H,H,H,H,H,H,H,H,H,H,H,H,H,H,H,2,20,18,2.2222222222222223
234,S,O,O,H,H,H,H,H,H,H,H,H,O,O,H,H,H,H,H,H,H,2,20,16,2.5
235,A,O,O,H,O,O,H,H,H,H,H,H,O,O,O,O,H,H,H,H,H,2,20,12,3.3333333333333335
236,L,O,O,H,O,O,H,H,H,H,H,H,O,H,O,O,H,H,H,H,H,2,20,13,3.076923076923077
237,I,O,O,H,O,O,H,H,H,H,H,H,O,H,U,O,H,H,H,H,H,3,20,13,4.615384615384615
238,I,O,O,H,S,O,H,H,H,H,H,H,O,H,S,O,H,H,H,H,H,3,20,13,4.615384615384615
239,Y,O,O,H,O,O,H,H,H,H,H,O,O,H,O,O,H,H,H,H,H,2,20,12,3.3333333333333335
240,F,O,O,H,O,O,H,H,H,H,H,O,O,H,O,O,H,H,H,H,H,2,20,12,3.3333333333333335
241,K,U,O,O,S,O,U,U,U,U,U,U,O,O,S,O,U,U,U,U,U,3,20,12,5.0
242,P,O,O,U,U,O,H,H,H,H,H,O,O,O,U,O,H,H,H,H,H,3,20,10,6.0
243,E,O,O,U,O,O,H,H,H,H,H,O,O,U,O,O,H,H,H,H,H,3,20,10,6.0
244,Y,O,U,U,O,U,H,H,H,H,H,O,U,U,O,U,H,H,H,H,H,3,20,10,6.0
245,K,U,U,U,O,U,O,O,O,O,O,U,U,U,O,U,O,O,O,O,O,2,20,12,3.3333333333333335
246,I,U,U,U,U,U,O,O,O,O,O,U,U,U,U,U,O,O,O,O,O,2,20,10,4.0
247,A,O,O,H,O,O,H,H,H,H,H,O,U,U,O,O,H,H,H,H,H,3,20,11,5.454545454545454
248,D,H,H,H,O,H,H,H,H,H,H,H,H,H,O,O,H,H,H,H,H,2,20,17,2.3529411764705883
249,P,H,H,H,O,H,H,H,H,H,H,H,H,H,O,O,H,H,H,H,H,2,20,17,2.3529411764705883
250,I,H,H,H,O,H,H,H,H,H,H,H,H,H,O,H,H,H,H,H,H,2,20,18,2.2222222222222223
251,C,H,H,H,O,H,H,H,H,H,H,H,H,H,O,H,H,H,H,H,H,2,20,18,2.2222222222222223
252,T,H,H,H,H,H,H,H,H,H,H,H,H,H,H,H,H,H,H,H,H,1,20,20,1.0
253,F,H,H,H,H,H,H,H,H,H,H,H,H,H,H,H,H,H,H,H,H,1,20,20,1.0
254,I,H,H,H,H,H,H,H,H,H,H,H,H,H,H,H,H,H,H,H,H,1,20,20,1.0
255,F,H,H,H,H,H,H,H,H,H,H,H,H,H,H,H,H,H,H,H,H,1,20,20,1.0
256,S,H,H,H,H,H,H,H,H,H,H,H,H,H,H,H,H,H,H,H,H,1,20,20,1.0
257,I,H,H,H,H,H,H,H,H,H,H,H,H,H,H,H,H,H,H,H,H,1,20,20,1.0
258,L,H,H,H,H,H,H,H,H,H,H,H,H,H,H,H,H,H,H,H,H,1,20,20,1.0
259,V,H,H,H,H,H,H,H,H,H,H,H,H,H,H,H,H,H,H,H,H,1,20,20,1.0
260,L,H,H,H,H,H,H,H,H,H,H,H,H,H,H,H,H,H,H,H,H,1,20,20,1.0
261,A,H,H,H,H,H,H,H,H,H,H,H,H,H,H,H,H,H,H,H,H,1,20,20,1.0
262,S,H,H,H,H,H,H,H,H,H,H,H,H,H,H,H,H,H,H,H,H,1,20,20,1.0
263,T,H,H,H,H,H,H,H,H,H,H,H,H,H,H,H,H,H,H,H,H,1,20,20,1.0
264,I,H,H,H,H,H,H,H,H,H,H,H,H,H,H,H,H,H,H,H,H,1,20,20,1.0
265,T,H,H,H,H,H,H,H,H,H,H,H,H,H,H,H,H,H,H,H,H,1,20,20,1.0
266,I,H,H,H,H,H,H,H,H,H,H,H,H,H,H,H,H,H,H,H,H,1,20,20,1.0
267,L,H,H,H,H,H,H,H,H,H,H,H,H,H,H,H,H,H,H,H,H,1,20,20,1.0
268,K,H,H,H,H,H,H,H,H,H,H,H,H,H,H,H,H,H,H,H,H,1,20,20,1.0
269,D,H,H,H,H,H,H,H,H,H,H,H,H,H,H,H,H,H,H,H,H,1,20,20,1.0
270,F,H,H,O,H,H,H,H,H,H,H,H,H,H,H,H,H,H,H,H,H,2,20,19,2.1052631578947367
271,S,H,H,O,H,H,H,H,H,H,H,H,H,H,H,O,H,H,H,H,H,2,20,18,2.2222222222222223
272,I,H,H,O,H,O,H,H,H,H,H,H,H,O,H,O,H,H,H,H,H,2,20,16,2.5
273,L,H,H,O,H,O,H,H,H,H,H,H,H,O,H,O,H,H,H,H,H,2,20,16,2.5
274,L,H,H,O,H,O,H,H,H,H,H,H,H,O,H,O,H,H,H,H,H,2,20,16,2.5
275,M,O,O,O,O,O,O,O,O,O,O,O,O,O,O,O,O,O,O,O,O,1,20,20,1.0
276,E,U,O,O,O,U,O,O,O,O,O,U,O,O,O,U,O,O,O,O,O,2,20,16,2.5
277,G,U,S,U,U,U,U,U,U,U,U,U,S,U,U,U,U,U,U,U,U,2,20,18,2.2222222222222223
278,V,U,U,U,U,U,U,U,U,U,U,U,U,U,U,U,U,U,U,U,U,1,20,20,1.0
279,P,U,U,U,U,O,U,U,U,U,U,U,U,U,U,O,U,U,U,U,U,2,20,18,2.2222222222222223
280,K,U,U,U,U,O,O,O,O,O,O,U,U,U,U,O,O,O,O,O,O,2,20,12,3.3333333333333335
281,S,H,H,H,H,H,O,O,O,O,O,H,H,H,H,H,O,O,O,O,O,2,20,10,4.0
282,L,H,H,H,H,H,U,O,O,U,U,H,H,H,H,H,U,U,U,U,O,3,20,10,6.0
283,N,H,H,H,H,H,U,U,U,U,U,H,H,H,H,H,U,U,U,U,U,2,20,10,4.0
284,Y,H,H,H,H,H,H,H,H,H,H,H,H,H,H,H,H,H,H,H,H,1,20,20,1.0
285,S,H,H,H,H,H,H,H,H,H,H,H,H,H,H,H,H,H,H,H,H,1,20,20,1.0
286,G,H,H,H,H,H,H,H,H,H,H,H,H,H,H,H,H,H,H,H,H,1,20,20,1.0
287,V,H,H,H,H,H,H,H,H,H,H,H,H,H,H,H,H,H,H,H,H,1,20,20,1.0
288,K,H,H,H,H,H,H,H,H,H,H,H,H,H,H,H,H,H,H,H,H,1,20,20,1.0
289,E,H,H,H,H,H,H,H,H,H,H,H,H,H,H,H,H,H,H,H,H,1,20,20,1.0
290,L,H,H,H,H,H,H,H,H,H,H,H,H,H,H,H,H,H,H,H,H,1,20,20,1.0
291,I,H,H,H,H,H,H,H,H,H,H,H,H,H,H,H,H,H,H,H,H,1,20,20,1.0
292,L,H,H,H,H,O,H,H,H,H,H,H,H,H,H,O,H,H,H,H,H,2,20,18,2.2222222222222223
293,A,H,O,O,H,O,H,H,H,O,O,H,O,U,H,O,O,O,O,O,O,3,20,12,5.0
294,V,O,O,O,O,O,O,O,O,O,O,O,O,O,O,O,O,O,O,O,O,1,20,20,1.0
295,D,O,O,O,O,O,O,O,O,O,O,O,O,O,O,O,O,O,O,O,O,1,20,20,1.0
296,G,O,O,O,O,O,O,O,O,O,O,O,U,O,O,O,O,O,O,O,O,2,20,19,2.1052631578947367
297,V,U,U,U,U,U,S,S,S,S,S,U,U,S,U,U,S,S,S,S,S,2,20,11,3.6363636363636362
298,L,U,U,U,U,U,S,S,S,S,S,U,U,S,U,U,S,S,S,S,S,2,20,11,3.6363636363636362
299,S,S,U,U,S,S,S,S,S,S,S,S,U,S,S,S,S,S,S,S,S,2,20,17,2.3529411764705883
300,V,S,S,S,S,S,S,S,S,S,S,S,U,S,S,S,S,S,S,S,S,2,20,19,2.1052631578947367
301,H,U,S,S,S,S,S,S,S,S,S,U,U,S,S,S,S,S,S,S,S,2,20,17,2.3529411764705883
302,S,U,S,S,S,S,S,S,S,S,S,U,S,S,S,S,S,S,S,S,S,2,20,18,2.2222222222222223
303,L,U,S,U,S,S,S,S,S,S,S,U,S,S,S,S,S,S,S,S,S,2,20,17,2.3529411764705883
304,H,S,S,U,S,S,S,S,S,S,S,S,S,U,S,S,S,S,S,S,S,2,20,18,2.2222222222222223
305,I,S,S,U,S,S,S,S,S,S,S,S,S,U,S,S,S,S,S,S,S,2,20,18,2.2222222222222223
306,W,S,S,U,U,S,S,S,S,S,S,S,S,S,U,S,S,S,S,S,S,2,20,17,2.3529411764705883
307,S,S,S,S,U,S,S,S,S,S,S,S,S,S,U,S,S,S,S,S,S,2,20,18,2.2222222222222223
308,L,U,S,U,U,U,S,S,S,S,S,U,U,S,U,U,S,S,S,S,S,2,20,12,3.3333333333333335
309,T,U,O,U,O,O,S,S,S,S,S,U,O,S,O,O,S,S,S,S,S,3,20,11,5.454545454545454
310,M,O,O,O,O,O,O,O,O,O,O,O,O,O,O,O,O,O,O,O,O,1,20,20,1.0
311,N,O,O,O,O,O,O,O,O,O,O,O,O,O,O,O,O,O,O,O,O,1,20,20,1.0
312,Q,U,S,U,U,U,S,S,S,S,S,U,U,S,U,U,S,S,S,S,S,2,20,12,3.3333333333333335
313,V,S,S,S,S,S,S,S,S,S,S,S,U,S,U,S,S,S,S,S,S,2,20,18,2.2222222222222223
314,I,S,S,S,S,S,S,S,S,S,S,S,S,S,U,S,S,S,S,S,S,2,20,19,2.1052631578947367
315,L,S,S,S,S,S,S,S,S,S,S,S,S,S,S,S,S,S,S,S,S,1,20,20,1.0
316,S,S,S,S,S,S,S,S,S,S,S,S,S,S,S,S,S,S,S,S,S,1,20,20,1.0
317,A,S,S,S,S,S,S,S,S,S,S,S,S,S,S,S,S,S,S,S,S,1,20,20,1.0
318,H,S,S,S,S,S,S,S,S,S,S,S,S,S,S,S,S,S,S,S,S,1,20,20,1.0
319,V,S,S,S,S,S,S,S,S,S,S,S,S,S,S,S,S,S,S,S,S,1,20,20,1.0
320,A,S,U,U,S,S,S,S,S,S,S,S,U,S,S,S,S,S,S,S,S,2,20,17,2.3529411764705883
321,T,U,U,U,U,U,S,S,S,S,S,U,U,S,U,U,S,S,S,S,S,2,20,11,3.6363636363636362
322,A,O,O,U,O,U,U,U,U,U,U,O,O,O,O,U,U,U,U,U,U,2,20,13,3.076923076923077
323,A,O,O,O,O,O,O,O,O,O,O,O,O,O,O,O,O,O,O,O,O,1,20,20,1.0
324,S,O,O,O,O,O,O,O,O,O,O,O,O,O,O,O,O,O,O,O,O,1,20,20,1.0
325,R,O,O,O,O,U,O,O,O,O,O,O,O,U,O,U,O,O,O,O,O,2,20,17,2.3529411764705883
326,D,O,O,O,O,U,U,U,U,U,U,O,O,O,O,U,U,U,U,U,U,2,20,12,3.3333333333333335
327,S,O,U,U,U,U,H,H,H,H,H,O,U,U,U,U,H,H,H,H,H,3,20,10,6.0
328,Q,O,O,O,H,H,H,H,H,H,H,O,O,O,H,H,H,H,H,H,H,2,20,14,2.857142857142857
329,V,O,H,O,H,H,H,H,H,H,H,O,H,H,H,H,H,H,H,H,H,2,20,17,2.3529411764705883
330,V,H,H,O,H,H,H,H,H,H,H,H,H,H,H,H,H,H,H,H,H,2,20,19,2.1052631578947367
331,R,H,H,O,H,H,H,H,H,H,H,H,H,H,H,H,H,H,H,H,H,2,20,19,2.1052631578947367
332,R,H,H,O,H,H,H,H,H,H,H,H,H,H,H,H,H,H,H,H,H,2,20,19,2.1052631578947367
333,E,H,H,H,H,H,H,H,H,H,H,H,H,H,H,H,H,H,H,H,H,1,20,20,1.0
334,I,H,H,H,H,H,H,H,H,H,H,H,H,H,H,H,H,H,H,H,H,1,20,20,1.0
335,A,H,H,H,H,H,H,H,H,H,H,H,H,H,H,H,H,H,H,H,H,1,20,20,1.0
336,K,H,H,H,H,H,H,H,H,H,H,H,H,H,H,H,H,H,H,H,H,1,20,20,1.0
337,A,H,H,H,H,H,H,H,H,H,H,H,H,H,H,H,H,H,H,H,H,1,20,20,1.0
338,L,H,H,H,H,H,H,H,H,H,H,H,H,H,H,H,H,H,H,H,H,1,20,20,1.0
339,S,H,H,H,H,H,H,H,H,H,H,H,H,H,H,H,H,H,H,H,H,1,20,20,1.0
340,K,H,H,H,H,H,H,H,H,H,O,H,H,O,H,H,H,H,H,H,H,2,20,18,2.2222222222222223
341,S,H,H,H,H,H,H,H,H,H,O,H,H,O,H,H,H,H,H,H,H,2,20,18,2.2222222222222223
342,F,U,H,H,H,H,O,O,O,O,O,U,H,O,H,H,O,O,O,O,O,3,20,11,5.454545454545454
343,T,U,O,O,U,U,U,U,U,U,U,U,O,U,U,U,U,U,U,U,U,2,20,17,2.3529411764705883
344,M,O,O,O,O,O,U,S,U,S,U,O,O,O,O,O,S,S,S,S,U,3,20,10,6.0
345,H,S,U,S,S,S,O,S,O,S,O,U,U,S,U,S,S,S,S,S,O,3,20,12,5.0
346,S,S,S,S,S,S,S,S,S,S,S,U,S,S,U,S,S,S,S,S,S,2,20,18,2.2222222222222223
347,L,S,S,S,S,S,S,S,S,S,S,S,S,S,S,S,S,S,S,S,S,1,20,20,1.0
348,T,S,S,S,S,S,S,S,S,S,S,S,S,S,S,S,S,S,S,S,S,1,20,20,1.0
349,I,S,S,S,S,S,S,S,S,S,S,S,S,S,S,S,S,S,S,S,S,1,20,20,1.0
350,Q,S,S,S,S,S,S,S,S,S,S,S,S,S,S,S,S,S,S,S,S,1,20,20,1.0
351,M,S,S,S,S,S,S,S,S,S,S,S,S,S,S,S,S,S,S,S,S,1,20,20,1.0
352,E,S,U,U,S,S,S,S,S,S,S,S,U,S,S,S,S,S,S,S,S,2,20,17,2.3529411764705883
353,S,U,U,U,U,U,U,U,U,U,U,U,U,U,U,U,U,U,U,U,U,1,20,20,1.0
354,P,O,O,U,O,U,H,H,H,O,O,O,O,U,O,U,O,H,H,H,H,3,20,9,6.666666666666667
355,V,O,O,U,O,U,H,H,H,O,O,O,U,O,O,U,O,H,H,H,H,3,20,9,6.666666666666667
356,D,O,O,O,O,O,H,H,H,O,O,O,O,U,O,O,O,H,H,H,H,3,20,12,5.0
357,Q,U,O,O,U,O,U,U,U,O,U,U,U,O,U,O,U,U,U,U,U,2,20,14,2.857142857142857
358,D,U,U,U,U,O,U,U,U,U,U,U,U,O,U,H,U,U,U,U,U,3,20,17,3.5294117647058822
359,P,U,U,O,U,U,H,O,O,O,O,U,U,O,O,H,O,O,O,O,O,3,20,12,5.0
360,D,S,U,O,O,U,H,O,O,O,O,S,U,U,O,H,O,O,O,O,O,4,20,12,6.666666666666667
361,C,O,U,O,O,O,H,U,U,U,U,O,O,O,O,H,U,U,U,U,U,3,20,10,6.0
362,L,O,O,O,O,O,O,H,H,O,H,O,O,O,O,O,H,H,H,H,H,2,20,12,3.3333333333333335
363,F,S,O,U,O,U,O,H,H,O,H,S,O,O,O,O,H,H,H,H,H,4,20,8,10.0
364,C,U,O,U,O,U,O,H,H,O,H,U,O,O,O,U,H,H,H,H,H,3,20,8,7.5
365,E,U,U,U,O,U,U,U,U,U,U,U,U,U,O,U,O,O,O,O,O,2,20,13,3.076923076923077
366,D,O,O,U,U,U,U,U,U,U,U,O,H,U,U,O,U,U,U,U,U,3,20,15,4.0
367,P,U,O,O,O,O,U,U,U,U,U,O,H,O,O,O,U,U,U,U,U,3,20,11,5.454545454545454
368,C,U,U,U,U,U,U,U,U,U,U,U,H,U,U,O,U,U,U,U,U,3,20,18,3.3333333333333335
369,D,U,U,U,U,U,U,U,U,U,U,U,U,U,U,U,U,U,U,U,U,1,20,20,1.0
