Pos,Res,Q8K4Z5_CIT_model1_dssp_acc_SS,Q8K4Z5_CIT_model2_dssp_acc_SS,Q8K4Z5_CIT_model3_dssp_acc_SS,Q8K4Z5_CIT_model4_dssp_acc_SS,Q8K4Z5_CIT_model5_dssp_acc_SS,Q8K4Z5_full_model_502443_1_dssp_acc_SS,Q8K4Z5_full_model_502443_2_dssp_acc_SS,Q8K4Z5_full_model_502443_3_dssp_acc_SS,Q8K4Z5_full_model_502443_4_dssp_acc_SS,Q8K4Z5_full_model_502443_5_dssp_acc_SS,Q8K4Z5_IT_model1_dssp_acc_SS,Q8K4Z5_IT_model2_dssp_acc_SS,Q8K4Z5_IT_model3_dssp_acc_SS,Q8K4Z5_IT_model4_dssp_acc_SS,Q8K4Z5_IT_model5_dssp_acc_SS,Q8K4Z5_ranked_0_dssp_acc_SS,Q8K4Z5_ranked_1_dssp_acc_SS,Q8K4Z5_ranked_2_dssp_acc_SS,Q8K4Z5_ranked_3_dssp_acc_SS,Q8K4Z5_ranked_4_dssp_acc_SS,dssp_k,dssp_N,dssp_n1,dssp_vkabat
1,I,U,U,U,U,U,U,U,U,U,U,U,U,U,U,U,U,U,U,U,U,1,20,20,1.0
2,K,S,S,U,S,S,S,S,S,S,S,S,S,S,U,U,S,S,S,S,S,2,20,17,2.3529411764705883
3,V,S,S,O,S,S,S,S,S,S,S,S,S,S,O,U,S,S,S,S,S,3,20,17,3.5294117647058822
4,Q,S,S,O,S,S,S,S,S,S,S,S,S,S,O,U,S,S,S,S,S,3,20,17,3.5294117647058822
5,V,S,U,U,U,O,U,U,S,U,U,U,U,U,U,U,U,U,U,U,U,3,20,17,3.5294117647058822
6,P,S,O,O,U,O,U,U,U,U,U,O,O,U,U,O,U,U,U,U,U,3,20,13,4.615384615384615
7,N,O,O,O,U,U,U,U,U,U,U,O,O,O,S,O,S,S,S,S,S,3,20,7,8.571428571428571
8,M,U,U,O,O,U,U,U,U,U,U,O,U,O,U,O,U,U,U,U,U,2,20,15,2.6666666666666665
9,Q,U,U,U,O,U,O,O,O,O,U,U,S,O,O,U,O,O,O,O,O,3,20,12,5.0
10,D,O,O,U,O,O,O,O,O,O,O,O,O,S,S,U,O,O,O,O,O,3,20,16,3.75
11,K,O,O,U,O,O,U,U,U,U,U,O,O,U,S,S,U,U,U,U,U,3,20,12,5.0
12,T,O,U,U,U,O,O,O,O,U,O,O,U,U,S,S,O,O,O,O,O,3,20,12,5.0
13,E,U,U,U,U,U,O,O,O,O,O,U,U,U,S,S,O,O,O,O,O,3,20,10,6.0
14,W,U,U,S,U,U,U,U,U,O,U,U,U,U,S,S,O,O,O,O,O,3,20,11,5.454545454545454
15,K,U,U,S,S,U,O,U,O,U,O,U,O,U,U,O,U,U,U,U,U,3,20,13,4.615384615384615
16,L,O,O,O,O,O,O,U,O,U,O,O,O,O,O,O,U,U,U,U,U,2,20,13,3.076923076923077
17,N,O,O,O,O,O,O,O,S,O,O,O,O,O,O,O,S,S,S,S,S,2,20,14,2.857142857142857
18,G,O,O,U,S,O,O,O,O,O,O,U,O,O,U,U,O,O,O,O,O,3,20,15,4.0
19,Q,U,U,U,U,U,U,U,U,U,U,U,U,U,S,U,U,U,U,U,U,2,20,19,2.1052631578947367
20,G,U,U,U,S,U,S,S,S,S,S,U,S,U,S,U,S,S,S,S,S,2,20,13,3.076923076923077
21,L,S,U,U,S,S,S,S,S,S,S,U,U,S,S,S,S,S,S,S,S,2,20,16,2.5
22,V,S,U,U,S,S,S,S,S,S,S,U,S,S,S,S,S,S,S,S,S,2,20,17,2.3529411764705883
23,F,U,U,U,U,U,U,U,U,U,U,U,U,U,S,S,U,U,U,U,U,2,20,18,2.2222222222222223
24,T,U,U,U,U,U,U,U,U,U,U,U,U,U,S,U,U,U,U,U,U,2,20,19,2.1052631578947367
25,L,U,U,U,U,U,U,U,U,U,U,U,U,U,S,U,U,U,U,U,U,2,20,19,2.1052631578947367
26,P,U,U,U,U,U,U,U,U,U,U,U,U,U,U,U,U,U,U,U,U,1,20,20,1.0
27,L,U,U,O,O,O,O,O,O,O,O,O,O,O,U,U,O,O,O,O,O,2,20,16,2.5
28,T,O,O,O,O,O,O,O,O,O,O,O,O,O,O,O,O,O,O,O,O,1,20,20,1.0
29,D,O,O,O,O,O,O,O,O,O,O,S,O,O,O,O,O,O,O,O,O,2,20,19,2.1052631578947367
30,Q,U,U,U,H,S,S,S,S,S,S,U,H,S,U,S,S,S,S,S,S,3,20,13,4.615384615384615
31,V,H,H,S,H,H,H,H,H,H,H,H,H,H,H,O,H,H,H,H,H,3,20,18,3.3333333333333335
32,S,H,H,O,H,H,H,H,H,H,H,H,H,H,H,H,H,H,H,H,H,2,20,19,2.1052631578947367
33,V,H,H,H,H,H,H,H,H,H,H,H,H,H,H,H,H,H,H,H,H,1,20,20,1.0
34,I,H,H,H,H,H,H,H,H,H,H,H,H,H,H,H,H,H,H,H,H,1,20,20,1.0
35,K,H,H,H,H,H,H,H,H,H,H,H,H,H,H,H,H,H,H,H,H,1,20,20,1.0
36,V,H,H,H,H,H,H,H,H,H,H,H,H,H,H,H,H,H,H,H,H,1,20,20,1.0
37,K,H,H,H,H,H,H,H,H,H,H,H,H,H,H,H,H,H,H,H,H,1,20,20,1.0
38,I,H,H,H,H,H,H,H,H,H,H,H,H,H,H,H,H,H,H,H,H,1,20,20,1.0
39,H,H,H,H,H,H,H,H,H,H,H,H,H,H,H,H,H,H,H,H,H,1,20,20,1.0
40,E,H,H,H,H,H,H,H,H,H,H,H,H,H,H,H,H,H,H,H,H,1,20,20,1.0
41,A,H,H,H,H,H,H,H,H,H,H,H,H,H,H,H,H,H,H,H,H,1,20,20,1.0
42,T,H,H,O,H,H,H,H,H,H,H,H,O,H,H,O,H,H,H,H,H,2,20,17,2.3529411764705883
43,G,O,O,U,U,O,U,U,U,U,U,U,U,O,O,O,U,U,U,U,U,2,20,14,2.857142857142857
44,M,U,U,U,U,U,U,U,U,U,U,U,U,U,U,U,U,U,U,U,U,1,20,20,1.0
45,P,U,U,U,U,U,U,U,U,U,U,U,U,U,U,U,U,U,U,U,U,1,20,20,1.0
46,A,O,O,O,O,O,H,H,H,H,H,O,O,O,O,O,H,H,H,H,O,2,20,11,3.6363636363636362
47,G,O,O,O,O,O,H,H,H,H,H,O,O,O,O,O,H,H,H,H,O,2,20,11,3.6363636363636362
48,K,O,O,O,O,O,H,H,H,H,H,O,O,O,O,O,H,H,H,H,O,2,20,11,3.6363636363636362
49,Q,S,S,S,S,S,S,S,S,S,S,S,S,S,S,S,S,S,S,S,S,1,20,20,1.0
50,K,S,S,S,S,S,S,S,S,S,S,S,S,S,S,S,S,S,S,S,S,1,20,20,1.0
51,L,S,S,S,S,S,S,S,S,S,S,S,S,S,S,S,S,S,S,S,S,1,20,20,1.0
52,Q,S,S,S,S,S,S,S,S,S,S,S,S,S,S,S,S,S,S,S,S,1,20,20,1.0
53,Y,S,U,S,S,O,S,S,S,S,S,S,S,S,S,S,S,S,S,S,S,3,20,18,3.3333333333333335
54,E,O,O,O,O,O,O,O,O,O,O,O,O,O,O,O,O,O,O,O,O,1,20,20,1.0
55,G,O,O,O,O,O,O,O,O,O,O,O,O,O,O,O,O,O,O,O,O,1,20,20,1.0
56,I,S,U,S,S,U,S,S,S,S,S,S,S,S,S,S,S,S,S,S,S,2,20,18,2.2222222222222223
57,F,S,S,S,S,S,S,S,S,S,S,S,S,S,S,S,S,S,S,S,S,1,20,20,1.0
58,I,S,S,S,S,U,U,U,U,U,U,S,S,S,U,U,S,S,S,U,S,2,20,11,3.6363636363636362
59,K,U,U,U,U,U,U,U,U,U,U,U,U,U,U,U,U,U,U,U,U,1,20,20,1.0
60,D,O,O,S,O,O,O,O,O,O,O,O,O,O,O,O,O,O,O,O,O,2,20,19,2.1052631578947367
61,S,O,O,O,O,O,O,O,O,O,O,O,O,O,O,O,O,O,O,O,O,1,20,20,1.0
62,N,O,O,O,O,O,O,O,O,O,O,U,O,U,O,S,O,O,O,O,O,3,20,17,3.5294117647058822
63,S,U,U,U,U,S,S,S,S,S,S,S,U,S,U,U,S,S,S,S,S,2,20,13,3.076923076923077
64,L,O,H,O,H,H,O,O,O,O,O,H,H,O,O,O,O,O,O,O,O,2,20,15,2.6666666666666665
65,A,O,H,H,H,H,H,H,H,H,H,H,H,O,O,O,O,O,O,O,O,2,20,11,3.6363636363636362
66,Y,O,H,H,H,H,H,H,H,H,H,H,H,O,O,O,O,O,O,O,O,2,20,11,3.6363636363636362
67,Y,O,H,H,H,H,H,H,H,H,H,H,H,O,O,O,O,O,O,O,O,2,20,11,3.6363636363636362
68,N,U,O,H,O,O,O,O,O,O,O,O,U,O,O,O,O,O,O,O,O,3,20,17,3.5294117647058822
69,M,U,U,U,O,U,U,U,U,U,U,U,U,U,U,U,U,U,U,U,U,2,20,19,2.1052631578947367
70,A,U,U,U,O,U,U,U,U,O,U,U,U,U,U,U,U,U,U,U,U,2,20,18,2.2222222222222223
71,S,O,O,U,U,O,O,O,O,O,O,O,O,O,O,O,O,O,O,O,O,2,20,18,2.2222222222222223
72,G,O,O,O,O,O,O,O,O,O,O,O,O,O,O,O,O,O,O,O,O,1,20,20,1.0
73,A,U,U,O,U,U,U,U,U,U,U,U,U,U,U,U,U,U,U,U,U,2,20,19,2.1052631578947367
74,V,S,S,U,S,S,S,S,S,S,S,S,S,S,S,S,S,S,S,S,S,2,20,19,2.1052631578947367
75,I,S,S,U,S,S,S,S,S,S,S,S,S,S,S,S,S,S,S,S,S,2,20,19,2.1052631578947367
76,H,S,S,S,S,S,S,S,S,S,S,S,S,S,S,S,S,S,S,S,S,1,20,20,1.0
77,L,S,S,S,S,S,S,S,S,S,S,S,S,S,S,S,S,S,S,S,S,1,20,20,1.0
78,A,S,S,S,S,S,S,S,S,S,S,S,S,S,S,S,S,S,S,S,S,1,20,20,1.0
79,L,S,S,S,S,S,S,S,S,S,S,S,S,S,S,S,S,S,S,S,S,1,20,20,1.0
80,K,U,U,U,U,U,U,U,U,U,U,U,U,U,U,S,U,U,U,U,U,2,20,19,2.1052631578947367
81,E,U,U,U,U,U,U,U,U,U,U,U,U,U,U,U,U,U,U,U,U,1,20,20,1.0
82,R,U,U,U,U,U,O,O,U,O,O,U,U,U,U,U,U,U,U,U,U,2,20,16,2.5
83,G,U,U,U,U,U,O,O,U,U,U,U,U,U,U,U,U,U,U,U,U,2,20,18,2.2222222222222223
84,G,U,U,U,U,U,U,U,U,U,U,U,U,U,U,U,U,U,U,U,U,1,20,20,1.0
85,R,O,O,O,O,U,,,,,,O,O,O,U,O,,,,,,2,10,8,2.5
86,K,U,U,U,U,U,,,,,,U,O,U,U,U,,,,,,2,10,9,2.2222222222222223
87,K,U,U,U,U,U,,,,,,U,U,U,U,U,,,,,,1,10,10,1.0
