Pos,Res,Q9QUK6_CIT_model1_dssp_acc_SS,Q9QUK6_CIT_model2_dssp_acc_SS,Q9QUK6_CIT_model3_dssp_acc_SS,Q9QUK6_CIT_model4_dssp_acc_SS,Q9QUK6_CIT_model5_dssp_acc_SS,Q9QUK6_full_model_500956_1_dssp_acc_SS,Q9QUK6_full_model_500956_2_dssp_acc_SS,Q9QUK6_full_model_500956_3_dssp_acc_SS,Q9QUK6_full_model_500956_4_dssp_acc_SS,Q9QUK6_full_model_500956_5_dssp_acc_SS,Q9QUK6_IT_model1_dssp_acc_SS,Q9QUK6_IT_model2_dssp_acc_SS,Q9QUK6_IT_model3_dssp_acc_SS,Q9QUK6_IT_model4_dssp_acc_SS,Q9QUK6_IT_model5_dssp_acc_SS,Q9QUK6_ranked_0_dssp_acc_SS,Q9QUK6_ranked_1_dssp_acc_SS,Q9QUK6_ranked_2_dssp_acc_SS,Q9QUK6_ranked_3_dssp_acc_SS,Q9QUK6_ranked_4_dssp_acc_SS,dssp_k,dssp_N,dssp_n1,dssp_vkabat
1,M,U,U,U,U,U,U,U,U,U,U,U,U,U,U,U,U,U,U,U,U,1,20,20,1.0
2,M,U,H,U,U,U,U,U,U,U,H,U,U,U,U,U,U,U,U,U,U,2,20,18,2.2222222222222223
3,P,U,H,U,U,U,U,U,U,H,H,O,O,H,O,O,U,U,U,U,U,3,20,12,5.0
4,P,U,H,O,H,O,H,H,H,H,H,U,O,H,O,O,O,O,O,O,O,3,20,10,6.0
5,W,U,H,H,H,O,H,H,H,H,H,U,U,H,O,U,O,O,H,H,H,3,20,12,5.0
6,L,O,H,H,H,O,H,H,H,H,H,H,U,H,U,U,H,O,H,H,H,3,20,14,4.285714285714286
7,L,O,H,H,H,O,H,H,H,H,H,H,H,H,O,O,H,H,H,H,H,2,20,16,2.5
8,A,O,H,H,H,U,H,H,H,H,H,H,H,H,O,O,H,H,H,H,H,3,20,16,3.75
9,R,U,H,H,H,O,H,H,H,H,H,H,H,H,O,U,H,H,H,H,H,3,20,16,3.75
10,T,U,U,H,H,U,H,H,H,H,H,O,H,H,U,O,H,H,H,H,H,3,20,14,4.285714285714286
11,L,U,O,H,U,H,H,H,H,H,H,U,H,H,U,O,H,H,H,H,H,3,20,14,4.285714285714286
12,I,U,O,H,U,H,H,H,H,H,H,U,H,H,U,H,H,H,H,H,H,3,20,15,4.0
13,M,U,U,U,U,H,H,H,H,H,H,O,O,H,O,H,H,H,H,H,H,3,20,13,4.615384615384615
14,A,O,H,U,H,H,H,H,H,H,H,O,O,H,O,H,H,H,H,H,H,3,20,15,4.0
15,L,U,H,O,H,H,H,H,H,H,H,O,H,H,U,H,H,H,H,H,H,3,20,16,3.75
16,F,H,H,O,H,H,H,H,H,H,H,O,H,H,O,O,O,H,H,H,H,2,20,15,2.6666666666666665
17,F,H,H,U,H,H,H,H,H,H,H,U,H,H,O,O,O,O,H,H,H,3,20,14,4.285714285714286
18,S,H,O,U,H,O,H,H,H,H,H,O,H,O,U,U,O,O,O,O,H,3,20,9,6.666666666666667
19,C,H,U,U,U,O,H,H,O,H,H,O,O,O,U,U,O,O,O,O,H,3,20,9,6.666666666666667
20,L,U,U,O,O,O,H,H,O,O,H,O,O,O,U,O,U,U,U,U,U,3,20,9,6.666666666666667
21,T,O,U,O,O,U,U,U,U,O,O,U,U,U,O,U,U,U,U,U,U,2,20,14,2.857142857142857
22,P,O,O,U,U,U,O,O,O,U,O,O,U,U,U,U,U,U,U,U,U,2,20,13,3.076923076923077
23,G,O,O,U,O,U,O,O,O,O,O,U,U,S,O,U,U,U,U,U,U,3,20,10,6.0
24,S,O,O,U,O,U,O,U,U,O,U,O,O,U,O,O,U,U,U,U,U,2,20,11,3.6363636363636362
25,L,O,O,S,O,U,O,U,O,O,O,O,O,O,O,O,U,O,U,U,U,3,20,13,4.615384615384615
26,N,O,O,U,O,O,U,O,U,U,O,O,O,O,O,O,U,U,U,U,U,2,20,11,3.6363636363636362
27,P,U,U,O,U,O,O,U,U,U,U,O,U,O,O,U,O,U,O,O,O,2,20,10,4.0
28,C,U,S,O,U,U,O,U,U,U,U,O,U,U,S,S,O,O,O,O,O,3,20,9,6.666666666666667
29,I,S,S,O,U,U,S,S,S,S,S,U,U,S,S,S,S,S,S,S,S,3,20,15,4.0
30,E,S,S,U,O,U,S,S,S,S,S,O,U,O,S,O,S,S,S,S,S,3,20,13,4.615384615384615
31,V,S,S,S,O,U,S,S,S,S,S,O,O,U,S,O,S,S,S,S,S,3,20,14,4.285714285714286
32,V,O,O,O,O,O,S,O,S,S,S,U,O,O,O,O,S,S,S,S,S,3,20,10,6.0
33,P,O,O,O,O,O,O,O,O,O,O,O,O,O,O,O,O,O,O,O,O,1,20,20,1.0
34,N,O,S,O,O,O,O,O,O,O,O,O,O,O,O,O,O,O,O,O,O,2,20,19,2.1052631578947367
35,I,S,S,S,U,S,O,O,O,O,O,U,S,S,S,S,O,O,O,O,O,3,20,10,6.0
36,T,S,S,S,S,S,S,S,S,S,S,U,S,S,S,S,S,S,S,S,S,2,20,19,2.1052631578947367
37,Y,S,S,S,S,S,S,S,S,S,S,U,S,S,S,S,S,S,S,S,S,2,20,19,2.1052631578947367
38,Q,U,S,U,S,S,S,S,S,S,S,U,S,S,U,S,S,S,S,S,S,2,20,16,2.5
39,C,U,O,U,S,U,U,U,U,U,U,U,S,U,U,U,U,U,U,U,U,3,20,17,3.5294117647058822
40,M,O,U,O,O,O,U,O,O,O,O,O,O,U,U,O,O,O,O,O,O,2,20,16,2.5
41,D,O,O,O,U,U,O,O,O,O,O,O,U,U,O,U,O,O,O,O,O,2,20,15,2.6666666666666665
42,Q,O,U,U,U,O,O,O,U,O,O,U,U,U,O,O,O,O,O,O,O,2,20,13,3.076923076923077
43,K,U,U,U,U,U,U,U,U,U,U,U,U,U,U,U,U,U,U,U,U,1,20,20,1.0
44,L,O,O,U,O,U,U,U,U,U,U,O,O,U,U,U,U,U,U,U,U,2,20,15,2.6666666666666665
45,S,O,O,O,O,O,O,O,O,O,O,U,O,O,O,O,O,O,O,O,O,2,20,19,2.1052631578947367
46,K,U,U,U,U,O,O,O,O,O,O,U,U,U,U,U,O,O,O,O,O,2,20,11,3.6363636363636362
47,V,U,U,O,U,U,U,U,U,U,U,U,U,U,U,U,U,U,U,U,U,2,20,19,2.1052631578947367
48,P,O,U,O,U,O,U,U,U,U,U,O,O,O,U,O,U,U,U,U,U,2,20,13,3.076923076923077
49,D,O,O,O,U,O,O,O,O,O,O,O,O,O,O,O,O,O,O,O,O,2,20,19,2.1052631578947367
50,D,O,O,O,O,U,U,U,U,U,U,U,O,O,O,O,O,O,U,O,U,2,20,11,3.6363636363636362
51,I,U,U,U,U,U,O,O,O,O,O,U,U,U,U,O,O,O,O,O,O,2,20,11,3.6363636363636362
52,P,U,O,O,U,U,U,U,U,U,U,O,O,U,O,U,U,U,U,U,U,2,20,15,2.6666666666666665
53,S,O,O,O,O,O,O,O,O,O,O,O,O,O,O,O,O,O,O,O,O,1,20,20,1.0
54,S,S,U,U,O,U,O,O,O,O,O,U,U,O,O,O,O,O,O,O,O,3,20,14,4.285714285714286
55,T,U,U,U,S,U,U,U,U,U,U,U,U,U,U,U,U,U,U,U,U,2,20,19,2.1052631578947367
56,K,U,O,U,S,U,U,U,U,O,U,U,U,O,S,U,U,U,U,U,U,3,20,15,4.0
57,N,S,S,S,S,S,S,S,S,S,S,U,S,S,S,S,S,S,S,S,S,2,20,19,2.1052631578947367
58,I,S,S,S,S,S,S,S,S,S,S,U,S,S,S,S,S,S,S,S,S,2,20,19,2.1052631578947367
59,D,S,S,S,S,S,S,S,S,S,S,S,S,S,U,S,S,S,S,S,S,2,20,19,2.1052631578947367
60,L,U,S,U,S,S,U,U,U,U,U,S,S,S,U,S,U,U,U,U,U,2,20,13,3.076923076923077
61,S,U,U,U,S,U,O,O,O,O,O,S,S,U,U,U,O,O,O,O,O,3,20,10,6.0
62,F,O,O,O,O,O,O,O,O,O,O,S,O,O,O,O,O,O,O,O,O,2,20,19,2.1052631578947367
63,N,O,U,U,U,U,U,O,U,U,O,S,U,U,U,U,U,U,U,U,U,3,20,16,3.75
64,P,U,U,U,U,U,U,U,U,U,U,S,U,U,U,U,U,U,U,U,U,2,20,19,2.1052631578947367
65,L,U,U,U,U,U,U,U,U,U,U,S,U,U,U,U,U,U,U,U,U,2,20,19,2.1052631578947367
66,K,U,O,O,U,U,U,U,U,U,U,S,U,U,U,U,U,U,U,U,U,3,20,17,3.5294117647058822
67,I,S,O,S,U,S,S,S,S,S,S,S,S,O,O,O,S,S,S,S,S,3,20,15,4.0
68,L,S,U,U,U,U,S,S,S,S,S,S,S,U,U,U,S,S,S,S,S,2,20,13,3.076923076923077
69,K,U,U,U,U,U,U,U,U,U,U,U,S,U,U,U,U,U,U,U,U,2,20,19,2.1052631578947367
70,S,O,O,O,O,O,O,O,O,O,O,O,O,O,O,O,O,O,O,O,O,1,20,20,1.0
71,Y,O,O,O,O,O,O,O,O,O,O,U,O,O,O,U,O,O,O,O,O,2,20,18,2.2222222222222223
72,S,U,O,O,U,U,O,O,O,O,O,O,U,O,O,O,O,O,O,O,O,2,20,16,2.5
73,F,O,O,O,O,U,O,O,O,O,O,H,U,O,O,O,O,O,O,O,O,3,20,17,3.5294117647058822
74,S,O,U,O,O,O,O,O,O,O,O,H,O,U,O,O,O,O,O,O,O,3,20,17,3.5294117647058822
75,N,O,O,O,O,O,O,O,O,O,O,H,O,O,O,O,O,O,O,O,O,2,20,19,2.1052631578947367
76,F,U,U,O,U,O,U,U,U,U,U,U,U,U,U,U,U,U,U,U,U,2,20,18,2.2222222222222223
77,S,U,O,U,O,O,O,O,O,O,O,U,U,O,U,U,O,O,O,O,O,2,20,14,2.857142857142857
78,E,S,U,O,S,O,O,O,O,O,O,O,O,O,O,U,O,O,O,O,O,3,20,16,3.75
79,L,S,S,U,S,O,U,U,U,U,U,U,S,U,S,U,U,U,U,U,U,3,20,14,4.285714285714286
80,Q,S,S,O,S,U,U,U,U,U,U,O,O,U,S,U,U,U,U,U,U,3,20,13,4.615384615384615
81,W,S,S,S,S,S,S,S,S,S,S,S,S,S,S,S,S,S,S,S,S,1,20,20,1.0
82,L,S,S,S,S,S,S,S,S,S,S,S,S,S,S,S,S,S,S,S,S,1,20,20,1.0
83,D,S,S,S,S,S,S,S,S,S,S,S,S,S,S,S,S,S,S,S,S,1,20,20,1.0
84,L,S,S,S,U,U,U,U,U,U,U,S,S,U,S,S,U,U,U,U,U,2,20,13,3.076923076923077
85,S,S,U,S,O,U,O,O,O,O,O,S,U,U,S,S,O,O,O,O,O,3,20,11,5.454545454545454
86,R,S,O,S,O,O,O,O,O,O,O,S,O,O,O,O,O,O,O,O,O,2,20,17,2.3529411764705883
87,C,O,O,O,O,O,U,O,O,U,O,S,O,O,O,O,U,U,U,U,U,3,20,12,5.0
88,E,O,U,U,O,U,U,U,U,U,U,S,U,U,U,U,U,U,U,U,U,3,20,17,3.5294117647058822
89,I,U,U,U,U,U,U,U,U,U,U,S,U,U,U,U,U,U,U,U,U,2,20,19,2.1052631578947367
90,E,U,U,U,U,S,U,U,U,U,U,S,U,U,U,S,U,U,U,U,U,2,20,17,2.3529411764705883
91,T,S,U,S,U,S,S,S,S,S,S,S,S,U,U,U,S,S,S,S,S,2,20,15,2.6666666666666665
92,I,S,U,U,U,U,S,S,S,S,S,S,S,U,U,U,S,S,S,S,S,2,20,13,3.076923076923077
93,E,U,U,U,U,U,U,U,U,U,U,U,S,U,O,U,U,U,U,U,U,3,20,18,3.3333333333333335
94,D,O,O,O,O,O,O,O,O,O,O,O,O,O,U,O,O,O,O,O,O,2,20,19,2.1052631578947367
95,K,O,O,U,O,O,O,O,O,O,O,O,O,O,O,U,O,O,O,O,O,2,20,18,2.2222222222222223
96,A,O,U,O,O,O,O,O,O,O,O,O,U,U,O,O,O,O,O,O,O,2,20,17,2.3529411764705883
97,W,O,O,O,O,O,O,O,O,O,O,O,O,O,O,O,O,O,O,O,O,1,20,20,1.0
98,H,O,U,O,U,O,O,O,O,O,O,U,O,U,O,O,O,O,O,O,O,2,20,16,2.5
99,G,O,O,O,U,O,O,O,O,O,O,O,O,O,O,O,O,O,O,O,O,2,20,19,2.1052631578947367
100,L,U,U,U,U,U,U,U,U,U,U,U,U,U,U,U,U,U,U,U,U,1,20,20,1.0
101,H,O,O,O,O,U,O,O,O,O,O,O,O,O,O,O,O,O,O,O,O,2,20,19,2.1052631578947367
102,H,S,S,O,S,S,O,O,O,O,O,U,O,O,O,O,O,O,O,O,O,3,20,15,4.0
103,L,S,S,U,S,U,U,U,U,U,U,U,S,S,U,U,U,U,U,U,U,2,20,15,2.6666666666666665
104,S,S,S,U,S,U,U,U,U,U,U,U,U,U,U,U,U,U,U,U,U,2,20,17,2.3529411764705883
105,N,S,S,S,S,U,S,S,S,S,S,S,S,U,S,S,S,S,S,S,S,2,20,18,2.2222222222222223
106,L,S,S,S,S,S,S,S,S,S,S,S,S,S,S,S,S,S,S,S,S,1,20,20,1.0
107,I,S,S,S,S,S,S,S,S,S,S,S,S,S,S,S,S,S,S,S,S,1,20,20,1.0
108,L,S,S,S,S,S,U,U,U,U,U,S,S,S,S,S,U,U,U,U,U,2,20,10,4.0
109,T,S,S,S,U,S,O,O,O,O,O,U,S,S,U,U,O,O,O,O,O,3,20,10,6.0
110,G,O,O,O,O,O,O,O,O,O,O,O,S,O,O,O,O,O,O,O,O,2,20,19,2.1052631578947367
111,N,U,O,U,U,U,U,U,U,U,U,U,S,U,U,U,U,U,U,U,U,3,20,18,3.3333333333333335
112,P,U,U,U,U,S,U,U,U,U,U,U,U,U,U,U,U,U,U,U,U,2,20,19,2.1052631578947367
113,I,U,U,U,U,S,U,U,U,U,U,U,U,U,U,S,U,U,U,U,U,2,20,18,2.2222222222222223
114,Q,U,O,U,U,U,U,O,U,U,U,U,U,U,U,U,O,U,U,U,U,2,20,17,2.3529411764705883
115,S,O,U,U,U,U,S,U,S,S,S,O,U,O,U,U,U,U,U,U,U,3,20,13,4.615384615384615
116,F,U,U,U,U,U,S,U,S,S,S,U,U,U,U,U,U,U,U,U,U,2,20,16,2.5
117,S,U,U,U,U,U,U,U,U,U,U,U,U,U,S,U,U,U,U,U,U,2,20,19,2.1052631578947367
118,P,O,O,O,O,O,O,O,O,O,O,O,O,O,O,O,O,O,O,O,O,1,20,20,1.0
119,G,O,O,O,O,O,O,O,O,O,O,O,O,O,O,O,O,O,O,O,O,1,20,20,1.0
120,S,O,O,O,O,O,O,O,O,O,O,O,O,U,S,O,O,O,O,O,O,3,20,18,3.3333333333333335
121,F,O,O,O,O,O,O,O,O,O,O,O,O,O,O,U,O,O,O,O,O,2,20,19,2.1052631578947367
122,S,U,U,U,U,U,O,O,O,O,O,U,O,U,U,U,O,O,O,O,O,2,20,11,3.6363636363636362
123,G,O,O,O,O,O,O,O,O,O,O,O,O,U,O,O,O,O,O,O,O,2,20,19,2.1052631578947367
124,L,U,U,U,U,U,U,U,U,U,U,U,U,U,U,U,U,U,U,U,U,1,20,20,1.0
125,T,O,S,O,O,U,O,O,O,O,O,O,O,O,O,O,O,O,O,O,O,3,20,18,3.3333333333333335
126,S,S,O,U,O,S,O,O,O,O,O,O,O,O,O,O,O,O,O,O,O,3,20,17,3.5294117647058822
127,L,S,U,U,U,U,U,U,U,U,U,U,U,S,U,U,U,U,U,U,U,2,20,18,2.2222222222222223
128,E,S,U,U,U,O,U,U,U,U,U,U,U,U,U,U,U,U,U,U,U,3,20,18,3.3333333333333335
129,N,S,S,S,S,S,S,S,S,S,S,S,S,S,S,S,S,S,S,S,S,1,20,20,1.0
130,L,S,S,S,S,S,S,S,S,S,S,S,S,S,S,S,S,S,S,S,S,1,20,20,1.0
131,V,S,S,S,S,S,S,S,S,S,S,S,S,S,S,S,S,S,S,S,S,1,20,20,1.0
132,A,S,S,S,S,S,U,U,U,U,U,S,S,S,U,U,U,U,U,U,U,2,20,12,3.3333333333333335
133,V,S,S,S,O,S,O,O,U,O,U,O,S,S,O,O,O,O,O,O,O,3,20,12,5.0
134,E,O,O,O,O,O,O,O,O,O,O,U,S,O,O,O,O,O,O,O,O,3,20,18,3.3333333333333335
135,T,U,U,U,U,U,O,O,O,O,O,U,S,U,U,U,O,O,O,O,O,3,20,10,6.0
136,K,U,U,U,U,S,U,U,U,U,U,U,U,U,U,U,U,U,U,U,U,2,20,19,2.1052631578947367
137,L,U,U,U,U,S,U,U,U,U,U,U,U,U,U,U,U,U,U,U,U,2,20,19,2.1052631578947367
138,A,U,O,O,O,U,U,U,O,O,O,O,O,O,O,O,U,U,U,U,U,2,20,11,3.6363636363636362
139,S,O,U,U,U,U,U,U,U,U,U,U,U,U,U,U,U,U,U,U,U,2,20,19,2.1052631578947367
140,L,U,U,U,O,U,O,O,O,O,O,U,O,U,O,U,O,O,O,O,O,2,20,13,3.076923076923077
141,E,O,O,O,O,O,O,O,O,O,O,O,O,O,O,O,O,O,O,O,O,1,20,20,1.0
142,S,U,O,O,O,O,O,O,O,O,O,O,O,O,O,O,O,O,O,O,O,2,20,19,2.1052631578947367
143,F,U,U,U,O,U,U,U,U,U,U,U,U,U,U,U,U,U,U,U,U,2,20,19,2.1052631578947367
144,P,U,U,U,U,O,O,U,U,U,U,U,U,U,U,U,U,U,U,U,U,2,20,18,2.2222222222222223
145,I,U,H,U,U,O,U,U,U,U,U,H,U,U,H,U,U,U,U,U,U,3,20,16,3.75
146,G,O,H,U,O,O,O,O,O,O,O,H,O,O,H,O,O,O,O,O,O,3,20,16,3.75
147,Q,O,H,O,O,O,O,O,O,O,O,H,O,O,H,O,O,O,O,O,O,2,20,17,2.3529411764705883
148,L,O,H,U,U,U,U,U,U,U,U,U,U,U,U,U,U,U,U,U,U,3,20,18,3.3333333333333335
149,I,U,O,O,O,U,O,O,O,O,O,O,O,O,U,U,O,O,O,O,O,2,20,16,2.5
150,T,O,O,O,O,O,O,O,O,O,O,O,O,U,O,O,O,O,O,O,O,2,20,19,2.1052631578947367
151,L,S,U,U,U,U,U,U,U,U,U,U,U,U,U,U,U,U,U,U,U,2,20,19,2.1052631578947367
152,K,S,U,U,U,O,U,U,U,U,U,U,U,U,U,U,U,U,U,U,U,3,20,18,3.3333333333333335
153,K,S,S,O,S,S,S,S,S,S,S,S,S,S,S,S,S,S,S,S,S,2,20,19,2.1052631578947367
154,L,S,S,S,S,S,S,S,S,S,S,S,S,S,S,S,S,S,S,S,S,1,20,20,1.0
155,N,S,S,S,S,S,S,S,S,S,S,S,S,S,U,S,S,S,S,S,S,2,20,19,2.1052631578947367
156,V,S,S,S,S,S,U,U,U,U,U,S,S,S,U,S,U,U,U,U,U,2,20,11,3.6363636363636362
157,A,S,S,S,S,S,U,U,U,O,U,S,S,S,U,O,U,U,U,U,U,3,20,10,6.0
158,H,S,O,S,O,O,O,O,O,O,O,O,O,O,O,O,O,O,O,O,O,2,20,18,2.2222222222222223
159,N,S,U,S,U,U,O,O,O,O,O,U,O,O,U,U,O,O,O,O,O,3,20,12,5.0
160,F,U,U,U,U,U,U,U,U,U,U,U,U,U,U,U,U,U,U,U,U,1,20,20,1.0
161,I,U,U,U,U,U,U,U,U,U,U,U,U,U,U,U,U,U,U,U,U,1,20,20,1.0
162,H,U,U,O,U,U,U,U,U,U,U,U,U,O,U,O,U,U,U,U,U,2,20,17,2.3529411764705883
163,S,S,U,U,O,U,U,U,U,U,U,U,U,U,U,U,U,U,U,U,U,3,20,18,3.3333333333333335
164,C,O,U,U,O,U,U,U,U,U,U,U,U,U,U,O,U,U,U,U,U,2,20,17,2.3529411764705883
165,K,O,U,O,U,U,U,U,U,U,U,U,U,U,U,U,U,U,U,U,U,2,20,18,2.2222222222222223
166,L,U,U,U,O,U,U,U,U,U,U,U,U,U,U,U,U,U,U,U,U,2,20,19,2.1052631578947367
167,P,U,U,U,U,U,U,U,U,U,U,U,U,U,H,U,U,U,U,U,U,2,20,19,2.1052631578947367
168,A,O,O,O,O,O,H,H,H,H,H,O,H,H,H,H,H,H,H,H,H,2,20,14,2.857142857142857
169,Y,O,O,O,O,H,H,H,H,H,H,O,H,H,H,H,H,H,H,H,H,2,20,15,2.6666666666666665
170,F,O,O,O,U,H,H,H,H,H,H,O,H,H,H,H,H,H,H,H,H,3,20,15,4.0
171,S,O,O,O,U,H,H,H,H,H,H,O,H,H,O,H,H,H,H,H,H,3,20,14,4.285714285714286
172,N,O,O,O,U,H,H,H,H,H,H,O,O,H,O,H,H,H,H,H,H,3,20,13,4.615384615384615
173,L,U,U,U,U,U,U,U,U,U,U,U,U,U,U,O,U,U,U,U,U,2,20,19,2.1052631578947367
174,T,U,O,U,O,O,O,O,O,O,O,U,O,O,O,U,O,O,O,O,O,2,20,16,2.5
175,N,U,O,O,O,O,O,O,O,O,O,O,O,O,O,U,O,O,O,O,O,2,20,18,2.2222222222222223
176,L,U,U,U,U,U,U,U,U,U,U,U,U,U,U,U,U,U,U,U,U,1,20,20,1.0
177,V,U,U,S,U,U,U,U,U,U,U,U,U,U,U,O,U,U,U,U,U,3,20,18,3.3333333333333335
178,H,S,S,U,S,U,S,S,S,S,S,S,S,S,S,U,S,S,S,S,S,2,20,17,2.3529411764705883
179,V,S,S,S,S,S,S,S,S,S,S,S,S,S,S,S,S,S,S,S,S,1,20,20,1.0
180,D,S,S,S,S,S,S,S,S,S,S,S,S,S,U,S,S,S,S,S,S,2,20,19,2.1052631578947367
181,L,S,U,S,S,S,U,U,U,U,U,S,S,S,S,S,U,U,U,U,U,2,20,11,3.6363636363636362
182,S,S,O,S,S,S,O,O,O,U,O,S,S,S,U,U,U,U,U,U,U,3,20,8,7.5
183,Y,S,O,S,O,O,O,O,O,O,O,O,O,O,O,U,O,O,O,O,O,3,20,17,3.5294117647058822
184,N,S,O,S,U,O,O,O,O,O,O,O,O,U,O,O,O,O,O,O,O,3,20,16,3.75
185,Y,U,U,U,U,U,U,U,U,U,U,U,U,U,U,O,U,U,U,U,U,2,20,19,2.1052631578947367
186,I,U,U,U,U,U,U,U,U,U,U,U,U,U,U,U,U,U,U,U,U,1,20,20,1.0
187,Q,U,U,U,U,U,U,U,U,U,U,U,U,U,U,U,U,U,U,U,U,1,20,20,1.0
188,T,S,O,U,U,O,U,S,S,S,S,U,S,U,U,U,S,S,S,S,S,3,20,11,5.454545454545454
189,I,U,U,U,U,U,S,S,S,S,S,U,U,U,S,U,S,S,S,S,S,2,20,11,3.6363636363636362
190,T,U,U,U,U,U,U,U,U,U,U,U,U,U,U,U,U,U,U,U,U,1,20,20,1.0
191,V,H,O,O,O,O,O,O,O,H,O,O,H,O,O,H,O,O,O,O,O,2,20,16,2.5
192,N,H,O,U,O,O,O,O,O,H,O,O,H,O,O,H,O,O,O,O,O,3,20,15,4.0
193,D,H,O,U,O,O,O,O,O,H,O,O,H,O,O,H,O,O,O,O,O,3,20,15,4.0
194,L,H,O,O,O,O,O,O,O,H,O,O,H,O,O,H,O,O,O,O,O,2,20,16,2.5
195,Q,H,H,H,H,H,H,H,H,H,H,H,H,O,H,H,H,H,H,H,H,2,20,19,2.1052631578947367
196,F,O,H,H,H,H,H,H,H,H,H,H,H,H,H,O,H,H,H,H,H,2,20,18,2.2222222222222223
197,L,O,H,H,H,H,H,H,H,H,H,H,H,H,H,O,H,H,H,H,H,2,20,18,2.2222222222222223
198,R,O,O,H,H,H,H,O,O,O,O,H,H,H,H,O,H,H,H,H,H,2,20,13,3.076923076923077
199,E,O,O,O,O,H,O,O,O,O,O,O,O,H,O,O,H,H,H,H,H,2,20,13,3.076923076923077
200,N,O,U,O,U,O,U,O,O,O,O,U,U,O,U,O,U,U,U,U,U,2,20,11,3.6363636363636362
201,P,O,U,U,O,U,O,O,O,H,O,U,O,U,U,U,O,O,O,O,O,3,20,12,5.0
202,Q,O,O,O,O,O,O,O,O,H,O,O,O,O,O,U,O,O,O,O,O,3,20,18,3.3333333333333335
203,V,O,O,O,O,O,O,U,U,H,U,O,O,O,O,O,U,U,U,U,U,3,20,11,5.454545454545454
204,N,O,U,U,O,U,U,U,U,U,U,U,U,U,U,O,U,U,U,U,U,2,20,17,2.3529411764705883
205,L,U,U,U,U,U,S,S,S,S,S,U,U,U,U,U,U,U,U,U,U,2,20,15,2.6666666666666665
206,S,U,U,S,U,U,S,S,S,S,S,U,U,U,U,U,S,S,S,S,S,2,20,11,3.6363636363636362
207,L,U,U,U,U,U,S,S,S,S,S,U,U,U,U,U,S,S,S,S,S,2,20,10,4.0
208,D,U,S,U,U,U,S,S,S,S,S,U,S,S,U,U,S,S,S,S,S,2,20,13,3.076923076923077
209,M,S,U,U,U,U,U,U,U,U,U,S,S,S,U,U,U,U,U,U,U,2,20,16,2.5
210,S,U,U,U,S,U,O,O,O,O,O,U,S,S,S,S,O,O,O,O,O,3,20,10,6.0
211,L,U,U,U,U,U,O,O,O,O,O,U,S,S,U,U,O,O,O,O,O,3,20,10,6.0
212,N,U,U,U,O,U,U,U,U,O,U,U,U,S,U,O,U,U,U,U,U,3,20,16,3.75
213,P,O,O,O,O,U,U,U,U,U,U,O,O,O,U,U,U,U,U,U,U,2,20,13,3.076923076923077
214,I,O,O,O,O,O,U,U,U,U,U,O,S,S,O,O,U,U,U,U,U,3,20,10,6.0
215,D,U,U,U,O,O,U,U,U,U,U,U,U,U,O,U,U,U,U,U,U,2,20,17,2.3529411764705883
216,F,U,U,U,U,U,U,S,S,S,S,U,U,U,U,U,S,S,S,S,S,2,20,11,3.6363636363636362
217,I,U,U,U,U,U,S,S,S,S,S,U,U,U,U,U,S,S,S,S,S,2,20,10,4.0
218,Q,O,O,U,U,U,U,U,U,U,U,U,U,U,U,U,U,U,U,U,U,2,20,18,2.2222222222222223
219,D,O,O,U,O,O,O,O,O,O,O,O,S,O,S,O,O,O,O,O,O,3,20,17,3.5294117647058822
220,Q,U,U,U,U,U,O,O,O,O,O,U,U,U,U,U,O,O,O,O,O,2,20,10,4.0
221,A,U,U,U,U,U,O,O,O,O,O,U,U,U,U,U,O,O,O,O,O,2,20,10,4.0
222,F,U,U,U,S,U,O,O,O,O,O,U,U,U,U,U,O,O,O,O,O,3,20,10,6.0
223,Q,U,U,U,U,O,O,O,O,O,O,O,U,U,U,U,O,O,O,O,O,2,20,12,3.3333333333333335
224,G,O,U,O,O,O,O,O,O,O,O,O,U,O,O,O,O,O,O,O,O,2,20,18,2.2222222222222223
225,I,U,O,S,U,S,U,U,U,U,U,U,O,U,U,S,U,U,U,U,U,3,20,15,4.0
226,K,U,U,S,U,S,S,U,S,U,U,U,U,S,S,U,S,S,S,S,S,2,20,11,3.6363636363636362
227,L,U,U,S,U,S,S,S,S,S,S,U,U,S,U,U,S,S,S,S,S,2,20,13,3.076923076923077
228,H,O,U,S,U,O,S,S,S,S,S,O,O,U,O,O,S,S,S,S,S,3,20,11,5.454545454545454
229,E,U,S,S,U,U,S,S,S,S,S,U,S,O,U,S,S,S,S,S,S,3,20,14,4.285714285714286
230,L,U,S,S,U,U,S,S,S,S,S,U,S,U,S,S,S,S,S,S,S,2,20,15,2.6666666666666665
231,T,U,S,S,U,U,S,S,S,S,S,U,S,S,S,S,S,S,S,S,S,2,20,16,2.5
232,L,U,U,S,S,S,U,U,U,U,U,U,U,U,S,U,S,S,S,U,U,2,20,13,3.076923076923077
233,R,O,O,U,O,O,O,O,O,O,O,U,O,O,S,U,S,S,S,O,O,3,20,13,4.615384615384615
234,G,O,U,U,O,O,O,O,O,O,O,U,S,S,O,U,O,O,O,O,O,3,20,14,4.285714285714286
235,N,U,U,U,U,U,U,U,U,O,O,U,U,U,U,U,U,U,U,U,U,2,20,18,2.2222222222222223
236,F,U,U,U,U,U,U,U,U,U,U,O,U,U,U,U,U,U,U,U,U,2,20,19,2.1052631578947367
237,N,O,O,O,O,O,O,O,O,O,O,O,O,O,O,O,O,O,O,O,O,1,20,20,1.0
238,S,O,U,U,U,O,O,O,O,O,O,U,O,U,U,U,O,O,O,O,O,2,20,13,3.076923076923077
239,S,O,O,H,O,O,H,H,H,H,H,H,H,O,H,O,H,H,H,H,H,2,20,14,2.857142857142857
240,N,O,O,H,O,O,H,H,H,H,H,H,H,O,H,H,H,H,H,H,H,2,20,15,2.6666666666666665
241,I,O,O,H,O,O,H,H,H,H,H,H,H,O,H,H,H,H,H,H,H,2,20,15,2.6666666666666665
242,M,H,O,H,H,H,H,H,H,H,H,H,H,O,H,H,H,H,H,H,H,2,20,18,2.2222222222222223
243,K,H,O,H,H,H,H,H,H,H,H,H,H,O,H,H,H,H,H,H,H,2,20,18,2.2222222222222223
244,T,H,H,H,H,H,H,H,H,H,H,H,H,O,H,H,H,H,H,H,H,2,20,19,2.1052631578947367
245,C,H,H,H,H,H,H,H,H,H,H,H,H,O,H,H,H,H,H,H,H,2,20,19,2.1052631578947367
246,L,H,H,H,H,H,H,H,H,H,H,H,H,O,H,H,H,H,H,H,H,2,20,19,2.1052631578947367
247,Q,H,H,H,H,H,H,H,H,H,H,H,H,O,O,H,H,H,H,H,H,2,20,18,2.2222222222222223
248,N,H,O,H,H,O,O,O,O,O,O,H,H,O,O,H,O,O,O,O,O,2,20,14,2.857142857142857
249,L,U,U,H,S,O,O,O,O,O,O,U,O,O,O,O,O,O,O,O,O,4,20,15,5.333333333333333
250,A,U,U,O,O,O,U,O,O,O,O,U,U,U,O,U,O,O,O,O,O,2,20,13,3.076923076923077
251,G,O,U,O,O,O,O,O,O,O,O,U,O,O,O,O,O,O,O,O,O,2,20,18,2.2222222222222223
252,L,U,S,S,O,S,U,U,U,U,U,U,S,S,U,S,U,U,U,U,U,3,20,13,4.615384615384615
253,H,U,S,S,U,S,S,S,S,S,U,U,S,S,S,S,S,S,S,S,S,2,20,16,2.5
254,V,U,S,S,U,S,S,S,S,S,U,U,S,S,U,S,S,S,S,S,S,2,20,15,2.6666666666666665
255,H,U,O,S,U,O,S,S,S,S,S,U,U,O,O,O,S,S,S,S,S,3,20,11,5.454545454545454
256,R,U,S,S,U,U,S,S,S,S,S,U,U,U,U,S,S,S,S,S,S,2,20,13,3.076923076923077
257,L,U,S,S,U,U,S,S,S,S,S,U,U,U,S,S,S,S,S,S,S,2,20,14,2.857142857142857
258,I,U,S,S,U,S,S,S,S,S,S,U,U,U,S,S,S,S,S,S,S,2,20,15,2.6666666666666665
259,L,U,S,S,U,S,S,S,S,S,S,U,U,U,S,U,S,S,S,S,S,2,20,14,2.857142857142857
260,G,U,S,U,U,U,U,S,U,U,S,O,U,U,S,U,S,S,S,S,S,3,20,10,6.0
261,E,U,O,O,U,O,U,U,U,U,U,O,O,O,O,O,U,U,U,U,U,2,20,12,3.3333333333333335
262,F,U,U,U,U,O,O,S,S,U,S,O,O,O,U,U,U,U,U,S,U,3,20,11,5.454545454545454
263,K,U,U,U,O,U,H,O,O,H,O,U,O,U,U,U,O,O,O,O,O,3,20,10,6.0
264,D,O,O,O,O,U,H,O,O,H,O,O,H,O,O,O,O,O,O,O,O,3,20,16,3.75
265,E,O,O,S,O,O,H,O,O,H,O,O,H,O,U,O,O,O,O,O,U,4,20,14,5.714285714285714
266,R,U,U,S,U,U,U,S,S,H,S,U,H,U,U,U,U,U,U,S,U,3,20,13,4.615384615384615
267,N,U,U,U,O,U,U,U,U,U,U,U,H,O,O,O,U,U,U,U,U,3,20,15,4.0
268,L,O,O,O,O,U,S,U,U,U,S,O,H,O,O,U,U,U,U,U,U,4,20,10,8.0
269,E,O,O,O,O,O,O,U,U,U,S,O,H,O,H,O,O,O,O,O,O,4,20,14,5.714285714285714
270,I,O,U,U,O,O,U,S,S,U,S,U,H,O,H,O,U,U,U,U,O,4,20,9,8.88888888888889
271,F,O,O,O,U,U,U,U,U,U,U,O,O,O,H,O,U,U,U,S,S,4,20,10,8.0
272,E,O,O,O,O,U,U,U,U,U,U,U,O,U,U,O,U,U,U,U,U,2,20,14,2.857142857142857
273,P,O,O,O,O,U,O,O,O,O,O,O,O,U,O,O,H,H,H,H,H,3,20,13,4.615384615384615
274,S,O,O,O,U,H,O,O,O,O,O,O,O,O,O,O,H,H,H,H,H,3,20,13,4.615384615384615
275,I,O,H,O,U,H,O,H,H,O,H,O,O,H,U,O,H,H,H,H,H,3,20,11,5.454545454545454
276,M,O,H,O,O,H,O,H,H,O,H,O,H,H,U,O,H,H,H,H,H,3,20,12,5.0
277,E,O,H,U,O,H,H,H,H,O,H,H,H,H,U,H,H,H,H,H,H,3,20,15,4.0
278,G,O,H,H,O,H,H,H,H,O,H,H,H,H,O,H,H,H,H,H,H,2,20,16,2.5
279,L,O,H,H,U,H,H,H,H,H,H,H,H,H,O,H,H,H,H,H,H,3,20,17,3.5294117647058822
280,C,O,H,H,O,O,O,O,O,H,O,H,O,H,O,H,H,H,O,O,O,2,20,12,3.3333333333333335
281,D,O,O,O,O,O,O,O,O,H,O,H,O,O,O,O,H,H,O,O,O,2,20,16,2.5
282,V,O,S,O,U,O,O,U,O,O,O,O,S,S,U,O,O,O,O,U,U,3,20,12,5.0
283,T,U,S,S,U,U,S,S,S,S,U,U,S,S,U,S,S,S,S,S,S,2,20,14,2.857142857142857
284,I,U,S,S,U,U,U,S,S,U,S,U,S,S,U,S,S,S,S,S,S,2,20,13,3.076923076923077
285,D,O,O,U,U,O,O,S,S,O,S,U,U,O,O,O,S,S,S,S,S,3,20,8,7.5
286,E,S,S,S,S,S,S,S,S,S,S,S,S,S,S,S,S,S,S,S,S,1,20,20,1.0
287,F,S,S,S,S,S,S,S,S,S,S,S,S,S,U,S,S,S,S,S,S,2,20,19,2.1052631578947367
288,R,S,S,S,S,S,S,S,S,S,S,S,S,S,U,S,S,S,S,S,S,2,20,19,2.1052631578947367
289,L,S,S,S,S,U,S,S,S,S,S,S,S,S,U,U,S,S,S,S,S,2,20,17,2.3529411764705883
290,T,S,S,S,S,U,S,S,S,S,S,S,S,S,U,U,U,U,S,S,S,2,20,15,2.6666666666666665
291,Y,O,O,O,O,O,O,U,U,O,S,O,S,O,O,O,U,U,S,S,O,3,20,12,5.0
292,T,O,U,U,U,U,S,U,U,U,S,O,S,U,U,O,U,U,S,S,U,3,20,12,5.0
293,N,U,U,U,S,U,O,O,O,O,S,U,S,U,U,U,O,O,O,O,U,3,20,9,6.666666666666667
294,D,U,U,U,S,U,U,S,S,U,S,U,U,U,U,U,O,O,O,O,U,3,20,12,5.0
295,F,U,U,O,U,U,U,S,S,U,S,U,U,O,U,O,U,U,U,S,S,3,20,12,5.0
296,S,O,U,S,U,O,O,U,U,U,U,O,U,U,U,S,U,U,U,U,O,3,20,13,4.615384615384615
297,D,U,U,S,U,U,O,O,O,O,O,U,U,U,U,U,O,O,O,U,O,3,20,10,6.0
298,D,U,U,U,U,U,U,U,U,U,U,U,U,U,U,U,O,O,U,U,O,2,20,17,2.3529411764705883
299,I,O,O,O,O,O,H,H,H,H,H,O,O,O,O,O,H,H,H,H,S,3,20,10,6.0
300,V,O,O,U,U,U,H,H,H,H,H,O,O,O,O,O,H,H,H,H,S,4,20,9,8.88888888888889
301,K,O,O,U,O,U,H,H,H,H,H,U,U,O,U,U,H,H,H,H,U,3,20,9,6.666666666666667
302,F,O,O,O,O,O,H,H,H,H,H,U,O,O,O,O,U,U,H,H,U,3,20,9,6.666666666666667
303,H,O,U,U,O,O,H,O,O,O,H,U,U,O,U,O,H,H,H,H,H,3,20,8,7.5
304,C,O,O,O,O,O,H,O,O,O,H,O,O,O,O,O,H,H,H,H,H,2,20,13,3.076923076923077
305,L,U,U,U,U,U,H,U,U,U,H,U,U,U,U,U,H,H,H,H,H,2,20,13,3.076923076923077
306,A,U,U,U,O,U,O,O,O,O,O,O,O,O,O,O,O,O,O,O,O,2,20,16,2.5
307,N,O,U,O,U,U,O,O,O,O,O,O,O,U,O,U,O,O,O,O,O,2,20,15,2.6666666666666665
308,V,U,U,U,U,U,U,U,U,U,U,U,U,U,U,U,U,U,U,U,U,1,20,20,1.0
309,S,O,U,U,U,U,O,O,O,O,O,U,U,O,U,U,O,O,O,O,O,2,20,12,3.3333333333333335
310,A,S,S,S,S,S,S,S,S,S,S,S,S,S,S,S,S,S,S,S,S,1,20,20,1.0
311,M,S,S,S,S,S,S,S,S,S,S,S,S,S,S,S,S,S,S,S,S,1,20,20,1.0
312,S,S,S,S,S,S,S,S,S,S,S,S,S,S,S,S,S,S,S,S,S,1,20,20,1.0
313,L,S,S,S,S,U,S,S,S,S,S,S,S,S,S,S,S,S,S,S,S,2,20,19,2.1052631578947367
314,A,S,S,S,S,O,S,S,S,S,S,S,S,S,S,S,S,S,S,S,S,2,20,19,2.1052631578947367
315,G,O,O,O,O,O,O,O,O,O,S,O,S,O,S,O,O,O,S,S,O,2,20,15,2.6666666666666665
316,V,U,U,S,U,U,U,U,U,U,S,U,S,U,S,U,U,U,S,S,U,2,20,14,2.857142857142857
317,S,U,S,U,S,U,U,U,U,U,S,U,U,U,U,U,U,U,U,U,U,2,20,17,2.3529411764705883
318,I,U,S,U,S,U,U,S,S,U,S,U,U,U,U,U,U,U,U,U,U,2,20,15,2.6666666666666665
319,K,U,U,O,U,U,O,U,U,U,O,U,U,U,U,U,U,U,U,O,O,2,20,15,2.6666666666666665
320,Y,U,O,U,U,U,U,U,U,U,U,U,U,O,U,S,U,U,U,U,S,3,20,16,3.75
321,L,U,U,U,U,U,U,U,U,U,U,U,U,U,U,U,U,U,U,U,S,2,20,19,2.1052631578947367
322,E,U,U,U,O,U,O,U,O,U,S,U,U,U,U,U,U,U,U,U,U,3,20,16,3.75
323,D,U,U,U,U,O,O,U,O,O,S,U,U,U,U,O,U,U,U,U,U,3,20,14,4.285714285714286
324,V,U,U,U,U,U,U,U,U,U,S,U,U,U,U,U,U,U,U,U,S,2,20,18,2.2222222222222223
325,P,U,U,U,U,U,U,U,U,U,U,U,U,U,U,U,U,U,U,U,U,1,20,20,1.0
326,K,U,O,O,U,U,O,O,O,H,O,O,U,O,O,U,O,O,O,O,O,3,20,14,4.285714285714286
327,H,U,U,U,U,U,O,O,O,H,O,U,U,O,U,U,O,O,O,O,O,3,20,10,6.0
328,F,O,U,U,O,O,U,U,U,H,U,U,O,U,U,O,U,U,U,U,U,3,20,14,4.285714285714286
329,K,O,O,U,O,S,U,U,U,U,U,S,O,S,S,S,U,U,U,U,U,3,20,11,5.454545454545454
330,W,U,U,U,U,U,U,U,U,U,U,S,U,U,U,U,U,U,U,U,U,2,20,19,2.1052631578947367
331,Q,U,U,O,O,U,O,O,O,O,O,S,U,U,U,U,O,O,O,O,O,3,20,12,5.0
332,S,S,S,S,S,S,S,S,S,S,S,S,S,S,S,S,S,S,S,S,S,1,20,20,1.0
333,L,S,S,S,S,S,S,S,S,S,S,S,S,S,S,S,S,S,S,S,S,1,20,20,1.0
334,S,S,S,S,S,S,S,S,S,S,S,S,S,S,S,S,S,S,S,S,S,1,20,20,1.0
335,I,S,S,S,U,S,S,S,S,S,S,S,S,S,S,S,S,S,S,S,S,2,20,19,2.1052631578947367
336,I,S,O,U,U,U,S,S,S,S,S,S,U,U,S,S,S,S,S,S,S,3,20,14,4.285714285714286
337,R,U,O,O,O,O,O,O,O,O,O,O,O,O,S,O,O,O,O,O,O,3,20,18,3.3333333333333335
338,C,U,U,S,U,U,U,U,U,U,U,U,U,U,S,U,U,U,U,U,U,2,20,18,2.2222222222222223
339,Q,U,S,U,U,U,U,U,U,U,U,U,U,U,U,U,U,U,U,U,U,2,20,19,2.1052631578947367
340,L,U,S,U,U,U,U,U,U,U,U,U,U,U,U,U,U,U,U,U,U,2,20,19,2.1052631578947367
341,K,O,U,O,U,O,O,O,O,O,O,O,O,O,U,U,O,O,O,O,O,2,20,16,2.5
342,Q,U,O,U,U,U,O,O,O,O,O,U,U,U,U,U,O,O,O,O,O,2,20,11,3.6363636363636362
343,F,U,U,U,U,U,U,U,U,U,U,U,U,U,U,S,U,U,U,U,U,2,20,19,2.1052631578947367
344,P,U,U,U,U,U,U,U,U,U,U,U,U,U,U,S,U,U,U,U,U,2,20,19,2.1052631578947367
345,T,U,U,U,U,S,U,U,U,U,S,U,U,U,U,S,U,U,U,U,U,2,20,17,2.3529411764705883
346,L,U,U,U,U,U,U,U,U,U,S,U,U,U,U,U,U,U,U,U,S,2,20,18,2.2222222222222223
347,D,U,U,U,O,U,S,U,U,U,U,U,U,U,U,U,U,U,U,U,U,3,20,18,3.3333333333333335
348,L,U,U,U,U,U,U,U,U,U,U,U,U,U,U,U,U,U,U,U,U,1,20,20,1.0
349,P,O,O,O,U,O,O,O,O,O,O,U,O,O,U,O,O,O,O,O,O,2,20,17,2.3529411764705883
350,F,U,O,O,O,S,O,O,O,O,O,S,U,S,S,S,O,O,O,O,O,3,20,13,4.615384615384615
351,L,U,U,U,U,U,U,U,U,U,U,S,U,U,U,U,U,U,U,U,U,2,20,19,2.1052631578947367
352,K,O,U,U,U,U,U,U,U,U,O,S,U,U,U,U,U,U,U,U,U,3,20,17,3.5294117647058822
353,S,S,U,S,S,S,S,S,S,S,S,S,S,S,S,S,S,S,S,S,S,2,20,19,2.1052631578947367
354,L,S,S,S,S,S,S,S,S,S,S,S,S,S,S,S,S,S,S,S,S,1,20,20,1.0
355,T,S,S,S,S,S,S,S,S,S,S,S,S,S,S,S,S,S,S,S,S,1,20,20,1.0
356,L,S,S,S,S,S,U,U,U,U,U,S,S,S,S,S,S,S,S,S,S,2,20,15,2.6666666666666665
357,T,S,U,U,S,U,O,O,O,O,O,S,S,U,U,U,S,S,S,S,S,3,20,9,6.666666666666667
358,M,O,O,O,O,O,O,O,O,O,O,S,O,O,O,O,O,O,U,O,U,3,20,17,3.5294117647058822
359,N,U,U,U,U,U,U,U,U,U,U,O,U,U,U,U,U,U,U,U,U,2,20,19,2.1052631578947367
360,K,U,U,U,U,U,O,O,O,O,U,U,U,U,U,U,O,O,U,U,U,2,20,14,2.857142857142857
361,G,U,U,U,S,U,O,O,O,O,U,U,S,U,U,U,O,O,O,U,U,3,20,11,5.454545454545454
362,S,U,U,U,U,U,U,U,U,U,U,U,U,U,O,U,U,U,U,U,U,2,20,19,2.1052631578947367
363,I,U,U,S,U,U,U,U,U,U,U,U,U,U,U,U,U,U,U,U,S,2,20,18,2.2222222222222223
364,S,U,U,U,U,U,O,O,U,U,U,U,U,U,U,S,S,S,S,S,S,3,20,12,5.0
365,F,U,U,U,U,U,U,U,U,U,U,U,U,U,U,S,U,U,U,U,U,2,20,19,2.1052631578947367
366,K,U,U,U,U,U,U,U,O,U,U,U,U,U,U,S,U,U,U,U,U,3,20,18,3.3333333333333335
367,K,U,U,U,U,S,U,U,U,U,U,U,U,U,U,S,U,U,U,U,U,2,20,18,2.2222222222222223
368,V,U,U,U,U,U,U,U,U,U,U,U,U,U,U,U,U,U,U,U,U,1,20,20,1.0
369,A,O,O,O,O,U,S,U,U,U,U,O,O,O,O,O,U,U,U,U,U,3,20,10,6.0
370,L,U,U,U,U,U,U,U,U,U,U,U,U,U,U,U,U,U,U,U,U,1,20,20,1.0
371,P,U,U,U,O,U,O,O,O,O,O,U,U,U,U,U,O,O,O,O,O,2,20,11,3.6363636363636362
372,S,U,U,O,U,O,O,O,O,O,O,S,U,U,U,U,O,O,O,O,O,3,20,12,5.0
373,L,U,U,U,U,U,U,U,U,U,U,S,U,U,U,U,U,U,U,U,U,2,20,19,2.1052631578947367
374,S,U,U,U,U,U,U,U,U,U,U,S,U,U,O,U,U,U,U,U,U,3,20,18,3.3333333333333335
375,Y,S,S,S,S,U,S,S,S,S,S,S,S,S,S,S,S,S,S,S,S,2,20,19,2.1052631578947367
376,L,S,S,S,S,S,S,S,S,S,S,S,S,S,S,S,S,S,S,S,S,1,20,20,1.0
377,D,S,S,S,S,S,S,S,S,S,S,S,S,S,S,S,S,S,S,S,S,1,20,20,1.0
378,L,S,S,U,S,S,U,U,U,U,U,S,S,S,S,S,U,U,U,U,U,2,20,11,3.6363636363636362
379,S,S,O,O,S,S,O,O,O,O,O,O,S,U,S,U,U,U,O,O,O,3,20,11,5.454545454545454
380,R,O,O,O,O,O,O,O,O,O,O,O,O,O,O,O,O,O,O,O,O,1,20,20,1.0
381,N,U,U,U,U,U,O,O,U,U,O,U,U,U,O,O,O,O,O,O,O,2,20,10,4.0
382,A,U,U,O,S,U,U,U,U,U,U,U,S,O,U,U,U,U,U,U,U,3,20,16,3.75
383,L,O,U,S,O,O,U,U,U,U,U,U,U,U,U,O,U,U,U,U,S,3,20,14,4.285714285714286
384,S,U,U,U,U,U,S,S,S,S,S,U,U,U,U,U,S,S,S,S,S,2,20,10,4.0
385,F,U,O,U,U,U,S,S,S,S,S,O,U,O,O,O,S,S,S,S,S,3,20,10,6.0
386,S,O,O,U,O,U,O,S,O,O,O,U,U,O,O,O,S,S,S,S,S,3,20,10,6.0
387,G,O,O,O,O,O,O,O,O,O,O,O,O,U,O,O,S,S,S,S,S,3,20,14,4.285714285714286
388,C,O,O,O,O,O,O,O,O,O,O,O,S,O,O,O,S,S,S,S,S,2,20,14,2.857142857142857
389,C,O,O,O,O,O,O,O,O,O,O,O,O,O,O,O,U,U,U,U,U,2,20,15,2.6666666666666665
390,S,O,O,O,O,O,U,U,O,O,U,O,O,O,U,O,U,U,O,O,O,2,20,14,2.857142857142857
391,Y,O,U,O,O,O,O,H,O,O,H,O,S,U,O,U,H,H,H,H,H,4,20,9,8.88888888888889
392,S,O,U,O,U,O,O,H,O,O,H,O,O,O,O,O,H,H,H,H,H,3,20,11,5.454545454545454
393,D,O,U,O,O,U,O,H,U,H,H,U,O,O,O,U,H,H,H,H,H,3,20,8,7.5
394,L,U,U,U,U,U,O,H,O,H,H,U,U,U,U,U,H,H,H,H,H,3,20,10,6.0
395,G,U,O,U,U,U,U,U,O,H,U,U,U,O,U,U,O,O,U,U,U,3,20,14,4.285714285714286
396,T,U,O,U,U,O,U,U,U,U,U,O,U,U,O,O,U,U,U,U,U,2,20,15,2.6666666666666665
397,N,U,U,S,U,U,O,O,O,O,O,U,U,U,U,S,O,O,O,O,O,3,20,10,6.0
398,S,O,O,O,O,O,O,U,O,O,O,U,O,U,O,U,U,U,U,U,U,2,20,11,3.6363636363636362
399,L,S,S,U,S,U,U,U,U,U,U,S,S,S,S,S,U,U,U,U,U,2,20,12,3.3333333333333335
400,R,S,S,U,S,U,U,U,U,U,U,S,S,S,S,S,U,U,U,U,U,2,20,12,3.3333333333333335
401,H,S,S,U,S,S,S,S,S,S,S,S,S,S,S,S,S,S,S,S,S,2,20,19,2.1052631578947367
402,L,S,S,S,S,S,S,S,S,S,S,S,S,S,S,S,S,S,S,S,S,1,20,20,1.0
403,D,S,U,U,S,S,S,S,S,S,S,U,S,S,S,U,S,S,S,S,S,2,20,16,2.5
404,L,S,U,O,O,U,U,U,U,U,U,U,S,U,U,O,U,U,U,U,U,3,20,15,4.0
405,S,S,U,U,U,U,O,O,O,O,O,U,S,U,U,U,U,U,U,U,O,3,20,12,5.0
406,F,O,U,U,U,O,O,O,O,O,O,O,S,O,U,U,O,O,O,O,O,3,20,14,4.285714285714286
407,N,U,O,U,U,U,U,U,U,U,U,O,U,U,U,U,U,U,U,U,U,2,20,18,2.2222222222222223
408,G,U,U,U,U,U,O,O,O,O,O,U,U,U,U,U,O,O,O,O,O,2,20,10,4.0
409,A,U,U,O,U,U,S,S,S,S,S,U,U,U,U,U,S,S,S,S,S,3,20,10,6.0
410,I,U,U,U,U,U,S,S,S,S,S,U,O,U,U,U,S,S,S,S,S,3,20,10,6.0
411,I,U,U,O,U,U,S,S,U,S,U,U,U,U,U,U,S,S,S,S,S,3,20,11,5.454545454545454
412,M,U,U,U,U,U,U,U,U,U,U,U,U,U,U,U,S,S,S,S,S,2,20,15,2.6666666666666665
413,S,O,O,U,U,U,O,O,O,O,O,U,O,U,U,O,U,U,U,U,U,2,20,11,3.6363636363636362
414,A,O,O,S,O,O,O,O,O,O,O,H,O,O,H,O,O,O,O,O,O,3,20,17,3.5294117647058822
415,N,U,O,O,O,O,U,U,U,U,U,H,O,O,H,O,U,U,U,U,U,3,20,11,5.454545454545454
416,F,U,O,O,U,O,O,U,U,O,U,H,U,O,H,U,U,U,U,U,U,3,20,12,5.0
417,M,O,U,S,H,O,O,O,O,O,O,O,O,O,O,O,O,O,O,O,O,4,20,17,4.705882352941177
418,G,O,O,O,H,O,O,O,O,O,O,O,O,U,O,O,O,O,O,O,O,3,20,18,3.3333333333333335
419,L,O,U,O,H,U,U,U,U,U,U,O,U,O,O,O,U,U,U,U,U,3,20,13,4.615384615384615
420,E,U,U,O,O,U,O,O,O,O,O,O,O,O,O,O,O,O,O,O,O,2,20,17,2.3529411764705883
421,E,U,U,U,O,U,O,O,O,O,O,U,U,U,U,O,O,O,O,O,O,2,20,12,3.3333333333333335
422,L,U,U,S,U,U,U,U,U,U,U,U,U,U,U,S,U,U,U,U,U,2,20,18,2.2222222222222223
423,Q,U,U,U,U,U,U,U,U,U,U,U,U,U,U,U,U,U,U,U,U,1,20,20,1.0
424,H,S,S,U,S,U,S,S,S,S,S,S,S,U,S,U,S,S,S,S,S,2,20,16,2.5
425,L,S,U,S,S,S,S,S,S,S,S,S,S,U,S,S,S,S,S,S,S,2,20,18,2.2222222222222223
426,D,S,U,S,S,S,S,S,S,S,S,S,S,S,S,S,S,S,S,S,S,2,20,19,2.1052631578947367
427,F,S,U,S,S,S,U,U,U,U,U,S,S,S,S,S,U,U,U,U,U,2,20,11,3.6363636363636362
428,Q,S,U,S,U,S,O,O,O,O,O,U,S,S,U,S,O,O,O,O,O,3,20,10,6.0
429,H,S,O,O,O,O,O,O,O,O,O,O,S,O,O,S,O,O,O,O,O,2,20,17,2.3529411764705883
430,S,S,O,U,S,U,O,O,O,O,O,U,S,U,S,S,O,O,O,O,O,3,20,11,5.454545454545454
431,T,S,U,U,S,U,S,S,S,S,S,S,S,U,U,S,S,S,S,S,S,2,20,15,2.6666666666666665
432,L,S,U,U,O,U,S,U,S,S,U,S,S,S,U,S,S,S,S,S,S,3,20,13,4.615384615384615
433,K,U,U,U,U,U,S,U,U,S,U,U,U,U,U,U,S,S,S,S,S,2,20,13,3.076923076923077
434,R,O,O,H,H,O,U,U,U,U,U,O,O,H,O,H,O,O,S,O,O,4,20,10,8.0
435,V,H,H,H,H,O,U,U,U,U,U,O,O,H,O,H,O,O,U,O,O,3,20,8,7.5
436,T,H,H,H,H,O,U,U,U,U,U,O,H,H,H,H,O,O,U,O,O,3,20,8,7.5
437,E,H,H,H,H,O,O,O,O,O,O,O,H,H,H,H,O,O,O,O,O,2,20,12,3.3333333333333335
438,F,H,H,H,H,O,O,O,O,O,O,O,H,H,H,H,O,O,O,O,O,2,20,12,3.3333333333333335
439,S,H,H,H,H,H,U,U,U,U,U,O,H,H,H,H,O,O,U,O,O,3,20,9,6.666666666666667
440,A,H,H,H,H,H,O,O,O,O,O,O,H,H,O,H,O,O,O,O,O,2,20,12,3.3333333333333335
441,F,H,H,O,O,H,U,O,O,O,O,O,H,H,O,H,O,O,O,O,O,3,20,13,4.615384615384615
442,L,O,H,O,O,H,O,O,O,O,O,O,H,H,O,O,O,O,O,O,O,2,20,16,2.5
443,S,O,H,U,O,H,O,O,O,O,O,O,O,H,O,O,O,O,O,O,O,3,20,16,3.75
444,L,U,U,U,U,U,U,U,U,U,U,U,U,U,U,U,U,U,U,U,U,1,20,20,1.0
445,E,U,O,O,U,U,O,O,O,O,O,U,O,O,U,U,O,O,O,O,O,2,20,14,2.857142857142857
446,K,O,O,U,O,O,O,O,O,O,O,O,U,O,O,O,O,O,O,O,O,2,20,18,2.2222222222222223
447,L,U,U,U,U,U,U,U,U,U,U,U,U,U,U,U,U,U,U,U,U,1,20,20,1.0
448,L,U,U,O,U,U,U,U,U,U,U,U,U,U,U,U,U,U,U,U,U,2,20,19,2.1052631578947367
449,Y,U,U,U,U,U,S,S,S,S,S,U,S,S,S,U,S,S,S,S,S,2,20,13,3.076923076923077
450,L,U,U,S,U,S,S,S,S,S,S,S,S,S,S,S,S,S,S,S,S,2,20,17,2.3529411764705883
451,D,S,S,S,U,S,S,S,S,S,S,S,S,S,S,S,S,S,S,S,S,2,20,19,2.1052631578947367
452,I,U,U,S,U,S,U,U,U,U,U,U,S,S,S,S,U,U,U,U,U,2,20,14,2.857142857142857
453,S,O,O,S,U,S,O,O,O,O,O,U,S,S,S,S,O,O,O,O,O,3,20,12,5.0
454,Y,O,O,O,S,O,O,O,O,O,O,O,O,S,O,S,O,O,O,O,O,2,20,17,2.3529411764705883
455,T,U,U,U,S,U,O,O,O,O,O,U,U,S,S,S,O,O,O,O,O,3,20,10,6.0
456,N,S,U,S,S,U,U,U,U,U,U,S,U,U,U,S,U,U,U,U,U,2,20,15,2.6666666666666665
457,T,S,U,U,U,U,U,U,U,U,U,S,S,S,U,S,U,U,U,U,U,2,20,15,2.6666666666666665
458,K,U,O,U,U,U,S,S,S,U,U,U,U,U,U,U,S,S,S,S,S,3,20,11,5.454545454545454
459,I,U,U,U,U,U,U,U,U,U,U,O,O,O,U,U,S,S,S,S,S,3,20,12,5.0
460,D,U,U,U,U,U,U,U,U,U,U,U,U,U,U,U,U,U,U,U,U,1,20,20,1.0
461,F,U,U,U,U,U,O,U,U,U,U,U,U,U,U,U,U,U,U,U,U,2,20,19,2.1052631578947367
462,D,O,O,O,O,O,U,O,O,O,O,O,O,O,O,O,O,O,H,O,H,3,20,17,3.5294117647058822
463,G,O,O,O,O,O,U,O,O,U,O,O,O,O,U,U,O,O,H,O,H,3,20,14,4.285714285714286
464,I,O,U,U,U,U,O,O,O,O,O,O,O,U,O,U,O,O,H,O,H,3,20,12,5.0
465,F,O,O,O,O,O,O,O,O,O,O,O,O,O,O,U,O,O,H,O,H,3,20,17,3.5294117647058822
466,L,O,U,O,O,O,O,O,O,O,O,O,O,U,U,O,O,O,O,O,O,2,20,17,2.3529411764705883
467,G,O,O,O,O,U,O,O,O,O,O,O,O,O,O,O,O,O,O,O,O,2,20,19,2.1052631578947367
468,L,U,U,U,U,U,U,U,U,U,U,O,U,U,U,O,U,U,U,U,U,2,20,18,2.2222222222222223
469,T,O,O,O,O,O,O,O,O,O,O,U,O,U,O,O,O,O,O,O,O,2,20,18,2.2222222222222223
470,S,O,O,U,U,O,O,O,O,O,O,U,O,U,O,O,O,O,O,O,O,2,20,16,2.5
471,L,U,U,U,U,U,U,U,U,U,U,U,U,U,U,U,U,U,U,U,U,1,20,20,1.0
472,N,U,U,U,O,U,U,U,U,U,U,O,U,O,U,U,U,U,U,U,U,2,20,17,2.3529411764705883
473,T,U,U,O,U,U,S,S,S,S,S,U,U,S,S,U,S,S,S,S,S,3,20,12,5.0
474,L,S,U,S,U,S,S,S,S,S,S,U,U,S,S,U,S,S,S,S,S,2,20,15,2.6666666666666665
475,K,U,S,S,U,S,S,S,S,S,S,U,S,S,S,U,S,S,S,S,S,2,20,16,2.5
476,M,U,U,S,U,U,U,U,U,U,U,U,S,S,S,U,U,U,U,U,U,2,20,16,2.5
477,A,U,U,U,U,U,O,O,O,O,O,U,S,S,S,U,O,O,O,O,O,3,20,10,6.0
478,G,O,O,O,S,O,O,O,O,O,O,O,S,S,O,O,O,O,O,O,O,2,20,17,2.3529411764705883
479,N,U,U,U,U,U,U,U,U,U,U,U,U,U,U,U,U,U,U,U,U,1,20,20,1.0
480,S,U,U,S,U,U,S,S,S,U,U,U,U,U,U,U,S,S,S,S,S,2,20,11,3.6363636363636362
481,F,U,U,U,U,U,U,U,U,U,U,U,U,U,U,U,S,S,S,S,S,2,20,15,2.6666666666666665
482,K,U,O,U,O,O,O,S,O,O,O,O,U,O,O,O,H,H,H,H,H,4,20,11,7.2727272727272725
483,D,O,O,O,O,O,O,O,O,O,O,O,U,O,O,O,H,H,H,H,H,3,20,14,4.285714285714286
484,N,U,O,O,U,O,U,U,U,U,U,O,U,U,U,O,H,H,H,H,H,3,20,10,6.0
485,T,U,U,U,U,U,U,U,U,U,U,U,U,U,U,U,S,S,S,S,S,2,20,15,2.6666666666666665
486,L,U,U,U,U,U,U,U,U,U,U,U,U,U,U,U,S,S,S,S,S,2,20,15,2.6666666666666665
487,S,U,U,U,U,U,U,O,U,O,H,U,U,U,U,U,U,U,U,U,U,3,20,17,3.5294117647058822
488,N,O,O,O,O,O,O,O,H,O,H,O,U,O,O,O,O,O,O,O,O,3,20,17,3.5294117647058822
489,V,U,H,H,O,O,O,O,H,O,H,U,O,U,U,O,O,O,O,O,O,3,20,12,5.0
490,F,O,H,H,O,U,O,O,H,O,H,U,O,U,U,U,O,O,O,O,O,3,20,11,5.454545454545454
491,A,O,H,H,O,U,O,O,O,O,O,O,O,U,O,O,O,O,O,O,O,3,20,16,3.75
492,N,O,H,O,O,O,O,O,O,O,O,O,U,O,U,O,O,O,O,O,O,3,20,17,3.5294117647058822
493,T,U,O,O,O,O,U,U,U,U,U,U,U,O,U,O,U,U,U,U,U,2,20,14,2.857142857142857
494,T,O,U,U,U,U,O,O,O,O,O,U,U,O,H,O,O,O,O,O,O,3,20,13,4.615384615384615
495,N,O,U,U,U,U,O,O,O,O,O,U,S,O,H,O,O,O,O,O,O,4,20,13,6.153846153846154
496,L,O,U,U,O,U,U,U,U,U,U,U,S,U,H,O,U,U,U,U,U,4,20,15,5.333333333333333
497,T,O,O,U,O,O,U,U,U,U,U,O,S,O,S,H,O,O,O,U,O,4,20,10,8.0
498,F,O,O,S,U,O,S,S,S,S,S,O,S,O,O,H,S,S,S,S,S,4,20,12,6.666666666666667
499,L,O,O,U,O,O,S,S,S,S,S,U,U,O,O,H,S,S,S,S,S,4,20,10,8.0
500,D,O,O,U,O,O,S,S,S,S,S,O,U,O,O,H,S,S,S,S,S,4,20,10,8.0
501,L,O,S,O,O,U,U,U,U,U,U,O,U,U,O,O,U,U,U,U,U,3,20,13,4.615384615384615
502,S,O,S,O,O,U,O,O,O,O,O,O,U,O,O,O,O,O,O,O,O,3,20,17,3.5294117647058822
503,K,O,S,O,O,O,O,O,O,O,O,O,H,O,O,O,O,O,O,O,O,3,20,18,3.3333333333333335
504,C,O,U,O,O,O,O,O,O,O,O,O,H,O,O,O,O,O,O,O,O,3,20,18,3.3333333333333335
505,Q,O,U,U,U,O,U,U,U,U,U,O,H,U,U,U,U,U,U,U,U,3,20,16,3.75
506,L,U,U,U,U,U,U,S,U,U,U,U,H,U,U,U,U,U,U,U,U,3,20,18,3.3333333333333335
507,E,U,U,U,U,O,O,O,U,U,O,U,O,O,U,U,U,U,U,U,O,2,20,13,3.076923076923077
508,Q,O,O,O,O,O,U,U,U,U,U,O,O,O,O,O,S,S,S,S,S,3,20,10,6.0
509,I,U,U,U,U,U,U,U,U,U,U,U,U,U,U,U,S,S,S,S,S,2,20,15,2.6666666666666665
510,S,U,U,U,U,U,U,U,U,U,U,U,U,U,U,U,U,U,U,U,U,1,20,20,1.0
511,W,U,O,O,H,H,O,O,O,O,O,O,O,O,U,U,O,O,O,O,O,3,20,15,4.0
512,G,H,O,O,H,H,O,O,O,O,H,H,O,O,O,H,O,O,O,O,O,2,20,14,2.857142857142857
513,V,H,O,H,H,H,O,O,O,O,H,H,O,O,O,H,O,O,O,O,O,2,20,13,3.076923076923077
514,F,H,O,H,O,O,O,O,O,O,H,H,O,O,O,H,O,O,O,O,O,2,20,15,2.6666666666666665
515,D,H,O,H,O,O,O,O,O,O,O,H,O,O,O,O,O,O,O,O,O,2,20,17,2.3529411764705883
516,T,H,O,H,O,O,O,O,O,O,O,H,O,O,O,O,O,O,O,O,O,2,20,17,2.3529411764705883
517,L,U,U,U,U,U,U,U,U,U,U,U,U,U,U,U,U,U,U,U,U,1,20,20,1.0
518,H,U,U,O,U,O,O,O,O,O,O,O,U,U,O,U,O,O,O,O,O,2,20,14,2.857142857142857
519,R,S,U,S,U,U,O,O,O,O,O,U,O,U,O,S,O,O,O,O,O,3,20,12,5.0
520,L,S,U,U,U,U,U,U,U,U,U,U,U,U,U,U,U,U,U,U,U,2,20,19,2.1052631578947367
521,Q,O,O,U,U,O,U,U,U,U,U,O,O,O,U,O,U,U,U,U,U,2,20,13,3.076923076923077
522,L,U,U,S,S,S,S,S,S,S,S,U,S,U,O,S,S,S,S,S,S,3,20,15,4.0
523,L,S,U,S,S,S,S,S,S,S,S,U,S,U,U,S,S,S,S,S,S,2,20,16,2.5
524,N,S,S,S,S,S,S,S,S,S,S,U,S,U,S,S,S,S,S,S,S,2,20,18,2.2222222222222223
525,M,S,S,U,U,S,U,U,U,U,U,S,S,U,U,U,U,U,U,U,U,2,20,15,2.6666666666666665
526,S,S,S,O,U,O,O,O,U,U,O,S,S,U,U,U,U,U,U,U,U,3,20,11,5.454545454545454
527,H,O,S,O,O,O,O,O,O,O,O,O,O,O,O,O,O,O,O,O,O,2,20,19,2.1052631578947367
528,N,U,S,O,U,U,O,O,O,O,O,U,U,U,U,U,O,O,O,O,O,3,20,11,5.454545454545454
529,N,U,U,U,U,U,U,U,U,U,U,U,U,U,U,U,U,U,U,U,U,1,20,20,1.0
530,L,U,U,U,U,U,U,U,U,U,U,U,U,U,U,U,U,U,U,U,U,1,20,20,1.0
531,L,U,U,U,U,O,U,U,U,U,U,O,O,O,O,O,O,O,U,U,U,2,20,12,3.3333333333333335
532,F,O,U,U,U,U,S,S,S,S,S,U,O,O,O,O,S,S,S,S,S,3,20,10,6.0
533,L,U,U,U,U,U,U,U,U,U,U,U,U,U,O,U,S,S,S,S,S,3,20,14,4.285714285714286
534,D,U,U,U,U,U,U,U,U,U,U,U,U,U,O,U,S,S,S,S,S,3,20,14,4.285714285714286
535,S,U,H,U,U,U,H,H,H,H,H,U,U,U,O,U,H,H,H,H,H,3,20,11,5.454545454545454
536,S,U,H,U,U,U,H,H,H,H,H,U,U,U,U,U,H,H,H,H,H,2,20,11,3.6363636363636362
537,H,O,H,O,U,U,H,H,H,H,H,U,U,U,U,O,H,H,H,H,H,3,20,11,5.454545454545454
538,Y,U,H,U,U,U,H,H,H,H,H,O,O,U,U,O,H,H,H,H,H,3,20,11,5.454545454545454
539,N,O,O,O,O,O,O,O,O,O,H,O,O,O,O,O,O,O,O,O,O,2,20,19,2.1052631578947367
540,Q,O,O,O,O,O,O,O,O,O,O,O,O,O,O,O,O,O,O,O,O,1,20,20,1.0
541,L,O,U,O,U,U,U,U,U,U,U,O,O,U,U,U,U,U,U,U,U,2,20,16,2.5
542,Y,O,O,U,O,O,O,O,O,O,O,U,O,O,U,O,O,O,O,O,O,2,20,17,2.3529411764705883
543,S,S,U,S,O,O,O,O,O,O,O,U,O,O,U,S,O,O,O,O,O,3,20,14,4.285714285714286
544,L,S,U,U,U,U,U,U,U,U,U,U,U,U,U,U,U,U,U,U,U,2,20,19,2.1052631578947367
545,S,U,O,U,U,U,U,U,U,U,U,U,U,U,U,U,U,U,U,U,U,2,20,19,2.1052631578947367
546,T,S,S,S,S,S,S,S,S,S,S,U,S,S,S,S,S,S,S,S,S,2,20,19,2.1052631578947367
547,L,S,S,S,S,S,S,S,S,S,S,U,S,S,S,S,S,S,S,S,S,2,20,19,2.1052631578947367
548,D,S,S,S,S,S,S,S,S,S,S,U,S,S,S,S,S,S,S,S,S,2,20,19,2.1052631578947367
549,C,S,S,U,U,S,U,U,U,U,U,S,S,U,S,U,U,U,U,U,U,2,20,14,2.857142857142857
550,S,S,S,U,U,U,U,O,O,O,U,S,S,U,U,U,U,U,U,U,U,3,20,13,4.615384615384615
551,F,O,O,O,O,O,O,O,O,O,O,O,S,O,O,O,O,O,O,O,O,2,20,19,2.1052631578947367
552,N,U,U,O,U,O,O,O,O,O,O,U,S,O,U,U,O,O,O,O,O,3,20,13,4.615384615384615
553,R,S,U,U,U,U,U,U,U,U,U,U,U,O,O,U,U,U,U,U,U,3,20,17,3.5294117647058822
554,I,U,U,U,U,U,U,U,U,U,U,U,U,U,U,U,U,U,U,U,U,1,20,20,1.0
555,E,U,U,U,U,U,U,U,U,U,U,U,U,U,U,U,U,U,U,U,U,1,20,20,1.0
556,T,U,U,U,U,U,S,S,S,S,S,U,U,U,U,U,S,S,S,S,S,2,20,10,4.0
557,S,U,U,U,U,U,U,U,U,U,U,U,U,U,U,U,S,S,S,S,S,2,20,15,2.6666666666666665
558,K,U,U,U,U,U,U,U,O,O,U,U,U,S,U,U,S,S,S,S,S,3,20,12,5.0
559,G,O,O,O,H,O,O,H,O,O,O,O,O,O,O,O,O,O,O,O,O,2,20,18,2.2222222222222223
560,I,O,U,O,H,O,H,H,H,U,U,U,O,O,U,O,U,U,U,U,U,3,20,10,6.0
561,L,O,O,O,H,H,H,H,H,H,H,O,O,S,O,O,H,H,H,H,H,3,20,12,5.0
562,Q,O,O,O,H,H,H,H,H,H,H,O,O,O,O,O,H,H,H,H,H,2,20,12,3.3333333333333335
563,H,O,O,O,H,H,H,H,H,H,H,O,O,U,O,O,H,H,H,H,H,3,20,12,5.0
564,F,U,O,O,O,O,O,U,U,O,U,O,O,U,O,U,O,O,O,O,O,2,20,14,2.857142857142857
565,P,U,U,U,U,U,U,U,U,U,U,U,U,U,O,U,U,U,U,U,U,2,20,19,2.1052631578947367
566,K,O,O,O,O,O,O,O,O,O,O,O,O,O,O,O,O,O,O,O,O,1,20,20,1.0
567,S,O,U,S,O,O,O,O,O,O,U,O,O,O,O,O,O,O,O,O,O,3,20,17,3.5294117647058822
568,L,U,U,U,U,U,U,U,U,U,U,U,U,U,U,U,U,U,U,U,U,1,20,20,1.0
569,A,U,U,O,U,U,O,U,U,U,U,U,U,U,U,U,U,U,U,U,U,2,20,18,2.2222222222222223
570,F,S,S,S,S,S,S,S,S,S,S,U,S,S,S,S,S,S,S,S,S,2,20,19,2.1052631578947367
571,F,U,S,S,U,S,S,S,S,S,S,U,S,S,S,S,S,S,S,S,S,2,20,17,2.3529411764705883
572,N,U,S,S,U,S,S,S,S,S,S,U,S,S,S,S,S,S,S,S,S,2,20,17,2.3529411764705883
573,L,U,S,U,U,U,U,U,U,U,U,U,S,U,S,U,U,U,U,U,U,2,20,17,2.3529411764705883
574,T,U,S,U,U,O,O,O,O,O,O,U,S,U,U,U,U,U,U,U,U,3,20,12,5.0
575,N,O,O,O,O,O,O,O,O,O,O,S,S,O,O,O,O,O,O,O,O,2,20,18,2.2222222222222223
576,N,U,U,U,U,U,U,U,U,U,U,S,S,U,U,U,U,U,U,U,U,2,20,18,2.2222222222222223
577,S,S,U,U,U,U,S,S,S,S,S,U,U,U,U,U,U,U,U,U,U,2,20,14,2.857142857142857
578,V,U,U,U,S,U,U,U,S,S,S,U,U,U,U,U,U,U,U,U,U,2,20,16,2.5
579,A,U,U,U,U,U,U,U,U,U,U,U,U,U,U,U,S,S,S,S,S,2,20,15,2.6666666666666665
580,C,U,U,U,U,U,U,U,U,U,U,O,U,U,U,U,U,U,U,U,U,2,20,19,2.1052631578947367
581,I,O,O,O,O,O,O,O,U,U,O,O,O,O,O,O,O,O,O,O,O,2,20,18,2.2222222222222223
582,C,O,O,O,O,O,H,H,H,H,H,H,H,O,O,O,H,H,H,H,H,2,20,12,3.3333333333333335
583,E,O,O,O,O,O,H,H,H,H,H,H,H,O,O,O,H,H,H,H,H,2,20,12,3.3333333333333335
584,H,U,H,O,U,U,H,H,H,H,H,H,H,U,O,O,H,H,H,H,H,3,20,13,4.615384615384615
585,Q,H,H,H,O,O,H,H,H,H,H,H,H,H,H,H,H,H,H,H,H,2,20,18,2.2222222222222223
586,K,H,H,H,H,O,H,H,H,H,H,H,H,H,H,H,H,H,H,H,H,2,20,19,2.1052631578947367
587,F,H,H,H,H,O,H,H,H,H,H,H,H,H,H,H,H,H,H,H,H,2,20,19,2.1052631578947367
588,L,H,H,H,H,O,H,H,H,H,H,H,H,H,H,H,H,H,H,H,H,2,20,19,2.1052631578947367
589,Q,H,H,H,H,H,H,H,H,H,H,H,H,H,H,H,H,H,H,H,H,1,20,20,1.0
590,W,H,H,H,H,H,H,H,H,H,H,H,H,H,H,H,H,H,H,H,H,1,20,20,1.0
591,V,H,H,H,H,H,H,H,H,H,H,H,H,H,H,H,H,H,H,H,H,1,20,20,1.0
592,K,H,H,H,H,H,H,H,H,H,H,H,H,O,H,H,H,H,H,H,H,2,20,19,2.1052631578947367
593,E,H,H,H,H,H,H,H,H,H,H,H,H,O,H,O,H,H,H,H,H,2,20,18,2.2222222222222223
594,Q,O,O,O,O,H,O,O,O,O,O,O,H,O,H,O,O,O,O,O,O,2,20,17,2.3529411764705883
595,K,U,U,O,U,U,O,O,H,O,O,U,O,U,U,U,H,H,O,O,O,3,20,9,6.666666666666667
596,Q,O,O,O,H,O,O,O,H,O,O,H,O,O,O,H,H,H,O,O,O,2,20,14,2.857142857142857
597,F,O,O,O,H,O,O,O,H,O,O,H,O,O,O,H,H,H,O,O,O,2,20,14,2.857142857142857
598,L,O,O,U,H,O,S,S,S,S,S,H,U,O,U,H,S,S,S,S,S,4,20,10,8.0
599,V,U,U,U,U,U,O,O,O,O,O,O,U,O,O,U,O,O,O,O,O,2,20,13,3.076923076923077
600,N,U,U,U,U,U,U,U,U,O,U,U,U,U,U,U,O,O,O,O,O,2,20,14,2.857142857142857
601,V,O,U,O,U,U,H,H,H,H,H,U,U,U,U,U,H,H,H,H,H,3,20,10,6.0
602,E,O,O,O,O,O,H,H,H,H,H,O,O,O,O,O,H,H,H,H,H,2,20,10,4.0
603,Q,U,O,U,U,U,H,H,H,H,H,U,U,U,U,O,H,H,H,H,H,3,20,10,6.0
604,M,U,U,U,U,U,U,U,U,U,U,U,U,U,U,U,U,U,U,U,U,1,20,20,1.0
605,T,U,U,S,S,U,S,S,S,S,S,S,U,U,U,U,S,S,S,S,S,2,20,13,3.076923076923077
606,C,U,U,U,S,U,U,U,S,S,S,S,U,U,U,U,U,U,U,U,U,2,20,15,2.6666666666666665
607,A,U,U,U,U,U,U,U,U,U,U,U,O,U,U,O,U,U,U,U,U,2,20,18,2.2222222222222223
608,T,O,O,O,O,O,U,O,U,U,O,O,O,O,O,O,S,S,S,S,S,3,20,12,5.0
609,P,U,O,O,O,U,O,O,O,O,U,O,U,U,U,O,O,O,O,O,O,2,20,14,2.857142857142857
610,V,O,O,O,O,O,H,O,O,O,O,O,O,O,O,O,H,H,H,H,H,2,20,14,2.857142857142857
611,E,O,O,O,O,O,H,O,O,O,O,O,O,O,O,O,H,H,H,H,H,2,20,14,2.857142857142857
612,M,O,U,O,O,U,H,O,O,O,O,U,O,O,O,U,H,H,H,H,H,3,20,10,6.0
613,N,U,U,U,U,U,O,O,O,O,O,U,U,U,U,U,O,O,O,O,O,2,20,10,4.0
614,T,O,O,O,O,O,O,O,O,O,O,O,O,O,O,O,O,O,O,O,O,1,20,20,1.0
615,S,U,U,U,U,U,U,O,O,O,O,U,U,U,U,U,O,U,U,U,U,2,20,15,2.6666666666666665
616,L,U,U,S,S,U,S,S,S,S,S,U,U,U,U,U,S,S,S,S,S,2,20,12,3.3333333333333335
617,V,H,O,H,H,O,H,H,H,H,H,O,H,H,O,H,H,H,H,H,H,2,20,16,2.5
618,L,H,O,H,H,O,H,H,H,H,H,O,H,H,O,H,H,H,H,H,H,2,20,16,2.5
619,D,H,O,H,H,O,H,H,H,H,H,O,H,H,O,H,H,H,H,H,H,2,20,16,2.5
620,F,U,U,U,U,U,U,U,U,U,U,U,U,U,U,U,U,U,U,U,U,1,20,20,1.0
621,N,U,U,U,U,U,U,U,U,U,U,U,U,U,U,U,U,U,U,U,U,1,20,20,1.0
622,N,U,U,O,U,O,U,O,O,O,U,U,O,U,U,O,O,O,H,H,H,3,20,9,6.666666666666667
623,S,O,U,O,U,O,O,O,O,O,O,U,O,U,U,O,H,H,H,H,H,3,20,10,6.0
624,T,O,O,U,O,U,H,H,H,H,O,O,O,U,O,U,H,H,H,H,H,3,20,9,6.666666666666667
625,C,O,O,U,O,U,H,H,H,H,O,O,U,U,O,U,H,H,H,H,H,3,20,9,6.666666666666667
626,Y,U,O,U,U,U,H,H,H,H,O,U,U,O,U,O,H,H,H,H,H,3,20,9,6.666666666666667
627,M,U,U,H,U,U,H,H,H,H,U,U,U,U,U,U,H,H,H,H,H,2,20,10,4.0
628,Y,H,O,H,O,O,H,H,H,H,H,O,O,H,U,H,H,H,H,H,H,3,20,14,4.285714285714286
629,K,H,U,H,O,H,H,H,H,H,H,O,H,H,O,H,H,H,H,H,H,3,20,16,3.75
630,T,H,O,H,O,H,H,H,H,H,H,U,H,H,O,H,H,H,H,H,H,3,20,16,3.75
631,I,H,O,H,O,H,H,H,H,H,H,O,H,H,O,H,H,H,H,H,H,2,20,16,2.5
632,I,H,O,H,O,H,H,H,H,H,H,O,H,H,O,H,H,H,H,H,H,2,20,16,2.5
633,S,H,U,H,O,H,H,H,H,H,H,O,H,H,U,H,H,H,H,H,H,3,20,16,3.75
634,V,H,O,H,O,H,H,H,H,H,H,O,H,H,O,H,H,H,H,H,H,2,20,16,2.5
635,S,H,O,H,O,H,H,H,H,H,H,O,H,H,O,H,H,H,H,H,H,2,20,16,2.5
636,V,H,O,H,O,H,H,H,H,H,H,O,H,H,O,H,H,H,H,H,H,2,20,16,2.5
637,V,H,O,H,H,H,H,H,H,H,H,O,H,H,H,H,H,H,H,H,H,2,20,18,2.2222222222222223
638,S,H,O,H,H,H,H,H,H,H,H,H,H,H,H,H,H,H,H,H,H,2,20,19,2.1052631578947367
639,V,H,O,H,H,H,H,H,H,H,H,H,H,H,H,H,H,H,H,H,H,2,20,19,2.1052631578947367
640,I,H,O,H,H,H,H,H,H,H,H,H,H,H,H,H,H,H,H,H,H,2,20,19,2.1052631578947367
641,V,H,O,H,H,H,H,H,H,H,H,H,H,H,H,H,H,H,H,H,H,2,20,19,2.1052631578947367
642,V,H,H,H,H,H,H,H,H,H,H,H,H,H,H,H,H,H,H,H,H,1,20,20,1.0
643,S,O,H,H,H,H,H,H,H,H,H,H,O,H,H,H,H,H,H,H,H,2,20,18,2.2222222222222223
644,T,O,H,O,H,H,H,H,H,H,H,H,O,H,H,H,H,H,H,H,H,2,20,17,2.3529411764705883
645,V,O,H,U,H,H,H,H,H,H,H,H,U,H,H,H,H,H,H,H,H,3,20,17,3.5294117647058822
646,A,O,H,O,H,H,H,H,H,H,H,H,O,H,H,H,H,H,H,H,H,2,20,17,2.3529411764705883
647,F,O,H,O,H,H,H,H,H,H,H,H,O,H,H,H,H,H,H,H,H,2,20,17,2.3529411764705883
648,L,U,H,U,H,H,H,H,H,H,H,H,U,H,H,H,H,H,H,H,H,2,20,17,2.3529411764705883
649,I,O,H,O,H,H,H,H,H,H,H,H,U,H,H,H,H,H,H,H,H,3,20,17,3.5294117647058822
650,Y,O,H,U,H,H,H,H,H,H,H,H,U,U,H,O,H,H,H,H,H,3,20,15,4.0
651,H,O,H,O,H,U,H,H,H,H,H,H,O,U,H,U,H,H,H,H,H,3,20,14,4.285714285714286
652,F,O,H,O,H,O,H,H,H,H,H,H,O,U,H,O,H,H,H,H,H,3,20,14,4.285714285714286
653,Y,O,H,O,H,U,H,H,H,H,H,H,O,O,H,O,H,H,H,H,H,3,20,14,4.285714285714286
654,F,O,H,O,H,H,H,H,H,H,H,H,U,O,H,O,H,H,H,H,H,3,20,15,4.0
655,H,O,H,O,H,H,H,H,H,H,H,H,O,U,H,O,H,H,H,H,H,3,20,15,4.0
656,L,O,H,O,H,H,H,H,H,H,H,H,O,U,H,O,H,H,H,H,H,3,20,15,4.0
657,I,O,H,O,O,O,H,H,H,H,H,H,O,O,O,O,H,H,H,H,H,2,20,12,3.3333333333333335
658,L,O,O,O,O,O,H,H,H,H,H,O,O,O,U,O,H,H,O,H,H,3,20,10,6.0
659,I,U,U,U,U,O,H,H,H,H,H,U,U,U,U,O,H,H,O,H,H,3,20,9,6.666666666666667
660,A,U,U,U,U,O,H,H,H,H,O,U,U,U,U,U,H,H,O,H,H,3,20,9,6.666666666666667
661,G,U,U,U,U,O,O,H,O,O,O,U,U,U,U,U,O,H,U,H,H,3,20,10,6.0
662,C,U,U,U,U,U,O,H,U,O,U,U,U,H,U,O,U,H,U,H,H,3,20,12,5.0
663,K,O,O,H,O,H,U,H,O,O,O,O,O,H,O,O,U,O,U,O,O,3,20,13,4.615384615384615
664,K,O,O,H,O,H,U,H,H,U,H,O,O,H,O,O,U,U,U,O,O,3,20,9,6.666666666666667
665,Y,O,O,H,O,H,U,H,H,O,H,O,O,O,O,O,U,U,U,O,O,3,20,11,5.454545454545454
666,S,O,O,O,O,O,U,U,H,O,H,U,U,O,O,O,U,U,U,U,O,3,20,10,6.0
667,R,O,O,O,O,O,O,U,O,U,O,O,O,O,O,U,U,U,U,U,O,2,20,13,3.076923076923077
668,G,O,O,O,O,O,O,O,O,O,O,O,O,O,O,O,U,U,U,U,U,2,20,15,2.6666666666666665
669,E,U,U,U,U,U,O,O,U,O,U,O,U,U,U,U,U,U,U,U,U,2,20,16,2.5
670,S,U,U,U,U,U,U,U,U,U,U,U,U,U,U,U,U,U,U,U,U,1,20,20,1.0
671,I,O,U,O,O,U,O,U,U,U,U,U,U,U,U,O,O,O,O,U,U,2,20,12,3.3333333333333335
672,Y,U,S,U,U,S,S,S,S,S,S,S,U,U,U,O,S,S,S,S,S,3,20,13,4.615384615384615
673,D,O,S,O,O,S,S,S,S,S,S,O,O,O,O,U,S,S,S,S,S,3,20,12,5.0
674,A,S,S,S,S,S,S,S,S,S,S,U,S,S,U,U,S,S,S,S,S,2,20,17,2.3529411764705883
675,F,S,S,S,S,S,S,S,S,S,S,S,S,S,S,S,S,S,S,S,S,1,20,20,1.0
676,V,S,S,S,S,S,S,S,S,S,S,S,S,S,S,S,S,S,S,S,S,1,20,20,1.0
677,I,S,U,U,S,S,S,S,S,S,S,S,S,S,U,S,S,S,S,S,S,2,20,17,2.3529411764705883
678,Y,U,U,U,U,U,U,U,U,U,U,U,U,U,U,U,U,U,U,U,U,1,20,20,1.0
679,S,U,U,U,U,U,U,U,U,U,U,U,U,U,U,U,U,U,U,U,U,1,20,20,1.0
680,S,O,O,O,H,O,H,H,H,H,H,O,H,O,O,O,H,H,H,H,H,2,20,12,3.3333333333333335
681,Q,O,O,O,H,O,H,H,H,H,H,O,H,O,O,O,H,H,H,H,H,2,20,12,3.3333333333333335
682,N,O,O,O,H,U,H,H,H,H,H,O,H,O,O,O,H,H,H,H,H,3,20,12,5.0
683,E,O,H,U,H,U,H,H,H,H,H,U,H,H,U,H,H,H,H,H,H,3,20,15,4.0
684,D,O,H,H,H,O,H,H,H,H,H,O,H,H,O,H,H,H,H,H,H,2,20,16,2.5
685,W,O,H,H,H,O,H,H,H,H,H,O,H,H,O,H,H,H,H,H,H,2,20,16,2.5
686,V,H,H,H,O,O,H,H,H,H,H,O,H,H,O,H,H,H,H,H,H,2,20,16,2.5
687,R,H,O,H,O,O,H,H,H,H,H,O,H,H,O,H,H,H,H,H,H,2,20,15,2.6666666666666665
688,N,H,O,O,O,O,H,H,H,H,H,O,H,H,O,H,H,H,H,H,H,2,20,14,2.857142857142857
689,E,H,O,O,O,O,H,H,H,H,H,O,H,O,O,H,H,H,H,H,H,2,20,13,3.076923076923077
690,L,H,O,O,H,O,H,H,H,H,H,O,H,O,O,H,H,H,H,H,H,2,20,14,2.857142857142857
691,V,H,H,O,H,H,H,H,H,H,H,O,H,H,H,H,H,H,H,H,H,2,20,18,2.2222222222222223
692,K,H,H,O,H,H,H,H,H,H,H,O,H,H,H,H,H,H,H,H,H,2,20,18,2.2222222222222223
693,N,H,H,O,H,H,H,H,H,H,H,O,H,H,H,H,H,H,H,H,H,2,20,18,2.2222222222222223
694,L,H,H,O,H,H,H,H,H,H,H,O,H,H,H,H,H,H,H,H,H,2,20,18,2.2222222222222223
695,E,H,H,O,H,H,H,H,H,H,H,U,H,H,H,H,H,H,H,H,H,3,20,18,3.3333333333333335
696,E,O,H,O,H,H,H,O,O,O,O,O,H,O,H,O,O,O,O,O,O,2,20,14,2.857142857142857
697,G,O,O,O,O,O,O,O,O,O,O,O,O,O,O,O,O,O,O,O,O,1,20,20,1.0
698,V,U,U,U,U,U,O,O,O,O,O,U,U,U,O,U,O,O,O,O,O,2,20,11,3.6363636363636362
699,P,O,O,O,O,O,O,O,O,O,O,O,O,O,O,O,O,O,O,O,O,1,20,20,1.0
700,R,O,O,O,O,O,U,U,U,U,U,O,O,O,O,O,U,U,U,U,U,2,20,10,4.0
701,F,O,O,U,U,U,U,U,U,U,U,O,U,O,U,O,U,U,U,U,U,2,20,15,2.6666666666666665
702,H,U,U,U,U,U,U,U,U,U,U,U,U,U,U,U,U,U,U,U,U,1,20,20,1.0
703,L,S,S,S,S,S,S,S,S,S,S,U,S,S,U,U,S,S,S,S,S,2,20,17,2.3529411764705883
704,C,S,S,S,S,S,S,S,S,S,S,S,S,S,S,S,S,S,S,S,S,1,20,20,1.0
705,L,U,S,S,U,U,S,S,S,S,S,U,U,U,S,U,U,U,U,S,U,2,20,11,3.6363636363636362
706,H,O,O,O,O,O,O,O,O,O,O,O,O,O,O,O,H,O,H,H,O,2,20,17,2.3529411764705883
707,Y,O,O,O,O,O,O,O,O,O,O,O,O,O,O,O,H,O,H,H,O,2,20,17,2.3529411764705883
708,R,O,O,O,O,O,O,O,O,O,O,O,O,O,O,O,H,O,H,H,O,2,20,17,2.3529411764705883
709,D,O,O,O,O,O,O,O,O,O,O,O,O,O,O,O,H,O,H,H,O,2,20,17,2.3529411764705883
710,F,U,U,U,U,U,U,U,U,U,U,U,U,U,U,U,O,O,O,O,O,2,20,15,2.6666666666666665
711,I,U,U,U,U,U,U,U,U,U,U,U,U,U,U,U,U,U,U,U,U,1,20,20,1.0
712,P,O,O,O,O,O,O,O,O,O,O,O,O,O,O,U,O,O,O,O,O,2,20,19,2.1052631578947367
713,G,O,O,O,O,O,O,O,O,O,O,O,O,O,O,O,O,O,O,O,O,1,20,20,1.0
714,V,O,O,O,O,O,O,O,O,O,O,O,O,O,O,O,O,O,O,O,O,1,20,20,1.0
715,A,U,U,U,U,U,U,U,U,U,U,U,U,U,U,U,U,U,U,U,U,1,20,20,1.0
716,I,O,O,O,O,O,H,H,H,H,H,O,O,O,O,U,H,H,H,H,H,3,20,10,6.0
717,A,O,O,O,O,O,H,H,H,H,H,O,O,O,O,O,H,H,H,H,H,2,20,10,4.0
718,A,O,O,O,O,O,H,H,H,H,H,O,O,O,O,H,H,H,H,H,H,2,20,11,3.6363636363636362
719,N,H,H,H,O,H,H,H,H,H,H,O,H,H,H,H,H,H,H,H,H,2,20,18,2.2222222222222223
720,I,H,H,H,H,H,H,H,H,H,H,H,H,H,H,H,H,H,H,H,H,1,20,20,1.0
721,I,H,H,H,H,H,H,H,H,H,H,H,H,H,H,H,H,H,H,H,H,1,20,20,1.0
722,Q,H,H,H,H,H,H,H,H,H,H,H,H,H,H,H,H,H,H,H,H,1,20,20,1.0
723,E,H,H,H,H,H,H,H,H,H,H,H,H,H,H,H,H,H,H,H,H,1,20,20,1.0
724,G,H,H,H,H,H,H,H,H,H,H,H,H,H,H,H,H,H,H,H,H,1,20,20,1.0
725,F,H,H,H,H,H,H,H,H,H,H,O,H,H,H,H,H,H,H,H,H,2,20,19,2.1052631578947367
726,H,H,H,H,H,H,O,O,O,O,O,O,H,H,H,H,O,O,O,O,O,2,20,11,3.6363636363636362
727,K,H,H,H,H,H,O,O,O,O,O,O,H,H,H,H,O,O,O,O,O,2,20,11,3.6363636363636362
728,S,U,S,O,O,S,S,S,S,S,S,S,O,O,O,O,S,S,S,S,S,3,20,13,4.615384615384615
729,R,O,S,O,O,S,S,S,S,S,S,O,O,O,U,O,S,S,S,S,S,3,20,12,5.0
730,K,S,S,O,O,S,S,S,S,S,S,O,S,O,O,O,S,S,S,S,S,2,20,14,2.857142857142857
731,V,S,S,S,U,S,S,S,S,S,S,U,S,S,S,S,S,S,S,S,S,2,20,18,2.2222222222222223
732,I,S,S,S,S,S,S,S,S,S,S,S,S,S,S,S,S,S,S,S,S,1,20,20,1.0
733,V,S,S,S,S,S,S,S,S,S,S,S,S,S,S,S,S,S,S,S,S,1,20,20,1.0
734,V,U,S,S,S,S,S,S,S,S,S,S,S,S,S,S,S,S,S,S,S,2,20,19,2.1052631578947367
735,V,S,S,S,S,S,S,S,S,S,S,S,S,S,S,S,S,S,S,S,S,1,20,20,1.0
736,S,U,O,U,O,U,U,U,U,U,U,U,U,O,U,O,U,U,U,U,U,2,20,16,2.5
737,R,O,O,O,H,O,H,H,H,H,H,O,H,O,H,O,H,H,H,H,H,2,20,13,3.076923076923077
738,H,O,H,O,H,O,H,H,H,H,H,O,H,O,H,O,H,H,H,H,H,2,20,14,2.857142857142857
739,F,H,H,O,H,O,H,H,H,H,H,H,H,O,H,O,H,H,H,H,H,2,20,16,2.5
740,I,H,H,O,H,O,H,H,H,H,H,H,H,O,H,O,H,H,H,H,H,2,20,16,2.5
741,Q,H,H,O,H,O,H,O,O,O,O,H,H,O,H,O,H,H,H,H,H,2,20,12,3.3333333333333335
742,S,O,H,O,H,H,H,O,O,O,O,H,H,O,H,H,U,U,U,U,U,3,20,8,7.5
743,R,H,O,O,O,H,O,O,O,O,O,O,O,O,H,H,H,H,H,H,H,2,20,11,3.6363636363636362
744,W,H,O,H,O,H,H,H,H,H,H,H,H,O,H,H,H,H,H,H,H,2,20,17,2.3529411764705883
745,C,H,H,H,H,H,H,H,H,H,H,H,H,O,H,H,H,H,H,H,H,2,20,19,2.1052631578947367
746,I,H,H,H,H,H,H,H,H,H,H,H,H,O,H,H,H,H,H,H,H,2,20,19,2.1052631578947367
747,F,H,H,H,H,H,H,H,H,H,H,H,H,H,H,H,H,H,H,H,H,1,20,20,1.0
748,E,H,H,H,H,H,H,H,H,H,H,H,H,H,H,H,H,H,H,H,H,1,20,20,1.0
749,Y,H,H,H,H,H,H,H,H,H,H,H,H,H,H,H,H,H,H,H,H,1,20,20,1.0
750,E,H,H,H,H,H,H,H,H,H,H,H,H,H,H,H,H,H,H,H,H,1,20,20,1.0
751,I,H,H,H,H,H,H,H,H,H,H,O,H,H,H,H,H,H,H,H,H,2,20,19,2.1052631578947367
752,A,H,O,H,H,H,H,H,H,H,H,O,H,H,H,H,H,H,H,H,H,2,20,18,2.2222222222222223
753,Q,H,O,H,O,H,O,O,O,O,O,O,H,H,H,H,H,H,H,H,H,2,20,12,3.3333333333333335
754,T,O,O,O,O,O,U,U,U,U,O,U,O,O,U,O,H,H,H,H,H,3,20,9,6.666666666666667
755,W,U,U,O,U,U,H,H,O,H,U,U,U,U,U,U,H,H,H,H,H,3,20,10,6.0
756,Q,U,U,U,O,U,H,H,O,H,U,U,U,U,U,U,H,H,H,H,H,3,20,10,6.0
757,F,U,O,O,O,O,H,H,O,H,O,U,U,O,U,U,H,H,H,H,H,3,20,8,7.5
758,L,U,U,U,U,U,U,U,O,U,U,U,U,U,U,U,H,H,H,H,H,3,20,14,4.285714285714286
759,S,O,O,O,O,O,O,O,O,O,O,O,O,O,O,O,H,H,H,H,H,2,20,15,2.6666666666666665
760,S,O,O,O,O,O,O,O,O,O,O,O,O,O,O,O,O,O,O,O,O,1,20,20,1.0
761,R,O,O,U,U,O,U,U,U,U,U,U,U,U,U,U,U,U,U,U,O,2,20,16,2.5
762,S,O,O,O,O,O,O,O,O,O,O,O,O,O,O,O,U,U,U,U,U,2,20,15,2.6666666666666665
763,G,O,O,O,O,O,O,O,O,O,O,O,O,O,O,O,S,U,U,U,U,3,20,15,4.0
764,I,S,S,S,O,U,S,S,S,S,S,O,S,S,S,U,S,S,S,S,S,3,20,16,3.75
765,I,S,S,S,S,S,S,S,S,S,S,S,S,S,S,U,S,S,S,S,S,2,20,19,2.1052631578947367
766,F,U,S,S,S,S,S,S,S,S,S,S,S,S,S,S,S,S,S,S,S,2,20,19,2.1052631578947367
767,I,S,S,S,S,S,S,S,S,S,S,S,S,S,S,S,S,S,S,S,S,1,20,20,1.0
768,V,S,S,S,S,S,S,S,S,S,S,S,S,S,S,S,S,S,S,S,S,1,20,20,1.0
769,L,O,U,U,O,U,U,U,U,U,O,U,O,O,U,U,U,U,U,U,U,2,20,15,2.6666666666666665
770,E,O,O,O,O,O,O,O,O,O,O,O,O,O,O,O,O,O,O,O,O,1,20,20,1.0
771,K,U,U,U,U,U,U,U,U,U,U,U,U,U,U,U,U,U,U,U,U,1,20,20,1.0
772,V,U,U,U,U,U,U,U,U,U,U,U,U,U,U,U,U,U,U,U,U,1,20,20,1.0
773,E,U,U,U,U,U,U,U,U,U,U,U,U,U,U,U,U,U,U,U,U,1,20,20,1.0
774,K,H,H,O,O,O,H,H,H,H,H,O,H,O,O,O,H,H,H,H,H,2,20,13,3.076923076923077
775,S,H,H,O,O,O,H,H,H,H,H,O,H,O,O,H,H,H,H,H,H,2,20,14,2.857142857142857
776,L,H,H,O,O,O,H,H,H,H,H,O,H,O,O,H,H,H,H,H,H,2,20,14,2.857142857142857
777,L,U,U,U,U,U,H,O,H,O,H,U,U,U,U,H,H,H,H,H,H,3,20,9,6.666666666666667
778,R,U,U,U,U,U,O,O,O,O,O,U,U,U,U,U,O,O,H,O,O,3,20,10,6.0
779,Q,O,O,O,O,O,O,O,O,O,O,O,O,O,O,O,O,O,O,O,O,1,20,20,1.0
780,Q,U,U,U,U,U,U,U,U,U,U,U,U,U,U,U,O,O,O,O,O,2,20,15,2.6666666666666665
781,V,H,H,O,O,H,H,H,H,O,H,U,H,O,H,O,H,H,H,H,H,3,20,14,4.285714285714286
782,E,H,H,O,O,H,H,H,H,O,H,H,H,H,H,O,H,H,H,H,H,2,20,16,2.5
783,L,H,H,O,H,H,H,H,H,H,H,H,H,H,H,H,H,H,H,H,H,2,20,19,2.1052631578947367
784,Y,H,H,H,H,H,H,H,H,H,H,H,H,H,H,H,H,H,H,H,H,1,20,20,1.0
785,R,H,H,H,H,H,H,H,H,H,H,H,H,H,H,H,H,H,H,H,H,1,20,20,1.0
786,L,H,H,H,H,H,H,H,H,H,H,H,H,H,H,H,H,H,H,H,H,1,20,20,1.0
787,L,H,H,H,H,H,H,H,H,H,H,H,H,H,H,O,H,H,H,H,H,2,20,19,2.1052631578947367
788,S,H,H,O,O,H,H,O,H,H,H,H,H,H,H,O,O,O,H,H,H,2,20,14,2.857142857142857
789,R,O,O,O,O,O,O,O,O,O,O,H,H,H,O,O,O,O,H,H,H,2,20,14,2.857142857142857
790,N,U,U,O,U,U,O,O,O,O,O,U,O,O,O,O,O,O,O,O,O,2,20,15,2.6666666666666665
791,T,U,U,U,U,U,U,U,U,U,U,U,U,U,U,U,U,U,U,U,U,1,20,20,1.0
792,Y,U,U,S,S,S,S,S,S,S,S,U,S,S,S,S,U,O,U,U,U,3,20,12,5.0
793,L,S,S,S,S,S,S,S,S,S,S,S,S,S,S,S,S,S,S,S,S,1,20,20,1.0
794,E,U,U,S,U,U,S,S,S,S,S,U,S,S,S,S,S,S,S,S,S,2,20,15,2.6666666666666665
795,W,U,U,U,U,U,U,U,U,U,U,U,U,U,U,U,U,U,U,U,U,1,20,20,1.0
796,E,U,U,U,U,U,U,U,U,U,U,U,U,U,U,U,U,U,U,U,U,1,20,20,1.0
797,D,O,U,O,O,U,O,O,O,O,U,O,O,O,O,O,U,U,U,U,U,2,20,12,3.3333333333333335
798,N,O,O,O,O,O,O,O,O,O,O,U,O,U,O,O,O,O,O,O,O,2,20,18,2.2222222222222223
799,P,O,H,H,O,H,H,H,H,H,H,O,H,O,O,H,H,H,H,H,H,2,20,15,2.6666666666666665
800,L,O,H,H,O,H,H,H,H,H,H,O,H,O,O,H,H,H,H,H,H,2,20,15,2.6666666666666665
801,G,O,H,H,O,H,H,H,H,H,H,U,H,O,O,H,H,H,H,H,H,3,20,15,4.0
802,R,H,H,O,H,H,H,H,H,H,H,U,H,U,H,H,H,H,H,H,H,3,20,17,3.5294117647058822
803,H,H,H,H,H,H,H,H,H,H,H,H,H,H,H,O,H,H,H,H,H,2,20,19,2.1052631578947367
804,I,H,H,H,H,H,H,H,H,H,H,H,H,H,H,H,H,H,H,H,H,1,20,20,1.0
805,F,H,H,H,H,H,H,H,H,H,H,H,H,H,H,H,H,H,H,H,H,1,20,20,1.0
806,W,H,H,H,O,H,H,H,H,H,H,H,H,H,H,H,H,H,H,H,H,2,20,19,2.1052631578947367
807,R,H,H,H,O,H,H,H,H,H,H,H,H,H,H,H,H,H,H,H,H,2,20,19,2.1052631578947367
808,R,H,H,H,O,H,H,H,H,H,H,H,H,H,H,H,H,H,H,H,H,2,20,19,2.1052631578947367
809,L,H,H,H,O,H,H,H,H,H,H,H,H,H,H,H,H,H,H,H,H,2,20,19,2.1052631578947367
810,K,H,H,H,O,H,H,H,H,H,H,H,H,H,H,H,H,H,H,H,H,2,20,19,2.1052631578947367
811,N,O,H,H,O,H,H,H,H,H,H,H,H,H,H,H,H,H,H,H,H,2,20,18,2.2222222222222223
812,A,O,H,O,O,H,H,H,H,H,H,H,H,H,H,H,H,H,H,H,H,2,20,17,2.3529411764705883
813,L,O,H,O,O,O,H,H,H,H,H,H,H,H,H,H,H,H,H,H,H,2,20,16,2.5
814,L,O,O,O,O,O,O,H,H,H,H,H,H,O,H,H,H,H,H,H,H,2,20,13,3.076923076923077
815,D,U,U,O,O,O,O,O,H,O,H,O,O,O,O,O,O,O,O,O,O,3,20,16,3.75
816,G,U,U,U,U,U,U,O,O,U,O,U,U,U,U,U,O,O,O,O,O,2,20,12,3.3333333333333335
817,K,U,U,U,U,U,U,U,U,U,U,U,U,O,U,U,U,U,U,U,U,2,20,19,2.1052631578947367
818,A,U,U,U,U,U,U,U,U,U,U,U,U,O,U,U,U,U,U,U,U,2,20,19,2.1052631578947367
819,S,U,U,U,U,U,U,U,U,U,U,U,U,U,U,U,U,U,U,U,U,1,20,20,1.0
820,N,O,H,O,O,O,U,U,U,U,U,U,O,O,O,O,U,U,U,U,U,3,20,11,5.454545454545454
821,P,O,H,U,U,O,H,O,H,H,H,U,U,O,U,H,O,O,H,H,H,3,20,9,6.666666666666667
822,E,U,H,U,U,U,H,O,H,H,H,O,O,O,U,H,O,O,H,H,H,3,20,9,6.666666666666667
823,Q,H,H,H,H,O,H,U,H,H,H,H,O,O,U,H,O,O,H,H,H,3,20,13,4.615384615384615
824,T,H,H,H,H,U,H,O,H,H,H,H,U,O,O,H,O,O,H,H,H,3,20,13,4.615384615384615
825,A,H,H,H,H,U,H,O,O,H,H,H,U,O,H,H,O,O,H,H,H,3,20,13,4.615384615384615
826,E,H,H,H,H,O,H,U,O,H,H,H,O,O,H,H,O,O,H,H,H,3,20,13,4.615384615384615
827,E,H,H,H,O,O,H,H,O,O,H,H,O,O,H,H,O,O,H,H,H,2,20,12,3.3333333333333335
828,E,H,H,H,O,H,H,H,U,U,H,H,H,O,H,O,O,O,H,H,H,3,20,13,4.615384615384615
829,Q,H,H,H,U,H,H,H,H,U,H,H,H,O,H,O,O,O,H,H,H,3,20,14,4.285714285714286
830,E,O,H,H,O,H,H,U,H,O,H,H,H,O,H,U,O,O,H,H,H,3,20,12,5.0
831,T,O,H,H,O,O,H,O,H,O,H,H,H,O,H,O,O,O,O,H,H,2,20,10,4.0
832,A,O,H,O,U,O,H,O,H,O,H,H,U,U,O,O,O,O,O,O,O,3,20,12,5.0
833,T,U,H,U,U,O,U,U,O,O,H,U,O,O,O,U,U,O,O,O,O,3,20,10,6.0
834,W,U,H,U,U,O,U,U,O,U,H,U,U,U,O,U,U,U,U,U,U,3,20,15,4.0
835,T,U,U,U,U,U,U,U,U,U,U,U,U,U,U,U,U,U,U,U,U,1,20,20,1.0
